发震时刻,经度,纬度,深度（千米）,参考位置,震级
2026-05-06 23:17:34,96.010002,28.820000,10.00,西藏林芝市察隅县,4.3
2026-05-04 02:39:58,83.940002,41.340000,18.00,新疆阿克苏地区库车市,4.8
2026-05-04 00:19:01,122.760002,24.809999,80.00,台湾宜兰县海域,4.2
2026-05-03 18:00:37,88.190002,42.189999,20.00,新疆吐鲁番市托克逊县,4.7
2026-05-02 19:34:12,83.919998,41.279999,17.00,新疆阿克苏地区库车市,4.6
2026-05-02 09:14:53,83.930000,41.330002,22.00,新疆阿克苏地区库车市,4.1
2026-05-02 06:19:37,83.900002,41.230000,23.00,新疆阿克苏地区库车市,4.3
2026-05-02 06:17:55,83.919998,41.290001,18.00,新疆阿克苏地区库车市,4.5
2026-05-01 20:39:55,122.070000,24.879999,100.00,台湾宜兰县海域,5.4
2026-04-30 03:11:09,100.690002,28.400000,17.00,四川凉山州木里县,4.4
2026-04-29 15:20:07,83.889999,41.290001,20.00,新疆阿克苏地区库车市,4.3
2026-04-29 03:16:05,83.930000,41.290001,25.00,新疆阿克苏地区库车市,4.8
2026-04-28 07:05:00,83.919998,41.290001,23.00,新疆阿克苏地区库车市,4.6
2026-04-20 15:56:30,104.879997,29.680000,7.00,四川内江市资中县,4.5
2026-04-17 06:56:48,104.860001,29.650000,7.00,四川内江市资中县,4.0
2026-04-17 06:22:34,104.860001,29.650000,7.00,四川内江市资中县,4.4
2026-04-16 00:12:54,104.870003,29.670000,9.00,四川内江市资中县,4.2
2026-04-15 09:43:51,104.849998,29.670000,9.00,四川内江市资中县,4.1
2026-04-10 06:25:22,84.680000,42.450001,26.00,新疆巴音郭楞州和静县,4.5
2026-04-05 21:24:29,74.489998,39.619999,15.00,新疆克孜勒苏州乌恰县,4.5
2026-04-05 10:21:53,78.150002,40.119999,10.00,新疆阿克苏地区柯坪县,4.0
2026-04-05 01:14:56,121.730003,24.020000,10.00,台湾花莲县海域,5.0
2026-04-02 15:39:13,87.709999,43.209999,25.00,新疆吐鲁番市托克逊县,4.7
2026-03-25 22:53:15,116.760002,42.470001,12.00,内蒙古锡林郭勒盟多伦县,4.2
2026-03-20 21:32:42,121.519997,23.940001,15.00,台湾花莲县,4.1
2026-03-15 16:14:54,122.160004,24.309999,28.00,台湾宜兰县海域,4.6
2026-03-15 00:06:16,74.900002,38.080002,70.00,新疆喀什地区塔什库尔干县,4.0
2026-03-12 20:14:13,121.550003,23.780001,19.00,台湾花莲县,5.3
2026-03-07 09:52:36,84.150002,40.950001,34.00,新疆巴音郭楞州尉犁县,4.0
2026-03-07 05:44:48,86.410004,43.669998,18.00,新疆昌吉州呼图壁县,4.8
2026-03-05 08:15:44,86.410004,43.680000,15.00,新疆昌吉州呼图壁县,4.6
2026-03-03 19:52:49,120.449997,23.250000,13.00,台湾台南市,4.5
2026-02-25 11:15:51,97.709999,24.709999,10.00,云南德宏州盈江县,4.6
2026-02-24 12:37:14,121.809998,24.700001,8.00,台湾宜兰县,4.7
2026-02-23 12:12:07,84.169998,40.880001,15.00,新疆巴音郭楞州尉犁县,5.1
2026-02-22 09:29:34,90.980003,46.590000,10.00,新疆阿勒泰地区青河县,4.0
2026-02-20 14:28:42,111.769997,21.750000,11.00,广东阳江市阳西县,4.0
2026-02-19 17:09:12,80.639999,42.230000,10.00,新疆阿克苏地区温宿县,4.6
2026-02-17 23:05:14,100.820000,22.120001,10.00,云南西双版纳州景洪市,4.6
2026-02-13 06:46:41,83.389999,40.630001,23.00,新疆阿克苏地区沙雅县,4.3
2026-02-13 01:51:14,84.059998,40.880001,26.00,新疆阿克苏地区库车市,4.5
2026-02-13 01:40:16,84.080002,40.849998,19.00,新疆巴音郭楞州尉犁县,4.6
2026-01-26 14:56:00,103.250000,34.060001,10.00,甘肃甘南州迭部县,5.5
2026-01-19 19:32:03,103.410004,27.010000,10.00,云南昭通市巧家县,5.1
2026-01-18 16:47:45,121.889999,24.280001,25.00,台湾宜兰县海域,4.0
2026-01-15 07:18:16,95.110001,37.650002,10.00,青海海西州直辖区,4.3
2026-01-12 21:31:49,122.019997,24.660000,70.00,台湾宜兰县海域,4.2
2026-01-10 04:01:08,104.029999,27.170000,10.00,贵州毕节市威宁县,4.5
2026-01-07 03:17:13,74.930000,37.580002,10.00,新疆喀什地区塔什库尔干县,5.2
2026-01-04 16:30:08,84.980003,42.340000,23.00,新疆巴音郭楞州和静县,4.6
2026-01-02 03:26:55,118.339996,45.360001,10.00,内蒙古锡林郭勒盟东乌珠穆沁旗,4.5
2025-12-27 23:05:55,122.059998,24.670000,60.00,台湾宜兰县海域,6.6
2025-12-24 17:47:06,121.120003,22.860001,10.00,台湾台东县,5.8
2025-12-22 23:45:56,101.730003,21.410000,10.00,云南西双版纳州勐腊县,4.2
2025-12-22 20:31:18,114.389999,39.320000,8.00,山西大同市灵丘县,4.2
2025-12-22 05:16:44,78.769997,41.290001,25.00,新疆阿克苏地区乌什县,4.2
2025-12-18 19:32:49,121.830002,24.040001,25.00,台湾花莲县海域,4.1
2025-12-18 03:01:47,83.349998,41.070000,10.00,新疆阿克苏地区沙雅县,4.0
2025-12-11 19:59:23,88.650002,32.950001,10.00,西藏那曲市双湖县,5.0
2025-12-08 19:24:56,121.700000,23.780000,20.00,台湾花莲县海域,5.1
2025-12-04 15:44:06,78.400000,41.130000,10.00,新疆克孜勒苏州阿合奇县,6.0
2025-12-02 18:56:22,92.810000,31.830000,10.00,西藏那曲市比如县,4.9
2025-11-29 06:53:28,96.480000,36.750000,10.00,青海海西州都兰县,4.0
2025-11-20 02:45:38,89.390000,43.580000,20.00,新疆昌吉州奇台县,4.0
2025-11-17 03:56:06,76.930000,35.860000,10.00,新疆喀什地区塔什库尔干县,4.0
2025-11-10 13:00:49,120.620000,23.220000,12.00,台湾台南市,4.6
2025-11-06 09:02:21,75.600000,38.280000,96.00,新疆克孜勒苏州阿克陶县,4.2
2025-11-04 04:57:21,87.400000,28.430000,10.00,西藏日喀则市定日县,4.4
2025-10-30 23:40:00,83.480000,41.130000,13.00,新疆阿克苏地区沙雅县,4.0
2025-10-27 15:39:21,88.520000,41.770000,27.00,新疆吐鲁番市托克逊县,4.7
2025-10-26 23:02:56,99.650000,29.080000,15.00,四川甘孜州乡城县,4.7
2025-10-26 12:31:13,88.440000,41.710000,30.00,新疆吐鲁番市托克逊县,4.2
2025-10-25 19:45:22,131.100000,43.080000,560.00,吉林延边州珲春市,5.5
2025-10-24 02:19:20,77.390000,39.570000,40.00,新疆喀什地区伽师县,4.0
2025-10-23 20:28:06,120.760000,23.900000,28.00,台湾南投县,4.0
2025-10-18 10:04:13,122.110000,24.210000,20.00,台湾花莲县海域,4.6
2025-10-14 11:15:28,81.290000,41.810000,10.00,新疆阿克苏地区拜城县,4.0
2025-10-12 15:21:43,103.090000,30.480000,10.00,四川雅安市芦山县,4.7
2025-10-12 11:57:54,83.390000,41.170000,10.00,新疆阿克苏地区库车市,4.0
2025-10-11 11:18:13,103.460000,27.030000,10.00,云南昭通市鲁甸县,4.8
2025-10-10 21:21:11,103.440000,27.000000,10.00,云南昭通市鲁甸县,4.4
2025-10-09 13:17:38,99.860000,30.840000,10.00,四川甘孜州新龙县,5.4
2025-10-08 11:33:52,122.110000,23.470000,10.00,台湾花莲县海域,4.1
2025-10-08 07:52:13,121.590000,23.970000,10.00,台湾花莲县,4.5
2025-10-05 05:01:43,100.480000,23.770000,10.00,云南普洱市景谷县,4.1
2025-09-27 06:28:45,104.550000,34.870000,13.00,甘肃定西市漳县,4.3
2025-09-27 06:28:23,104.610000,34.870000,10.00,甘肃定西市陇西县,4.5
2025-09-27 05:49:57,104.580000,34.910000,10.00,甘肃定西市陇西县,5.6
2025-09-26 22:40:17,83.470000,41.070000,21.00,新疆阿克苏地区库车市,4.0
2025-09-22 03:20:15,120.940000,23.740000,20.00,台湾南投县,4.0
2025-09-20 16:51:20,119.260000,24.490000,10.00,台湾海峡,4.1
2025-09-20 06:56:44,119.240000,24.460000,10.00,台湾海峡,4.5
2025-09-15 16:42:09,104.030000,29.400000,10.00,四川乐山市犍为县,4.0
2025-09-13 05:42:08,87.050000,29.020000,15.00,西藏日喀则市定日县,4.5
2025-09-13 01:36:02,75.640000,36.990000,10.00,新疆喀什地区塔什库尔干县,4.0
2025-09-09 05:26:01,87.930000,34.040000,10.00,西藏那曲市双湖县,4.0
2025-09-08 13:50:47,122.390000,23.810000,15.00,台湾花莲县海域,4.2
2025-09-06 16:36:53,105.070000,32.410000,10.00,四川广元市青川县,4.0
2025-09-04 21:06:31,81.840000,41.860000,15.00,新疆阿克苏地区拜城县,4.0
2025-09-04 15:15:05,81.830000,41.840000,14.00,新疆阿克苏地区拜城县,4.1
2025-09-02 15:58:50,78.760000,40.750000,17.00,新疆阿克苏地区柯坪县,4.7
2025-08-27 21:11:00,121.840000,24.890000,110.00,台湾宜兰县,4.9
2025-08-27 04:16:09,88.380000,32.980000,10.00,西藏那曲市双湖县,4.5
2025-08-26 19:40:24,78.040000,36.190000,80.00,新疆和田地区皮山县,4.0
2025-08-26 08:03:58,87.770000,33.970000,10.00,西藏那曲市双湖县,4.7
2025-08-24 03:53:23,83.350000,44.010000,21.00,新疆博尔塔拉州精河县,4.0
2025-08-24 03:06:48,78.390000,41.100000,11.00,新疆克孜勒苏州阿合奇县,4.3
2025-08-22 14:06:15,120.510000,23.190000,22.00,台湾台南市,4.6
2025-08-21 16:37:46,120.520000,23.290000,16.00,台湾台南市,4.2
2025-08-19 09:26:07,121.780000,23.980000,24.00,台湾花莲县海域,4.3
2025-08-10 14:03:36,121.600000,23.730000,10.00,台湾花莲县,4.5
2025-08-07 15:45:05,123.000000,24.500000,80.00,台湾以东海域,5.4
2025-08-02 23:57:51,77.230000,40.490000,11.00,新疆克孜勒苏州阿图什市,4.0
2025-07-10 02:39:52,88.280000,43.000000,20.00,新疆吐鲁番市托克逊县,4.4
2025-07-08 03:57:07,121.410000,23.990000,5.00,台湾花莲县,4.1
2025-07-08 03:57:05,121.530000,23.850000,14.00,台湾花莲县,4.0
2025-07-07 20:01:28,121.810000,24.580000,60.00,台湾宜兰县,4.0
2025-07-07 20:01:26,121.730000,24.610000,30.00,台湾宜兰县,4.2
2025-07-06 22:34:22,83.400000,44.210000,10.00,新疆博尔塔拉州精河县,4.3
2025-06-27 12:25:56,98.980000,34.510000,5.00,青海果洛州玛沁县,4.1
2025-06-27 12:25:51,98.970000,34.520000,22.00,青海果洛州玛沁县,4.5
2025-06-25 15:17:52,104.820000,28.400000,5.00,四川宜宾市珙县,4.4
2025-06-25 15:17:51,104.830000,28.410000,10.00,四川宜宾市珙县,4.5
2025-06-24 02:00:57,121.430000,23.770000,21.00,台湾花莲县,4.0
2025-06-24 02:00:55,121.430000,23.780000,11.00,台湾花莲县,4.2
2025-06-23 18:48:50,113.170000,23.620000,10.00,广东清远市清城区,4.3
2025-06-23 18:48:49,113.150000,23.610000,16.33,广东清远市清城区,4.6
2025-06-20 04:18:37,119.830000,21.990000,13.00,台湾高雄市海域,4.0
2025-06-15 18:37:50,104.870000,28.300000,6.67,四川宜宾市珙县,4.7
2025-06-15 18:37:48,104.870000,28.260000,10.00,四川宜宾市珙县,4.8
2025-06-05 04:31:53,99.940000,26.300000,6.67,云南大理州洱源县,4.8
2025-06-05 04:31:51,100.030000,26.260000,10.00,云南大理州洱源县,5.0
2025-06-04 07:13:11,81.730000,33.470000,5.00,西藏阿里地区日土县,4.3
2025-06-04 07:13:07,81.790000,33.450000,10.00,西藏阿里地区日土县,4.0
2025-06-02 21:20:13,106.960000,24.480000,5.00,广西河池市凤山县,4.2
2025-06-02 21:20:12,106.910000,24.500000,10.00,广西河池市凤山县,4.1
2025-05-31 14:17:23,104.770000,28.470000,5.00,四川宜宾市长宁县,4.0
2025-05-20 02:03:15,88.220000,41.730000,6.67,新疆巴音郭楞州和硕县,4.5
2025-05-20 02:03:14,88.220000,41.740000,10.00,新疆巴音郭楞州和硕县,4.6
2025-05-19 01:30:30,90.380000,33.830000,10.00,青海海西州唐古拉地区,4.2
2025-05-16 09:00:10,98.270000,25.040000,6.67,云南保山市腾冲市,4.6
2025-05-16 09:00:07,98.130000,25.120000,10.00,云南德宏州盈江县,4.5
2025-05-12 05:11:24,87.510000,28.760000,5.00,西藏日喀则市定日县,4.8
2025-05-12 05:11:21,87.540000,28.910000,10.00,西藏日喀则市拉孜县,5.5
2025-05-06 16:08:37,74.210000,39.350000,5.00,新疆克孜勒苏州乌恰县,4.4
2025-05-05 18:53:27,121.940000,23.870000,15.00,台湾花莲县海域,5.7
2025-05-05 18:10:01,121.940000,23.890000,16.00,台湾花莲县海域,4.9
2025-05-04 14:45:44,82.350000,41.840000,5.50,新疆阿克苏地区拜城县,4.0
2025-04-29 16:17:23,81.930000,33.580000,10.00,西藏阿里地区日土县,4.8
2025-04-28 13:08:15,105.480000,32.730000,7.50,四川广元市青川县,4.0
2025-04-28 13:08:14,105.490000,32.760000,14.00,四川广元市青川县,4.1
2025-04-27 06:39:04,84.090000,40.900000,20.00,新疆巴音郭楞州尉犁县,4.0
2025-04-26 12:21:45,98.950000,30.870000,10.00,四川甘孜州白玉县,4.9
2025-04-24 00:08:59,100.000000,26.270000,10.00,云南大理州洱源县,4.8
2025-04-21 09:07:49,93.460000,32.560000,10.00,青海玉树州杂多县,4.6
2025-04-11 07:59:19,122.590000,23.980000,15.00,台湾花莲县海域,4.1
2025-04-09 09:53:27,121.660000,24.670000,33.00,台湾宜兰县,4.6
2025-04-03 11:46:58,120.270000,23.280000,20.00,台湾台南市,4.2
2025-03-29 18:50:06,103.420000,27.000000,10.00,云南曲靖市会泽县,4.4
2025-03-26 01:21:13,116.600000,39.420000,20.00,河北廊坊市永清县,4.2
2025-03-25 09:40:48,121.670000,23.960000,30.00,台湾花莲县海域,4.2
2025-03-24 19:21:37,105.180000,28.030000,8.00,四川泸州市叙永县,4.9
2025-03-24 12:38:30,93.740000,29.150000,10.00,西藏林芝市米林市,4.1
2025-03-13 13:09:37,121.550000,23.070000,15.00,台湾台东县海域,5.0
2025-03-08 16:50:15,87.510000,28.380000,10.00,西藏日喀则市定日县,4.7
2025-03-05 21:27:39,120.480000,23.160000,20.00,台湾台南市,4.5
2025-03-05 18:53:38,82.540000,42.000000,17.00,新疆阿克苏地区拜城县,4.5
2025-02-20 20:04:37,106.240000,38.440000,15.00,宁夏银川市金凤区,4.2
2025-02-08 00:46:59,120.570000,23.290000,10.00,台湾嘉义县,4.2
2025-02-05 07:42:33,83.740000,41.230000,10.00,新疆阿克苏地区库车市,5.0
2025-02-05 04:00:07,76.270000,38.390000,10.00,新疆克孜勒苏州阿克陶县,4.1
2025-01-30 15:16:17,120.520000,23.280000,10.00,台湾台南市,4.2
2025-01-30 10:11:55,120.570000,23.250000,10.00,台湾嘉义县,5.2
2025-01-28 13:05:40,89.770000,35.230000,10.00,西藏那曲市安多县,4.0
2025-01-27 17:33:36,87.420000,28.550000,10.00,西藏日喀则市定日县,4.1
2025-01-27 08:18:50,121.100000,22.750000,10.00,台湾台东县,4.7
2025-01-26 07:38:54,120.480000,23.170000,10.00,台湾台南市,5.1
2025-01-26 00:10:51,120.680000,22.800000,15.00,台湾屏东县,4.4
2025-01-25 19:49:17,120.460000,23.310000,11.00,台湾台南市,5.1
2025-01-25 16:23:26,104.040000,29.530000,10.00,四川乐山市井研县,4.1
2025-01-25 06:01:57,120.480000,23.200000,21.00,台湾台南市,4.3
2025-01-24 19:18:42,120.470000,23.180000,15.00,台湾台南市,4.8
2025-01-23 11:45:42,78.870000,36.940000,15.00,新疆和田地区皮山县,4.1
2025-01-23 05:50:19,104.890000,29.590000,10.00,四川内江市市中区,4.0
2025-01-22 19:55:43,121.530000,23.780000,11.00,台湾花莲县,4.0
2025-01-22 03:42:06,120.640000,23.320000,12.00,台湾嘉义县,4.1
2025-01-22 02:48:21,120.990000,21.180000,24.00,台湾屏东县海域,4.6
2025-01-21 08:14:16,87.540000,28.280000,10.00,西藏日喀则市定结县,4.1
2025-01-21 05:03:10,87.560000,28.200000,10.00,西藏日喀则市定结县,4.6
2025-01-21 04:05:59,120.520000,23.270000,17.00,台湾台南市,4.0
2025-01-21 01:42:32,120.520000,23.200000,14.00,台湾台南市,4.3
2025-01-21 00:29:23,120.500000,23.190000,15.00,台湾台南市,4.0
2025-01-21 00:26:24,120.450000,23.250000,15.00,台湾台南市,4.3
2025-01-21 00:17:27,120.510000,23.240000,14.00,台湾台南市,6.2
2025-01-20 21:59:54,104.880000,29.570000,10.00,四川内江市市中区,4.4
2025-01-20 07:51:56,83.980000,40.950000,18.00,新疆阿克苏地区库车市,4.1
2025-01-20 05:07:48,102.640000,33.120000,8.00,四川阿坝州红原县,4.9
2025-01-19 00:26:27,87.570000,28.360000,10.00,西藏日喀则市定结县,4.2
2025-01-18 23:36:51,87.570000,28.350000,10.00,西藏日喀则市定结县,4.6
2025-01-16 11:19:58,87.500000,28.470000,10.00,西藏日喀则市定日县,4.4
2025-01-13 23:44:42,87.500000,28.470000,10.00,西藏日喀则市定日县,4.2
2025-01-13 20:58:20,87.520000,28.450000,10.00,西藏日喀则市定日县,5.0
2025-01-13 20:57:41,87.460000,28.570000,5.00,西藏日喀则市定日县,4.8
2025-01-13 20:57:36,87.500000,28.420000,10.00,西藏日喀则市定日县,4.9
2025-01-12 20:12:27,121.620000,23.710000,10.50,中国台湾,4.0
2025-01-12 04:27:09,121.690000,23.770000,21.00,台湾花莲县海域,4.3
2025-01-11 01:48:47,79.010000,41.330000,10.00,新疆阿克苏地区乌什县,4.0
2025-01-10 20:31:25,111.230000,36.160000,20.00,山西临汾市尧都区,4.1
2025-01-09 08:34:19,88.520000,32.620000,10.00,西藏那曲市双湖县,4.0
2025-01-08 15:44:20,97.510000,34.790000,14.00,青海果洛州玛多县,5.5
2025-01-08 11:51:20,87.440000,28.420000,10.00,西藏日喀则市定日县,4.0
2025-01-07 10:14:25,87.170000,33.620000,10.00,西藏那曲市双湖县,4.6
2025-01-07 09:43:48,87.630000,28.220000,10.00,西藏日喀则市定结县,4.1
2025-01-07 09:37:12,87.670000,28.360000,10.00,西藏日喀则市定结县,4.2
2025-01-07 09:24:26,87.370000,28.350000,10.00,西藏日喀则市定日县,4.4
2025-01-07 09:05:16,87.450000,28.500000,10.00,西藏日喀则市定日县,6.8
2025-01-06 23:26:53,87.090000,33.420000,55.00,西藏那曲市尼玛县,4.6
2025-01-06 23:26:48,87.050000,33.400000,10.00,西藏那曲市尼玛县,4.6
2025-01-05 23:37:03,81.580000,41.770000,18.00,新疆阿克苏地区拜城县,4.1
2025-01-02 16:43:31,106.260000,38.410000,10.00,宁夏银川市金凤区,4.6
2025-01-02 12:40:51,81.270000,43.810000,20.00,新疆伊犁州察布查尔县,4.2
2025-01-02 12:40:50,81.200000,43.870000,5.50,新疆伊犁州察布查尔县,4.3
2025-01-02 10:01:17,106.220000,38.400000,10.00,宁夏银川市永宁县,4.8
2024-12-30 03:51:37,120.660000,23.540000,10.00,台湾嘉义县,4.4
2024-12-30 03:51:35,120.610000,23.620000,10.67,台湾云林县,4.4
2024-12-29 16:58:48,83.410000,41.150000,5.00,新疆阿克苏地区库车市,4.4
2024-12-29 16:58:47,83.430000,41.090000,15.00,新疆阿克苏地区库车市,4.3
2024-12-26 16:08:52,121.700000,24.050000,29.33,中国台湾,4.6
2024-12-26 16:08:50,121.900000,23.970000,31.00,台湾花莲县海域,4.8
2024-12-13 07:22:43,84.130000,40.930000,5.00,新疆巴音郭楞州尉犁县,4.4
2024-12-13 07:22:42,84.150000,40.910000,18.00,新疆巴音郭楞州尉犁县,4.2
2024-12-10 21:56:48,122.490000,24.850000,100.50,中国台湾地区,4.1
2024-12-10 21:56:47,122.510000,24.750000,95.00,台湾宜兰县海域,4.0
2024-12-08 06:07:49,94.920000,29.350000,30.00,西藏林芝市墨脱县,4.6
2024-12-07 15:48:29,122.160000,24.000000,7.00,台湾花莲县海域,4.3
2024-11-30 17:32:41,77.480000,40.150000,5.00,新疆克孜勒苏州阿图什市,4.2
2024-11-28 04:31:41,77.630000,40.460000,10.00,新疆克孜勒苏州阿图什市,4.6
2024-11-27 23:32:22,121.750000,23.950000,10.00,台湾花莲县海域,4.3
2024-11-25 16:39:05,76.020000,37.650000,100.00,新疆喀什地区塔什库尔干县,4.2
2024-11-24 07:53:29,119.560000,45.540000,5.00,内蒙古通辽市霍林郭勒市,4.3
2024-11-24 07:53:28,119.590000,45.520000,10.00,内蒙古通辽市霍林郭勒市,4.3
2024-11-22 20:40:18,120.230000,23.210000,15.00,台湾台南市,4.7
2024-11-18 15:06:24,92.250000,29.830000,10.00,西藏拉萨市墨竹工卡县,4.1
2024-11-18 15:02:00,92.080000,29.660000,5.00,西藏拉萨市墨竹工卡县,4.4
2024-11-18 15:01:56,92.260000,29.830000,10.00,西藏拉萨市墨竹工卡县,4.4
2024-11-14 10:38:15,121.700000,23.900000,15.00,台湾花莲县海域,4.5
2024-11-08 13:00:54,92.160000,29.710000,5.00,西藏拉萨市墨竹工卡县,4.0
2024-11-08 13:00:52,92.260000,29.810000,10.00,西藏拉萨市墨竹工卡县,4.0
2024-11-07 04:19:56,92.090000,29.640000,5.00,西藏拉萨市墨竹工卡县,4.5
2024-11-07 04:19:53,92.250000,29.850000,10.00,西藏拉萨市墨竹工卡县,4.5
2024-11-07 01:19:42,121.290000,23.900000,11.67,台湾花莲县,4.7
2024-11-07 01:19:39,121.610000,23.590000,20.00,台湾花莲县海域,4.5
2024-11-02 13:50:53,79.250000,41.680000,15.00,新疆阿克苏地区乌什县,4.2
2024-11-02 05:35:49,86.400000,33.720000,10.00,西藏那曲市尼玛县,4.2
2024-11-01 00:18:18,121.640000,23.520000,25.00,台湾花莲县海域,4.7
2024-11-01 00:18:17,121.610000,23.590000,20.33,中国台湾,5.0
2024-10-31 09:32:41,92.100000,29.710000,5.00,西藏拉萨市墨竹工卡县,4.2
2024-10-31 09:32:38,92.250000,29.830000,10.00,西藏拉萨市墨竹工卡县,4.1
2024-10-30 19:18:26,111.230000,40.530000,18.00,内蒙古呼和浩特市托克托县,4.1
2024-10-30 19:18:25,111.220000,40.560000,5.00,内蒙古呼和浩特市土默特左旗,4.2
2024-10-28 21:08:40,94.190000,27.780000,21.00,西藏山南市错那市,4.1
2024-10-28 21:08:31,94.260000,27.690000,10.00,西藏山南市错那市,4.0
2024-10-27 18:21:43,121.780000,23.970000,31.00,台湾花莲县海域,4.8
2024-10-27 14:56:57,120.400000,23.470000,52.50,台湾嘉义市,4.2
2024-10-27 14:56:55,120.420000,23.430000,10.00,台湾嘉义县,4.0
2024-10-27 14:19:12,120.480000,23.360000,18.00,台湾台南市,4.2
2024-10-26 16:35:59,83.930000,40.960000,20.00,新疆阿克苏地区库车市,5.8
2024-10-26 16:35:57,83.930000,40.980000,10.00,新疆阿克苏地区库车市,5.5
2024-10-24 05:11:24,90.320000,32.610000,22.50,西藏那曲市安多县,4.0
2024-10-24 05:11:18,90.280000,32.490000,10.00,西藏那曲市双湖县,4.0
2024-10-21 01:44:53,73.830000,39.420000,5.00,新疆克孜勒苏州阿克陶县,4.6
2024-10-17 06:23:03,78.640000,41.060000,5.00,新疆克孜勒苏州阿合奇县,5.7
2024-10-17 06:23:01,78.530000,41.110000,10.00,新疆克孜勒苏州阿合奇县,5.3
2024-10-16 23:38:55,83.250000,40.060000,37.50,新疆阿克苏地区沙雅县,4.0
2024-10-16 21:58:21,121.710000,24.030000,36.00,台湾花莲县海域,4.4
2024-10-16 19:43:52,84.160000,40.930000,5.00,新疆巴音郭楞州尉犁县,5.2
2024-10-16 19:43:50,84.170000,40.910000,17.00,新疆巴音郭楞州尉犁县,4.9
2024-10-14 21:17:16,121.850000,24.260000,38.50,中国台湾,4.0
2024-10-14 21:17:14,121.960000,24.180000,28.00,台湾花莲县海域,4.1
2024-10-14 15:02:38,97.900000,24.850000,5.00,云南德宏州盈江县,4.3
2024-10-13 19:36:31,121.510000,24.080000,10.00,台湾花莲县,4.1
2024-10-13 07:30:31,83.930000,40.950000,21.67,新疆阿克苏地区库车市,4.8
2024-10-13 07:30:28,83.950000,40.930000,17.00,新疆阿克苏地区库车市,4.5
2024-10-10 01:52:51,105.130000,28.120000,10.00,四川宜宾市兴文县,4.5
2024-10-02 19:08:08,84.130000,40.850000,5.00,新疆巴音郭楞州尉犁县,4.0
2024-10-02 16:18:13,84.150000,40.880000,5.00,新疆巴音郭楞州尉犁县,4.1
2024-09-26 23:02:22,84.140000,40.910000,18.00,新疆巴音郭楞州尉犁县,4.0
2024-09-23 19:20:21,84.010000,41.360000,15.00,新疆阿克苏地区库车市,4.2
2024-09-23 12:30:10,84.130000,40.910000,20.00,新疆巴音郭楞州尉犁县,4.3
2024-09-23 12:30:06,84.160000,40.860000,20.00,新疆巴音郭楞州尉犁县,4.0
2024-09-21 18:51:09,121.600000,24.300000,20.00,台湾花莲县,4.5
2024-09-18 23:09:51,122.470000,23.860000,10.00,台湾花莲县海域,4.2
2024-09-18 20:08:16,117.600000,31.980000,12.00,安徽合肥市肥东县,4.7
2024-09-17 16:33:03,88.260000,43.720000,32.00,新疆乌鲁木齐市达坂城区,4.6
2024-09-15 16:17:02,84.160000,40.880000,14.00,新疆巴音郭楞州尉犁县,4.6
2024-09-14 02:29:51,86.530000,31.400000,14.00,西藏那曲市尼玛县,4.7
2024-09-07 13:16:48,121.800000,23.880000,20.00,台湾花莲县海域,4.7
2024-09-02 16:26:24,121.730000,23.900000,20.00,台湾花莲县海域,5.0
2024-09-02 16:26:23,121.740000,23.910000,21.67,中国台湾,4.9
2024-09-01 02:21:41,121.790000,23.770000,29.00,中国台湾,4.2
2024-09-01 02:21:40,121.700000,23.870000,10.00,台湾花莲县海域,4.0
2024-08-29 04:14:52,121.740000,24.150000,25.00,台湾花莲县海域,4.0
2024-08-29 04:14:50,121.830000,24.090000,23.00,中国台湾,4.3
2024-08-22 07:38:02,83.940000,40.910000,16.67,新疆阿克苏地区库车市,5.5
2024-08-22 07:38:00,83.970000,40.920000,15.00,新疆阿克苏地区库车市,5.0
2024-08-22 05:14:39,78.780000,41.240000,7.50,新疆阿克苏地区乌什县,4.0
2024-08-20 23:04:37,101.020000,22.730000,8.33,云南普洱市思茅区,4.6
2024-08-20 23:04:36,101.030000,22.790000,10.00,云南普洱市思茅区,4.6
2024-08-17 21:10:11,121.990000,24.430000,7.50,中国台湾,4.3
2024-08-17 21:10:10,122.060000,24.410000,10.00,台湾宜兰县海域,4.2
2024-08-17 06:19:29,121.540000,23.840000,18.00,台湾花莲县,4.0
2024-08-16 07:35:55,121.670000,23.850000,13.00,中国台湾,6.1
2024-08-16 07:35:52,121.950000,23.740000,16.00,台湾花莲县海域,6.1
2024-08-15 17:33:05,121.780000,24.450000,9.00,台湾宜兰县,4.0
2024-08-15 17:06:47,121.880000,24.440000,24.67,中国台湾,5.4
2024-08-15 17:06:46,121.820000,24.460000,20.00,台湾宜兰县,5.4
2024-08-14 09:36:11,84.150000,40.870000,20.00,新疆巴音郭楞州尉犁县,4.3
2024-08-03 05:19:34,84.150000,40.850000,20.00,新疆巴音郭楞州尉犁县,4.0
2024-07-30 09:27:33,98.800000,29.500000,10.00,西藏昌都市芒康县,4.0
2024-07-27 19:21:50,120.890000,22.060000,16.50,台湾屏东县,4.7
2024-07-27 19:21:46,121.220000,21.860000,28.00,台湾屏东县海域,4.5
2024-07-26 10:23:55,121.840000,24.110000,19.00,中国台湾,4.2
2024-07-26 10:23:53,122.320000,24.110000,10.00,台湾花莲县海域,4.2
2024-07-24 16:39:33,84.120000,40.880000,5.00,新疆巴音郭楞州尉犁县,4.4
2024-07-24 16:39:32,84.100000,40.850000,25.00,新疆巴音郭楞州尉犁县,4.2
2024-07-24 11:31:21,76.580000,40.170000,17.00,新疆克孜勒苏州阿图什市,4.3
2024-07-24 07:55:03,104.820000,26.240000,6.67,贵州六盘水市水城区,4.5
2024-07-24 07:55:02,104.740000,26.270000,10.00,贵州六盘水市水城区,4.6
2024-07-21 02:10:08,84.790000,43.400000,6.67,新疆巴音郭楞州和静县,4.8
2024-07-21 02:10:06,84.790000,43.380000,14.00,新疆巴音郭楞州和静县,4.7
2024-07-20 22:18:59,84.120000,40.890000,20.00,新疆巴音郭楞州尉犁县,5.0
2024-07-20 22:18:56,84.130000,40.900000,14.00,新疆巴音郭楞州尉犁县,4.8
2024-07-20 09:57:00,84.120000,40.840000,27.50,新疆巴音郭楞州尉犁县,4.6
2024-07-20 09:56:58,84.110000,40.840000,18.00,新疆巴音郭楞州尉犁县,4.5
2024-07-19 14:22:04,98.160000,24.190000,5.00,云南德宏州芒市,4.0
2024-07-19 14:22:02,98.120000,24.290000,14.00,云南德宏州芒市,4.0
2024-07-05 06:04:29,84.100000,40.890000,27.50,新疆巴音郭楞州尉犁县,5.0
2024-07-05 06:04:27,84.150000,40.860000,20.00,新疆巴音郭楞州尉犁县,4.8
2024-06-26 16:36:14,100.870000,26.810000,5.00,云南丽江市永胜县,4.3
2024-06-26 16:36:12,100.850000,26.780000,15.00,云南丽江市永胜县,4.4
2024-06-26 16:19:07,100.840000,26.820000,5.00,云南丽江市宁蒗县,4.4
2024-06-26 16:19:06,100.840000,26.780000,15.00,云南丽江市永胜县,4.5
2024-06-24 13:36:10,84.100000,40.950000,18.00,新疆巴音郭楞州尉犁县,4.9
2024-06-23 22:27:09,121.710000,23.840000,19.00,台湾花莲县海域,4.9
2024-06-23 20:42:48,86.260000,33.920000,10.00,西藏阿里地区改则县,4.2
2024-06-23 20:40:17,86.250000,33.990000,10.00,西藏那曲市尼玛县,4.6
2024-06-20 19:36:08,77.680000,40.210000,10.00,新疆克孜勒苏州阿图什市,4.8
2024-06-20 00:59:24,84.190000,40.810000,18.00,新疆巴音郭楞州尉犁县,4.1
2024-06-18 11:46:57,121.900000,24.130000,19.00,台湾花莲县海域,4.0
2024-06-16 13:39:00,75.270000,39.080000,27.00,新疆克孜勒苏州阿克陶县,4.2
2024-06-15 07:24:16,86.470000,34.090000,10.00,西藏那曲市尼玛县,4.2
2024-06-12 11:48:15,97.460000,33.610000,10.00,四川甘孜州石渠县,4.7
2024-06-12 05:51:32,121.670000,23.810000,20.00,台湾花莲县海域,4.2
2024-06-11 01:35:24,84.150000,40.890000,20.00,新疆巴音郭楞州尉犁县,5.0
2024-06-10 00:01:16,86.550000,34.260000,10.00,西藏那曲市尼玛县,4.0
2024-06-09 11:43:45,119.310000,46.580000,20.00,内蒙古锡林郭勒盟东乌珠穆沁旗,4.0
2024-06-07 20:23:03,101.270000,32.120000,11.00,四川阿坝州壤塘县,4.2
2024-06-02 09:27:27,121.440000,23.880000,14.00,台湾花莲县,4.0
2024-06-02 09:27:24,121.670000,23.750000,10.00,台湾花莲县海域,4.1
2024-06-01 08:46:40,86.390000,34.170000,5.00,西藏那曲市尼玛县,5.8
2024-06-01 08:46:37,86.360000,34.140000,8.00,西藏那曲市尼玛县,5.9
2024-06-01 08:32:39,122.020000,24.360000,11.00,中国台湾地区,4.2
2024-06-01 08:32:38,122.080000,24.350000,10.00,台湾宜兰县海域,4.2
2024-06-01 01:10:59,121.590000,24.010000,10.00,台湾花莲县,5.2
2024-06-01 01:10:58,121.610000,24.080000,15.00,台湾花莲县,4.9
2024-05-30 23:52:16,121.750000,23.950000,32.00,台湾花莲县海域,4.0
2024-05-30 09:11:38,121.790000,24.200000,32.00,台湾花莲县海域,4.5
2024-05-30 07:54:48,121.620000,24.110000,34.00,台湾花莲县,4.2
2024-05-30 07:54:44,121.860000,24.010000,17.00,台湾花莲县海域,4.3
2024-05-29 09:05:10,84.000000,41.280000,16.00,新疆阿克苏地区库车市,4.1
2024-05-27 18:39:17,100.660000,28.220000,5.00,四川凉山州木里县,4.0
2024-05-27 18:39:16,100.670000,28.240000,8.00,四川凉山州木里县,4.1
2024-05-27 18:37:12,100.590000,28.220000,5.00,四川凉山州木里县,4.3
2024-05-27 18:37:10,100.700000,28.240000,8.00,四川凉山州木里县,4.5
2024-05-27 16:25:36,100.640000,28.230000,5.00,四川凉山州木里县,4.2
2024-05-27 16:25:34,100.680000,28.250000,9.00,四川凉山州木里县,4.4
2024-05-27 11:07:13,100.610000,28.240000,6.67,四川凉山州木里县,4.7
2024-05-27 11:07:10,100.700000,28.250000,8.00,四川凉山州木里县,5.0
2024-05-25 01:07:10,121.840000,24.220000,21.00,台湾花莲县海域,4.4
2024-05-23 22:30:13,82.450000,41.830000,15.00,新疆阿克苏地区拜城县,4.5
2024-05-22 16:00:43,121.710000,23.860000,23.00,中国台湾,4.5
2024-05-22 16:00:42,121.740000,23.800000,10.00,台湾花莲县海域,5.0
2024-05-20 13:10:23,77.020000,40.270000,11.00,新疆克孜勒苏州阿图什市,5.5
2024-05-20 13:10:22,77.050000,40.280000,19.00,新疆克孜勒苏州阿图什市,5.2
2024-05-19 03:38:50,77.180000,36.490000,5.00,新疆喀什地区叶城县,4.8
2024-05-19 03:38:48,77.100000,36.420000,10.00,新疆喀什地区叶城县,4.6
2024-05-11 17:44:39,121.770000,23.990000,17.00,台湾花莲县海域,4.4
2024-05-11 17:44:38,121.870000,24.010000,36.00,中国台湾,4.3
2024-05-11 13:16:01,121.730000,23.850000,8.00,台湾花莲县海域,4.5
2024-05-10 15:45:19,121.890000,24.220000,10.00,台湾花莲县海域,5.6
2024-05-10 09:52:28,75.110000,37.650000,5.00,新疆喀什地区塔什库尔干县,4.1
2024-05-10 09:52:25,75.000000,37.600000,10.00,新疆喀什地区塔什库尔干县,4.2
2024-05-10 09:37:24,121.590000,23.860000,10.00,台湾花莲县,4.6
2024-05-10 09:35:39,121.640000,23.760000,10.00,台湾花莲县海域,4.6
2024-05-08 19:31:23,122.560000,24.100000,20.00,台湾花莲县海域,4.2
2024-05-08 16:40:44,121.610000,23.710000,9.00,台湾花莲县海域,4.3
2024-05-06 17:52:46,121.570000,23.700000,25.00,台湾花莲县海域,5.2
2024-05-06 17:52:45,121.560000,23.750000,14.00,台湾花莲县,5.3
2024-05-06 17:45:32,121.620000,23.710000,20.00,台湾花莲县海域,5.3
2024-05-06 17:45:30,121.620000,23.770000,15.00,中国台湾,5.3
2024-05-02 10:07:29,121.350000,22.540000,8.00,中国台湾地区,4.5
2024-05-02 10:07:27,121.460000,22.500000,10.00,台湾台东县海域,4.5
2024-05-02 03:17:24,78.390000,40.870000,5.00,新疆克孜勒苏州阿合奇县,4.5
2024-05-02 03:17:23,78.360000,40.890000,10.00,新疆克孜勒苏州阿合奇县,4.5
2024-04-29 01:40:21,121.660000,24.240000,39.50,台湾花莲县,4.1
2024-04-29 01:40:20,121.770000,24.140000,31.00,台湾花莲县海域,4.0
2024-04-28 19:31:11,79.060000,41.320000,5.00,新疆阿克苏地区乌什县,4.5
2024-04-28 19:31:09,78.980000,41.330000,14.00,新疆阿克苏地区乌什县,4.4
2024-04-28 11:43:50,122.960000,38.270000,30.00,黄海海域,4.4
2024-04-27 03:13:27,121.730000,24.180000,25.00,台湾花莲县海域,4.0
2024-04-27 02:49:28,121.770000,24.210000,27.00,台湾花莲县海域,5.3
2024-04-27 02:21:23,121.770000,24.080000,30.00,台湾花莲县海域,5.6
2024-04-26 20:28:13,121.560000,23.800000,10.00,台湾花莲县,4.6
2024-04-25 09:23:20,121.620000,23.820000,10.00,台湾花莲县海域,4.1
2024-04-25 08:19:14,121.580000,23.700000,9.00,台湾花莲县海域,4.0
2024-04-25 02:11:56,122.210000,24.090000,31.67,中国台湾地区,5.2
2024-04-25 02:11:55,122.310000,23.950000,10.00,台湾花莲县海域,5.0
2024-04-24 15:30:56,121.340000,23.930000,7.00,台湾花莲县,4.1
2024-04-24 15:30:52,121.610000,23.810000,10.00,台湾花莲县海域,4.4
2024-04-24 13:05:17,99.920000,25.200000,5.00,云南保山市昌宁县,4.2
2024-04-24 13:05:16,99.960000,25.240000,10.00,云南大理州巍山县,4.3
2024-04-24 13:01:19,122.040000,24.280000,10.00,台湾花莲县海域,4.1
2024-04-24 00:02:21,121.740000,24.080000,14.00,台湾花莲县海域,4.4
2024-04-23 20:40:51,121.630000,23.760000,8.00,台湾花莲县海域,4.2
2024-04-23 13:08:08,121.560000,23.760000,10.00,台湾花莲县,4.0
2024-04-23 10:27:06,121.580000,23.830000,10.00,台湾花莲县,4.1
2024-04-23 10:23:53,121.550000,23.900000,10.00,台湾花莲县,4.4
2024-04-23 10:21:01,121.600000,23.820000,10.00,台湾花莲县海域,5.0
2024-04-23 09:45:46,121.580000,23.800000,10.00,台湾花莲县海域,5.0
2024-04-23 08:04:06,121.590000,23.870000,10.00,台湾花莲县,6.0
2024-04-23 05:31:40,121.600000,23.810000,10.00,台湾花莲县海域,5.3
2024-04-23 05:24:33,121.490000,23.730000,10.00,台湾花莲县,5.0
2024-04-23 05:19:37,121.580000,23.760000,10.00,台湾花莲县海域,5.2
2024-04-23 05:14:47,121.510000,23.750000,10.00,台湾花莲县,4.8
2024-04-23 05:11:01,121.520000,23.750000,10.00,台湾花莲县,4.2
2024-04-23 05:04:22,121.520000,23.690000,10.00,台湾花莲县,5.1
2024-04-23 04:52:58,121.480000,23.810000,8.00,台湾花莲县,4.8
2024-04-23 04:49:58,121.580000,23.690000,10.00,台湾花莲县海域,5.8
2024-04-23 04:03:08,121.610000,23.800000,10.00,台湾花莲县海域,4.8
2024-04-23 03:34:06,121.580000,23.770000,10.00,台湾花莲县海域,4.6
2024-04-23 03:19:54,121.570000,23.880000,10.00,台湾花莲县,4.8
2024-04-23 02:32:50,121.530000,23.810000,10.00,台湾花莲县,6.2
2024-04-23 02:26:53,121.680000,23.700000,10.00,台湾花莲县海域,6.3
2024-04-23 01:40:25,121.510000,23.700000,10.00,台湾花莲县,4.2
2024-04-23 00:33:05,121.690000,23.840000,12.00,台湾花莲县海域,4.0
2024-04-22 22:11:25,121.490000,23.790000,9.00,台湾花莲县,5.9
2024-04-22 21:42:57,121.650000,23.830000,10.00,台湾花莲县海域,4.2
2024-04-22 21:13:41,121.540000,23.670000,10.00,台湾花莲县,5.1
2024-04-22 21:08:48,82.560000,42.020000,15.00,新疆阿克苏地区拜城县,4.4
2024-04-22 21:00:43,121.580000,23.720000,10.00,台湾花莲县海域,4.4
2024-04-22 19:45:37,121.580000,23.700000,10.00,台湾花莲县海域,4.8
2024-04-22 19:44:00,121.600000,23.770000,10.00,台湾花莲县海域,4.5
2024-04-22 19:34:29,121.530000,23.740000,10.00,台湾花莲县,4.6
2024-04-22 19:25:59,121.450000,23.750000,10.00,台湾花莲县,4.8
2024-04-22 19:25:14,121.530000,23.710000,10.00,台湾花莲县,4.6
2024-04-22 19:22:07,121.590000,23.780000,10.00,台湾花莲县海域,4.4
2024-04-22 19:13:11,121.680000,23.810000,11.00,台湾花莲县海域,4.9
2024-04-22 19:10:14,121.550000,23.710000,8.00,台湾花莲县海域,4.3
2024-04-22 18:50:32,121.510000,23.760000,10.00,台湾花莲县,5.7
2024-04-22 18:49:07,121.570000,23.700000,10.00,台湾花莲县海域,4.9
2024-04-22 18:46:12,121.590000,23.740000,10.00,台湾花莲县海域,5.3
2024-04-22 17:52:55,121.610000,23.780000,9.00,台湾花莲县海域,4.7
2024-04-22 17:17:11,121.490000,23.780000,10.00,台湾花莲县,4.5
2024-04-22 17:15:56,121.410000,23.640000,10.00,台湾花莲县,4.6
2024-04-22 17:12:11,121.550000,23.780000,8.00,台湾花莲县,4.9
2024-04-22 17:08:40,121.590000,23.720000,10.00,台湾花莲县海域,5.3
2024-04-22 00:35:50,121.680000,24.240000,9.00,台湾花莲县,4.6
2024-04-21 10:40:56,121.600000,23.490000,20.00,台湾花莲县海域,5.0
2024-04-20 09:44:03,81.860000,33.600000,10.00,西藏阿里地区日土县,4.0
2024-04-19 05:54:10,99.960000,25.220000,10.00,云南大理州巍山县,4.2
2024-04-19 01:40:02,81.810000,33.490000,10.00,西藏阿里地区日土县,4.5
2024-04-17 20:21:57,81.750000,33.500000,10.00,西藏阿里地区日土县,4.1
2024-04-17 17:17:09,121.750000,23.930000,23.00,台湾花莲县海域,4.6
2024-04-17 12:22:34,82.500000,42.000000,17.00,新疆阿克苏地区拜城县,4.7
2024-04-17 02:59:49,121.830000,24.100000,18.00,台湾花莲县海域,4.2
2024-04-15 02:16:24,101.240000,37.780000,10.00,青海海北州门源县,4.5
2024-04-13 22:26:35,121.600000,24.050000,9.00,台湾花莲县,4.2
2024-04-13 20:38:46,121.660000,23.600000,8.00,台湾花莲县海域,4.2
2024-04-13 13:44:41,81.840000,33.560000,10.00,西藏阿里地区日土县,5.2
2024-04-13 02:44:36,120.170000,23.440000,10.00,台湾嘉义县,4.3
2024-04-12 16:13:44,78.690000,41.070000,5.00,新疆克孜勒苏州阿合奇县,5.0
2024-04-12 16:13:41,78.600000,41.120000,10.00,新疆克孜勒苏州阿合奇县,4.8
2024-04-11 02:53:51,82.540000,41.960000,5.00,新疆阿克苏地区拜城县,4.4
2024-04-11 02:53:50,82.540000,41.990000,13.00,新疆阿克苏地区拜城县,4.5
2024-04-11 00:55:12,121.870000,24.140000,12.00,台湾花莲县海域,4.4
2024-04-10 22:56:18,82.570000,41.930000,5.00,新疆阿克苏地区拜城县,5.8
2024-04-10 22:56:17,82.560000,41.980000,16.00,新疆阿克苏地区拜城县,5.6
2024-04-10 18:57:40,82.370000,41.840000,5.50,新疆阿克苏地区拜城县,5.1
2024-04-10 18:57:39,82.360000,41.880000,20.00,新疆阿克苏地区拜城县,4.8
2024-04-09 22:07:03,99.990000,27.840000,2.55,云南迪庆州香格里拉市,4.4
2024-04-09 22:07:01,100.050000,27.880000,10.00,云南迪庆州香格里拉市,4.7
2024-04-09 17:22:47,97.780000,39.640000,3.28,甘肃张掖市肃南县,4.3
2024-04-09 17:22:45,97.770000,39.550000,11.00,甘肃张掖市肃南县,4.3
2024-04-09 06:14:07,121.770000,24.010000,21.00,台湾花莲县海域,4.0
2024-04-09 02:02:37,121.560000,24.040000,23.62,台湾花莲县,4.5
2024-04-09 02:02:35,121.830000,23.920000,28.00,台湾花莲县海域,4.6
2024-04-08 13:09:35,121.770000,24.310000,25.81,中国台湾,4.5
2024-04-08 13:09:34,121.930000,24.230000,23.00,台湾花莲县海域,4.5
2024-04-08 06:49:30,121.770000,24.350000,20.00,台湾宜兰县,4.1
2024-04-08 06:49:28,121.960000,24.240000,25.00,台湾花莲县海域,4.0
2024-04-08 04:48:00,82.070000,41.830000,5.50,新疆阿克苏地区拜城县,5.3
2024-04-08 04:47:59,82.070000,41.930000,18.00,新疆阿克苏地区拜城县,5.1
2024-04-07 19:03:09,82.170000,41.890000,18.00,新疆阿克苏地区拜城县,4.2
2024-04-07 18:01:22,121.950000,24.200000,24.26,中国台湾,4.8
2024-04-07 18:01:19,122.250000,24.100000,20.00,台湾花莲县海域,4.8
2024-04-07 16:46:18,82.140000,41.940000,17.00,新疆阿克苏地区拜城县,5.4
2024-04-07 16:44:06,82.130000,41.830000,5.50,新疆阿克苏地区拜城县,4.0
2024-04-07 05:15:12,121.500000,24.050000,9.00,台湾花莲县,4.0
2024-04-07 05:15:09,121.800000,23.980000,17.00,台湾花莲县海域,4.1
2024-04-06 23:53:10,121.780000,24.320000,11.00,中国台湾,4.3
2024-04-06 23:53:09,122.000000,24.150000,23.00,台湾花莲县海域,4.5
2024-04-06 18:47:13,121.650000,24.010000,30.10,中国台湾,4.5
2024-04-06 18:47:11,121.790000,23.910000,25.00,台湾花莲县海域,4.8
2024-04-06 11:52:54,121.780000,24.210000,20.93,中国台湾,4.5
2024-04-06 11:52:53,121.970000,24.100000,10.00,台湾花莲县海域,4.5
2024-04-06 10:29:22,103.490000,27.010000,6.67,云南曲靖市会泽县,4.7
2024-04-06 10:29:20,103.440000,27.010000,10.00,云南昭通市鲁甸县,4.9
2024-04-06 09:37:51,121.980000,23.700000,13.00,台湾花莲县海域,4.4
2024-04-06 09:37:50,122.030000,23.740000,13.00,中国台湾地区,4.2
2024-04-06 04:26:27,121.720000,24.000000,13.50,中国台湾,4.6
2024-04-06 04:26:26,121.850000,23.910000,21.00,台湾花莲县海域,4.6
2024-04-05 17:04:56,121.680000,24.090000,16.00,中国台湾,4.0
2024-04-05 17:04:55,121.800000,24.000000,20.00,台湾花莲县海域,4.0
2024-04-05 14:12:48,121.540000,23.880000,7.00,台湾花莲县,4.6
2024-04-05 14:12:47,121.610000,23.770000,8.00,台湾花莲县海域,4.5
2024-04-05 12:50:51,121.670000,24.190000,18.95,中国台湾,4.6
2024-04-05 12:50:49,121.870000,24.080000,22.00,台湾花莲县海域,4.8
2024-04-05 02:35:00,121.810000,24.150000,26.00,台湾花莲县海域,4.8
2024-04-05 02:34:57,121.640000,23.990000,5.00,中国台湾,4.7
2024-04-04 22:30:06,121.810000,24.280000,14.71,中国台湾,4.5
2024-04-04 22:30:05,121.900000,24.210000,13.00,台湾花莲县海域,4.6
2024-04-04 13:00:29,121.870000,24.200000,23.00,台湾花莲县海域,4.1
2024-04-04 13:00:28,121.850000,24.230000,13.50,中国台湾,4.1
2024-04-04 09:29:10,121.380000,23.890000,7.00,台湾花莲县,4.1
2024-04-04 09:29:09,121.490000,23.830000,8.00,台湾花莲县,4.0
2024-04-04 08:39:37,90.950000,38.380000,12.50,青海海西州茫崖市,5.5
2024-04-04 08:39:35,90.930000,38.390000,10.00,青海海西州茫崖市,5.5
2024-04-04 06:46:34,121.750000,23.990000,20.00,台湾花莲县海域,4.0
2024-04-04 06:46:33,121.710000,24.020000,16.00,中国台湾,4.1
2024-04-04 05:56:11,121.830000,24.190000,17.00,台湾花莲县海域,4.2
2024-04-04 03:46:52,121.770000,23.890000,10.00,台湾花莲县海域,4.2
2024-04-04 03:46:51,121.840000,23.850000,9.00,中国台湾,4.2
2024-04-04 02:29:46,121.910000,23.790000,14.00,台湾花莲县海域,4.8
2024-04-03 23:42:37,121.640000,24.190000,10.00,台湾花莲县,4.3
2024-04-03 23:39:09,121.770000,24.150000,20.00,台湾花莲县海域,4.4
2024-04-03 23:39:08,121.730000,24.170000,13.50,中国台湾,4.2
2024-04-03 22:49:13,121.970000,24.120000,19.00,台湾花莲县海域,4.0
2024-04-03 16:56:31,121.550000,24.170000,11.00,台湾花莲县,4.2
2024-04-03 16:56:30,121.630000,24.050000,13.00,台湾花莲县海域,4.1
2024-04-03 16:17:11,121.750000,24.020000,19.00,台湾花莲县海域,4.1
2024-04-03 16:17:10,121.660000,24.090000,7.00,中国台湾,4.2
2024-04-03 14:33:58,121.920000,24.170000,10.00,台湾花莲县海域,4.4
2024-04-03 14:31:34,121.650000,23.870000,11.00,台湾花莲县海域,4.1
2024-04-03 13:28:04,121.720000,24.140000,11.00,台湾花莲县海域,4.3
2024-04-03 13:23:53,121.610000,24.140000,24.00,台湾花莲县,4.0
2024-04-03 13:23:49,121.830000,24.150000,27.50,中国台湾,4.2
2024-04-03 12:34:44,121.670000,24.080000,50.00,中国台湾,4.4
2024-04-03 12:34:43,121.810000,24.020000,20.00,台湾花莲县海域,4.3
2024-04-03 12:08:09,121.720000,23.800000,15.00,台湾花莲县海域,4.3
2024-04-03 11:57:18,121.610000,23.820000,19.00,台湾花莲县海域,4.5
2024-04-03 11:45:43,121.250000,24.040000,5.50,台湾南投县,4.0
2024-04-03 11:45:37,121.810000,23.780000,15.00,台湾花莲县海域,4.5
2024-04-03 11:35:22,121.790000,24.210000,10.00,台湾花莲县海域,4.3
2024-04-03 11:20:54,121.760000,24.170000,10.00,台湾花莲县海域,4.4
2024-04-03 10:38:30,121.630000,23.900000,10.00,台湾花莲县海域,4.2
2024-04-03 10:28:18,121.800000,24.220000,10.00,台湾花莲县海域,5.1
2024-04-03 10:28:17,121.880000,24.230000,9.00,中国台湾,5.0
2024-04-03 10:14:38,121.760000,24.140000,10.00,台湾花莲县海域,5.6
2024-04-03 10:14:36,121.890000,24.170000,56.50,中国台湾,5.6
2024-04-03 10:13:41,121.740000,24.220000,10.00,台湾花莲县海域,4.4
2024-04-03 09:53:58,121.570000,23.870000,10.00,台湾花莲县,4.6
2024-04-03 09:49:38,122.080000,23.740000,12.00,台湾花莲县海域,4.7
2024-04-03 09:39:37,121.840000,23.840000,26.89,中国台湾,5.1
2024-04-03 09:39:35,121.890000,23.800000,10.00,台湾花莲县海域,5.6
2024-04-03 09:19:32,121.620000,23.870000,10.00,台湾花莲县海域,4.3
2024-04-03 09:17:42,121.760000,23.980000,11.00,台湾花莲县海域,4.1
2024-04-03 09:09:27,121.790000,24.060000,10.00,台湾花莲县海域,5.0
2024-04-03 09:07:15,121.740000,23.990000,9.00,台湾花莲县海域,4.2
2024-04-03 08:54:07,121.710000,23.780000,27.00,台湾花莲县海域,4.0
2024-04-03 08:50:46,121.630000,23.800000,11.00,台湾花莲县海域,4.9
2024-04-03 08:46:43,121.810000,24.070000,10.00,台湾花莲县海域,5.5
2024-04-03 08:43:55,121.570000,23.940000,10.00,台湾花莲县,5.2
2024-04-03 08:35:38,121.530000,24.180000,10.00,台湾花莲县,5.9
2024-04-03 08:11:27,121.650000,24.100000,10.00,台湾花莲县海域,6.0
2024-04-03 07:58:09,121.620000,23.860000,20.38,中国台湾,7.4
2024-04-03 07:58:08,121.740000,23.810000,12.00,台湾花莲县海域,7.3
2024-04-03 03:26:33,120.160000,23.380000,8.00,台湾嘉义县,4.2
2024-04-03 03:26:32,120.190000,23.360000,7.00,台湾嘉义县,4.2
2024-03-31 05:52:37,84.140000,40.820000,15.00,新疆巴音郭楞州尉犁县,4.0
2024-03-30 03:26:13,88.730000,32.740000,10.00,西藏那曲市双湖县,4.0
2024-03-27 18:36:32,101.240000,31.680000,35.64,四川阿坝州壤塘县,4.2
2024-03-27 18:36:28,101.310000,31.690000,15.00,四川阿坝州壤塘县,4.1
2024-03-26 02:33:03,91.360000,36.100000,5.00,青海海西州格尔木市,4.3
2024-03-26 02:33:01,91.550000,36.050000,8.00,青海玉树州治多县,4.5
2024-03-23 09:41:16,78.540000,41.020000,5.00,新疆克孜勒苏州阿合奇县,4.4
2024-03-23 09:41:14,78.390000,41.110000,10.00,新疆克孜勒苏州阿合奇县,4.2
2024-03-23 05:03:05,78.760000,41.090000,5.00,新疆阿克苏地区乌什县,4.3
2024-03-23 05:03:03,78.610000,41.160000,10.00,新疆克孜勒苏州阿合奇县,4.1
2024-03-21 18:49:52,121.570000,24.060000,20.00,台湾花莲县,4.5
2024-03-21 00:58:06,86.470000,33.950000,10.00,西藏那曲市尼玛县,4.2
2024-03-19 19:20:27,121.840000,23.860000,11.00,中国台湾,4.2
2024-03-18 06:05:52,92.990000,33.510000,10.00,青海玉树州杂多县,4.3
2024-03-14 16:36:23,82.310000,41.860000,5.00,新疆阿克苏地区拜城县,4.7
2024-03-14 16:36:22,82.300000,41.890000,17.00,新疆阿克苏地区拜城县,4.5
2024-03-14 16:27:17,97.330000,38.630000,6.67,青海海西州德令哈市,4.4
2024-03-14 16:27:14,97.400000,38.530000,9.00,青海海西州天峻县,4.2
2024-03-07 18:09:15,92.990000,33.520000,10.00,青海玉树州杂多县,4.2
2024-03-07 18:06:36,93.050000,33.530000,24.50,青海玉树州杂多县,5.2
2024-03-07 18:06:30,93.010000,33.580000,10.00,青海玉树州杂多县,5.5
2024-03-06 08:10:00,78.810000,41.220000,5.00,新疆阿克苏地区乌什县,5.0
2024-03-06 08:09:59,78.700000,41.280000,10.00,新疆阿克苏地区乌什县,4.7
2024-03-05 10:07:37,93.060000,33.530000,22.00,青海玉树州杂多县,4.8
2024-03-05 10:07:31,93.010000,33.520000,10.00,青海玉树州杂多县,5.3
2024-03-04 15:54:32,78.710000,41.110000,5.00,新疆克孜勒苏州阿合奇县,4.5
2024-03-04 15:54:31,78.600000,41.190000,10.00,新疆克孜勒苏州阿合奇县,4.4
2024-02-29 13:26:28,120.270000,23.510000,20.00,台湾嘉义县,4.3
2024-02-29 13:26:26,120.250000,23.500000,7.00,台湾嘉义县,4.3
2024-02-25 21:48:33,122.030000,24.830000,11.00,中国台湾地区,4.5
2024-02-25 12:15:01,78.570000,41.060000,5.00,新疆克孜勒苏州阿合奇县,5.9
2024-02-25 12:14:59,78.410000,41.150000,11.00,新疆克孜勒苏州阿合奇县,5.8
2024-02-24 12:37:10,121.510000,23.700000,18.50,台湾花莲县,4.3
2024-02-24 06:58:57,78.650000,41.050000,5.00,新疆克孜勒苏州阿合奇县,5.3
2024-02-24 06:58:55,78.540000,41.120000,10.00,新疆克孜勒苏州阿合奇县,5.3
2024-02-23 18:33:07,78.610000,41.180000,10.00,新疆克孜勒苏州阿合奇县,4.0
2024-02-23 12:08:35,78.740000,41.240000,12.00,新疆阿克苏地区乌什县,4.1
2024-02-20 22:18:18,122.390000,24.030000,25.40,中国台湾地区,4.0
2024-02-20 18:58:11,94.340000,42.960000,5.00,新疆新星市,4.8
2024-02-20 18:58:10,94.320000,42.950000,12.00,新疆新星市,4.6
2024-02-19 11:08:15,83.940000,41.970000,10.00,新疆阿克苏地区库车市,4.0
2024-02-16 23:38:29,77.370000,36.560000,115.00,新疆喀什地区叶城县,4.2
2024-02-16 23:38:28,77.320000,36.510000,129.00,新疆喀什地区叶城县,4.1
2024-02-15 14:02:49,106.990000,24.990000,10.00,广西河池市天峨县,4.4
2024-02-15 14:02:48,106.990000,24.980000,4.77,广西河池市天峨县,4.1
2024-02-15 11:52:41,78.880000,41.210000,5.00,新疆阿克苏地区乌什县,4.7
2024-02-15 11:52:40,78.780000,41.300000,10.00,新疆阿克苏地区乌什县,4.7
2024-02-11 12:57:13,78.730000,41.100000,5.00,新疆克孜勒苏州阿合奇县,4.4
2024-02-11 12:57:11,78.610000,41.170000,13.00,新疆克孜勒苏州阿合奇县,4.4
2024-02-07 16:55:29,78.380000,41.140000,12.00,新疆克孜勒苏州阿合奇县,4.0
2024-02-04 09:18:59,78.730000,41.090000,5.00,新疆克孜勒苏州阿合奇县,4.7
2024-02-04 09:18:56,78.640000,41.130000,12.00,新疆克孜勒苏州阿合奇县,4.6
2024-02-04 00:34:47,78.700000,41.050000,5.00,新疆克孜勒苏州阿合奇县,4.5
2024-02-04 00:34:45,78.610000,41.130000,15.00,新疆克孜勒苏州阿合奇县,4.6
2024-02-03 21:44:38,78.710000,41.060000,5.00,新疆克孜勒苏州阿合奇县,4.8
2024-02-03 21:44:36,78.610000,41.110000,12.00,新疆克孜勒苏州阿合奇县,4.7
2024-02-03 16:36:30,78.650000,41.130000,5.00,新疆克孜勒苏州阿合奇县,4.2
2024-02-03 16:36:29,78.510000,41.190000,12.00,新疆克孜勒苏州阿合奇县,4.2
2024-02-03 12:41:00,97.140000,36.900000,6.67,青海海西州都兰县,4.4
2024-02-03 12:40:58,97.120000,36.940000,10.00,青海海西州都兰县,4.1
2024-01-30 06:27:42,78.740000,41.080000,5.00,新疆克孜勒苏州阿合奇县,5.8
2024-01-30 06:27:40,78.670000,41.150000,10.00,新疆克孜勒苏州阿合奇县,5.7
2024-01-29 02:11:23,121.320000,23.660000,6.67,台湾花莲县,4.6
2024-01-29 02:11:22,121.340000,23.640000,10.00,台湾花莲县,4.7
2024-01-27 17:03:05,78.750000,41.120000,5.00,新疆阿克苏地区乌什县,4.9
2024-01-27 17:03:04,78.650000,41.190000,15.00,新疆克孜勒苏州阿合奇县,4.7
2024-01-26 19:40:45,78.840000,41.120000,5.00,新疆阿克苏地区乌什县,4.3
2024-01-26 19:40:43,78.760000,41.140000,12.00,新疆阿克苏地区乌什县,4.3
2024-01-26 09:55:12,78.560000,41.120000,13.00,新疆克孜勒苏州阿合奇县,4.0
2024-01-26 06:38:11,78.710000,41.080000,5.00,新疆克孜勒苏州阿合奇县,4.4
2024-01-26 06:38:10,78.700000,41.020000,11.00,新疆克孜勒苏州阿合奇县,4.3
2024-01-26 04:01:29,78.910000,41.270000,5.00,新疆阿克苏地区乌什县,5.8
2024-01-26 04:01:28,78.830000,41.290000,18.00,新疆阿克苏地区乌什县,5.6
2024-01-25 09:43:48,78.580000,41.110000,15.00,新疆克孜勒苏州阿合奇县,4.0
2024-01-25 09:24:34,78.690000,41.070000,5.00,新疆克孜勒苏州阿合奇县,4.8
2024-01-25 09:24:33,78.590000,41.110000,18.00,新疆克孜勒苏州阿合奇县,4.8
2024-01-25 08:56:24,97.060000,36.910000,72.87,青海海西州都兰县,4.3
2024-01-25 08:56:22,97.120000,36.950000,15.00,青海海西州都兰县,4.3
2024-01-25 06:21:49,78.700000,41.030000,5.00,新疆克孜勒苏州阿合奇县,5.3
2024-01-25 06:21:48,78.550000,41.080000,15.00,新疆克孜勒苏州阿合奇县,5.2
2024-01-25 04:35:09,78.890000,41.210000,5.00,新疆阿克苏地区乌什县,4.3
2024-01-25 04:35:08,78.780000,41.270000,18.00,新疆阿克苏地区乌什县,4.1
2024-01-25 04:05:02,78.470000,41.000000,20.00,新疆克孜勒苏州阿合奇县,4.3
2024-01-24 23:01:21,78.610000,41.190000,22.00,新疆克孜勒苏州阿合奇县,4.0
2024-01-24 04:38:12,78.650000,41.060000,10.00,新疆克孜勒苏州阿合奇县,5.7
2024-01-23 23:30:30,83.930000,40.930000,27.50,新疆阿克苏地区库车市,4.4
2024-01-23 23:30:27,83.940000,40.920000,11.00,新疆阿克苏地区库车市,4.3
2024-01-23 20:09:29,78.850000,41.350000,10.00,新疆阿克苏地区乌什县,4.2
2024-01-23 17:24:48,78.790000,41.330000,10.00,新疆阿克苏地区乌什县,4.0
2024-01-23 17:23:20,78.530000,41.150000,10.00,新疆克孜勒苏州阿合奇县,4.0
2024-01-23 17:07:13,78.740000,41.090000,5.00,新疆克孜勒苏州阿合奇县,4.7
2024-01-23 17:07:09,78.570000,41.180000,10.00,新疆克孜勒苏州阿合奇县,4.6
2024-01-23 12:25:47,78.600000,41.110000,10.00,新疆克孜勒苏州阿合奇县,4.0
2024-01-23 12:01:24,78.910000,41.230000,5.00,新疆阿克苏地区乌什县,4.8
2024-01-23 12:01:22,78.820000,41.310000,10.00,新疆阿克苏地区乌什县,4.7
2024-01-23 09:18:42,78.850000,41.170000,5.00,新疆阿克苏地区乌什县,5.2
2024-01-23 09:18:41,78.840000,41.190000,10.00,新疆阿克苏地区乌什县,5.2
2024-01-23 08:12:38,78.520000,41.170000,10.00,新疆克孜勒苏州阿合奇县,4.1
2024-01-23 07:56:19,78.570000,41.100000,20.00,新疆克孜勒苏州阿合奇县,4.0
2024-01-23 07:19:27,78.890000,41.130000,5.00,新疆阿克苏地区乌什县,5.5
2024-01-23 07:19:25,78.710000,41.210000,15.00,新疆阿克苏地区乌什县,5.2
2024-01-23 07:03:27,78.940000,41.240000,5.00,新疆阿克苏地区乌什县,4.2
2024-01-23 05:43:03,78.610000,41.180000,13.00,新疆克孜勒苏州阿合奇县,4.7
2024-01-23 05:16:45,78.680000,41.060000,5.00,新疆克孜勒苏州阿合奇县,4.2
2024-01-23 05:16:44,78.560000,41.140000,20.00,新疆克孜勒苏州阿合奇县,4.1
2024-01-23 04:57:15,78.900000,41.150000,5.00,新疆阿克苏地区乌什县,4.2
2024-01-23 04:57:12,78.810000,41.200000,20.00,新疆阿克苏地区乌什县,4.5
2024-01-23 04:29:32,78.810000,41.090000,5.00,新疆阿克苏地区乌什县,4.5
2024-01-23 04:29:29,78.640000,41.130000,20.00,新疆克孜勒苏州阿合奇县,4.6
2024-01-23 03:36:48,78.730000,41.080000,5.00,新疆克孜勒苏州阿合奇县,5.2
2024-01-23 03:36:46,78.660000,41.110000,20.00,新疆克孜勒苏州阿合奇县,5.3
2024-01-23 02:50:43,78.680000,41.330000,17.00,新疆阿克苏地区乌什县,4.6
2024-01-23 02:42:35,78.870000,41.250000,5.00,新疆阿克苏地区乌什县,5.3
2024-01-23 02:42:33,78.700000,41.330000,14.00,新疆阿克苏地区乌什县,5.2
2024-01-23 02:32:42,78.630000,40.950000,5.00,新疆克孜勒苏州阿合奇县,4.7
2024-01-23 02:32:40,78.430000,41.070000,23.00,新疆克孜勒苏州阿合奇县,4.5
2024-01-23 02:14:16,78.610000,41.270000,20.00,新疆阿克苏地区乌什县,4.5
2024-01-23 02:09:05,78.630000,41.260000,22.00,新疆阿克苏地区乌什县,7.1
2024-01-22 12:33:19,81.100000,41.930000,5.00,新疆阿克苏地区拜城县,5.1
2024-01-22 12:33:18,81.110000,41.970000,16.00,新疆阿克苏地区拜城县,4.8
2024-01-09 02:07:47,84.720000,43.890000,22.00,新疆塔城地区乌苏市,4.1
2024-01-04 22:29:20,109.240000,21.050000,9.00,广西北海市银海区海域,4.2
2024-01-03 18:08:24,117.490000,24.750000,9.00,福建漳州市华安县,4.1
2023-12-31 22:27:38,105.000000,36.740000,10.00,甘肃白银市平川区,4.9
2023-12-21 04:02:14,102.800000,35.770000,8.00,甘肃临夏州积石山县,4.1
2023-12-19 09:46:21,77.860000,40.020000,10.00,新疆克孜勒苏州阿图什市,5.5
2023-12-19 00:59:39,102.780000,35.830000,10.00,甘肃临夏州积石山县,4.1
2023-12-19 00:36:18,102.780000,35.780000,10.00,甘肃临夏州积石山县,4.0
2023-12-18 23:59:30,102.790000,35.700000,10.00,甘肃临夏州积石山县,6.2
2023-12-09 14:19:25,122.720000,24.430000,40.00,台湾宜兰县海域,4.4
2023-12-02 02:24:56,98.080000,24.260000,10.00,云南德宏州芒市,4.0
2023-12-02 01:36:33,98.080000,24.260000,10.00,云南德宏州芒市,5.0
2023-12-01 22:55:56,97.270000,39.300000,9.00,甘肃酒泉市肃北县,5.0
2023-11-30 19:25:40,106.130000,40.200000,21.00,内蒙古阿拉善盟阿拉善左旗,4.1
2023-11-26 12:31:09,122.500000,24.000000,18.00,台湾花莲县海域,4.8
2023-11-26 12:11:43,122.460000,23.990000,17.00,台湾花莲县海域,4.2
2023-11-24 13:33:11,106.260000,38.010000,13.00,宁夏银川市灵武市,4.0
2023-11-23 00:13:13,77.230000,39.510000,17.00,新疆喀什地区伽师县,4.0
2023-11-15 22:17:32,80.490000,44.710000,10.00,新疆伊犁州霍尔果斯市,4.0
2023-11-11 00:54:38,121.700000,23.420000,30.00,台湾台东县海域,4.7
2023-11-08 02:52:00,77.680000,40.540000,12.00,新疆克孜勒苏州阿图什市,4.3
2023-11-08 02:15:03,77.640000,40.550000,11.00,新疆克孜勒苏州阿图什市,4.3
2023-11-08 02:09:48,77.720000,40.470000,10.00,新疆克孜勒苏州阿图什市,5.4
2023-11-04 19:24:11,112.250000,22.080000,8.00,广东江门市恩平市,4.3
2023-10-31 08:40:03,83.730000,36.480000,10.00,新疆和田地区民丰县,4.1
2023-10-26 02:35:36,83.770000,36.530000,10.00,新疆和田地区民丰县,4.1
2023-10-25 23:52:13,83.780000,36.510000,10.00,新疆和田地区民丰县,4.0
2023-10-25 12:48:49,127.890000,43.150000,10.00,吉林延边州敦化市,4.0
2023-10-24 19:32:13,97.280000,39.430000,10.00,甘肃酒泉市肃北县,5.5
2023-10-24 10:54:24,122.610000,24.030000,10.00,台湾花莲县海域,4.4
2023-10-24 07:05:20,122.830000,23.960000,10.00,台湾花莲县海域,5.9
2023-10-23 21:19:20,121.420000,22.940000,25.00,台湾台东县海域,4.0
2023-10-23 16:43:36,88.260000,31.510000,8.00,西藏那曲市申扎县,4.4
2023-10-23 14:10:39,91.300000,33.570000,10.00,青海海西州唐古拉地区,4.7
2023-10-23 03:20:22,117.390000,23.320000,10.00,广东汕头市南澳县海域,5.0
2023-10-22 23:14:12,97.330000,39.380000,10.00,甘肃酒泉市肃北县,4.7
2023-10-14 22:04:05,122.360000,23.920000,19.00,台湾花莲县海域,4.2
2023-10-14 15:53:30,122.310000,24.030000,20.00,台湾花莲县海域,4.9
2023-10-11 18:36:56,121.320000,23.240000,14.00,台湾花莲县,5.4
2023-10-09 00:17:48,82.260000,41.890000,10.00,新疆阿克苏地区拜城县,4.5
2023-10-07 14:04:08,82.240000,41.890000,25.00,新疆阿克苏地区拜城县,4.3
2023-10-07 13:09:31,82.210000,41.860000,21.00,新疆阿克苏地区拜城县,4.3
2023-10-01 19:47:01,97.460000,33.640000,10.00,四川甘孜州石渠县,4.2
2023-10-01 19:34:07,97.510000,33.630000,14.00,四川甘孜州石渠县,4.4
2023-09-18 21:21:23,125.350000,26.450000,170.00,东海海域,6.4
2023-09-09 03:33:34,94.840000,30.350000,10.00,西藏林芝市波密县,4.3
2023-09-05 17:30:42,120.420000,23.510000,20.00,台湾嘉义县,4.9
2023-08-29 16:08:42,78.090000,39.390000,10.00,新疆喀什地区巴楚县,4.6
2023-08-23 18:19:47,122.200000,39.420000,8.00,辽宁大连市普兰店区,4.6
2023-08-23 02:46:49,94.910000,30.330000,10.00,西藏林芝市波密县,4.1
2023-08-20 23:28:23,77.770000,39.910000,18.00,新疆喀什地区伽师县,4.3
2023-08-19 22:46:05,94.840000,30.370000,10.00,西藏林芝市波密县,4.3
2023-08-19 15:31:49,104.880000,29.580000,8.00,四川内江市市中区,4.2
2023-08-18 10:39:23,104.870000,29.580000,10.00,四川内江市市中区,4.0
2023-08-13 20:55:01,101.880000,24.320000,10.00,云南楚雄州双柏县,4.4
2023-08-06 02:33:59,116.340000,37.160000,10.00,山东德州市平原县,5.5
2023-08-04 11:05:03,92.060000,33.140000,10.00,青海海西州唐古拉地区,4.2
2023-08-01 01:56:43,104.090000,25.880000,9.00,云南曲靖市沾益区,4.4
2023-07-30 12:15:10,94.810000,30.270000,10.00,西藏林芝市波密县,4.2
2023-07-28 06:13:54,94.900000,30.340000,10.00,西藏林芝市波密县,4.2
2023-07-11 06:49:10,83.280000,40.050000,50.00,新疆阿克苏地区沙雅县,4.2
2023-07-10 06:11:34,121.500000,24.080000,20.00,台湾花莲县,4.1
2023-07-09 05:22:06,121.500000,22.100000,10.00,台湾屏东县海域,4.7
2023-07-09 03:47:14,121.490000,22.030000,10.00,台湾屏东县海域,5.4
2023-07-07 02:03:55,121.220000,23.080000,10.00,台湾台东县,4.1
2023-07-04 10:08:02,76.450000,38.450000,13.00,新疆克孜勒苏州阿克陶县,4.3
2023-06-29 00:43:34,89.000000,34.400000,8.00,西藏那曲市安多县,4.0
2023-06-24 03:07:36,109.070000,20.720000,20.00,北部湾,5.0
2023-06-18 00:14:24,79.830000,35.790000,10.00,新疆和田地区和田县,4.4
2023-06-14 04:17:56,80.810000,41.710000,10.00,新疆阿克苏地区温宿县,4.1
2023-06-11 20:25:38,122.470000,24.260000,27.00,台湾花莲县海域,4.3
2023-06-10 17:12:34,120.600000,22.850000,19.00,台湾屏东县,4.2
2023-06-10 13:31:54,120.650000,22.880000,14.00,台湾高雄市,4.7
2023-06-09 02:34:40,84.880000,33.190000,10.00,西藏阿里地区改则县,4.3
2023-05-31 15:12:47,77.200000,40.270000,16.00,新疆克孜勒苏州阿图什市,4.0
2023-05-28 15:53:00,85.930000,35.090000,10.00,西藏阿里地区改则县,4.1
2023-05-23 22:42:56,82.180000,41.780000,13.00,新疆阿克苏地区拜城县,4.3
2023-05-22 03:56:44,104.830000,28.400000,8.00,四川宜宾市珙县,4.5
2023-05-17 05:56:23,80.590000,42.780000,10.00,新疆伊犁州昭苏县,4.5
2023-05-12 06:07:18,102.030000,29.620000,10.00,四川甘孜州泸定县,4.0
2023-05-12 04:32:10,102.020000,29.630000,10.00,四川甘孜州泸定县,4.2
2023-05-12 02:34:04,102.040000,29.640000,10.00,四川甘孜州泸定县,4.5
2023-05-05 20:33:19,105.120000,28.080000,8.00,四川宜宾市兴文县,4.3
2023-05-04 23:38:21,121.330000,23.460000,10.00,台湾花莲县,4.5
2023-05-04 10:15:28,105.120000,28.140000,10.00,四川宜宾市兴文县,4.9
2023-05-03 13:04:00,105.120000,28.100000,8.00,四川宜宾市兴文县,4.5
2023-05-03 12:08:19,105.150000,28.120000,10.00,四川宜宾市兴文县,4.0
2023-05-02 23:38:19,99.290000,25.350000,10.00,云南保山市隆阳区,4.4
2023-05-02 23:27:22,99.280000,25.350000,10.00,云南保山市隆阳区,5.2
2023-04-07 20:17:05,81.780000,41.940000,15.00,新疆阿克苏地区拜城县,4.6
2023-04-07 18:36:29,121.410000,23.190000,10.00,台湾台东县海域,4.0
2023-04-07 02:02:15,82.100000,34.680000,11.00,西藏阿里地区日土县,4.0
2023-04-03 03:32:24,115.800000,6.500000,600.00,南海海域,6.1
2023-04-02 05:54:51,102.920000,26.830000,15.00,四川凉山州会东县,4.0
2023-03-23 18:26:34,100.710000,22.610000,10.00,云南普洱市思茅区,4.2
2023-03-21 09:45:19,121.500000,23.510000,10.00,台湾花莲县,4.9
2023-03-18 02:19:11,75.580000,38.390000,142.00,新疆克孜勒苏州阿克陶县,4.2
2023-03-17 18:39:37,96.250000,30.780000,10.00,西藏昌都市洛隆县,4.8
2023-03-15 10:32:21,81.330000,35.200000,10.00,西藏阿里地区日土县,4.6
2023-03-08 05:15:33,114.520000,23.840000,10.00,广东河源市东源县,4.5
2023-03-03 00:48:58,121.920000,24.520000,11.00,台湾宜兰县海域,4.1
2023-02-28 22:46:50,102.010000,29.630000,8.00,四川甘孜州泸定县,4.8
2023-02-27 07:58:05,79.850000,41.870000,10.00,新疆阿克苏地区温宿县,5.1
2023-02-26 00:03:18,121.210000,22.430000,12.00,台湾台东县海域,4.1
2023-02-22 18:25:52,81.990000,41.890000,26.00,新疆阿克苏地区拜城县,4.6
2023-02-18 23:49:09,120.750000,23.730000,23.00,台湾南投县,4.1
2023-02-14 02:38:48,92.750000,38.960000,10.00,青海海西州茫崖市,4.3
2023-02-11 19:35:47,121.690000,23.400000,29.00,台湾台东县海域,4.2
2023-02-11 10:41:42,114.640000,23.760000,11.00,广东河源市源城区,4.3
2023-02-08 18:49:58,121.650000,23.350000,30.00,台湾花莲县海域,4.7
2023-02-07 04:20:16,121.890000,24.280000,20.00,台湾花莲县海域,4.3
2023-02-03 20:14:40,96.910000,37.030000,10.00,青海海西州德令哈市,4.2
2023-02-03 20:04:19,96.940000,37.020000,10.00,青海海西州德令哈市,4.9
2023-01-31 01:07:43,79.860000,35.850000,10.00,新疆和田地区和田县,4.8
2023-01-30 07:49:39,82.290000,40.010000,50.00,新疆阿克苏地区沙雅县,6.1
2023-01-26 07:21:32,101.990000,29.630000,14.00,四川甘孜州泸定县,4.4
2023-01-26 04:57:18,101.980000,29.650000,10.00,四川甘孜州泸定县,4.0
2023-01-26 03:50:16,102.070000,29.660000,10.00,四川甘孜州泸定县,4.5
2023-01-26 03:49:43,102.010000,29.630000,11.00,四川甘孜州泸定县,5.6
2023-01-26 00:02:10,79.890000,35.830000,10.00,新疆和田地区和田县,4.9
2023-01-14 16:02:28,92.220000,32.920000,9.00,青海海西州唐古拉地区,4.3
2023-01-07 19:21:27,121.330000,23.540000,14.00,台湾花莲县,4.0
2023-01-05 12:27:38,101.130000,37.910000,10.00,青海海北州祁连县,4.2
2023-01-01 21:02:58,77.080000,36.770000,101.00,新疆喀什地区叶城县,4.2
2022-12-27 11:30:10,101.300000,37.740000,10.00,青海海北州门源县,4.1
2022-12-27 06:56:20,122.540000,23.840000,10.00,台湾花莲县海域,4.0
2022-12-24 05:17:57,121.360000,23.080000,11.00,台湾台东县海域,4.7
2022-12-22 12:36:31,121.160000,22.480000,7.00,台湾台东县海域,4.6
2022-12-22 10:47:02,99.140000,35.560000,9.00,青海果洛州玛多县,5.0
2022-12-17 22:24:10,77.780000,37.640000,20.00,新疆和田地区皮山县,4.2
2022-12-15 12:03:17,121.790000,23.730000,10.00,台湾花莲县海域,5.9
2022-12-15 07:18:23,105.490000,29.300000,8.00,重庆荣昌区,4.0
2022-12-13 22:25:17,129.600000,27.450000,10.00,琉球群岛,5.7
2022-12-13 08:04:02,89.380000,43.540000,15.00,新疆昌吉州奇台县,4.7
2022-12-12 01:51:03,111.140000,40.570000,10.00,内蒙古呼和浩特市土默特左旗,4.1
2022-12-10 21:47:38,101.260000,37.760000,10.00,青海海北州门源县,4.2
2022-12-08 00:54:27,121.710000,23.770000,30.00,台湾花莲县海域,5.1
2022-12-03 14:24:01,85.310000,34.270000,10.00,西藏阿里地区改则县,4.7
2022-11-29 14:31:03,77.090000,40.410000,10.00,新疆克孜勒苏州阿图什市,4.6
2022-11-28 03:58:42,74.320000,39.720000,13.00,新疆克孜勒苏州乌恰县,4.7
2022-11-27 01:38:03,121.710000,23.830000,30.00,台湾花莲县海域,4.7
2022-11-22 12:35:50,77.880000,36.280000,80.00,新疆和田地区皮山县,4.2
2022-11-20 09:49:42,122.020000,24.630000,51.00,台湾宜兰县海域,4.5
2022-11-19 01:27:34,102.260000,23.370000,8.00,云南红河州红河县,5.0
2022-11-18 21:23:56,102.010000,29.620000,14.00,四川甘孜州泸定县,4.3
2022-11-18 19:44:18,83.940000,41.330000,15.00,新疆阿克苏地区库车市,4.3
2022-11-16 23:07:42,121.070000,22.390000,10.00,台湾台东县海域,4.6
2022-11-16 11:28:16,130.140000,44.080000,600.00,黑龙江牡丹江市穆棱市,4.5
2022-11-16 10:46:59,102.040000,26.460000,16.00,四川凉山州会理市,4.3
2022-11-15 19:53:21,121.110000,22.410000,10.00,台湾台东县海域,4.5
2022-11-15 11:43:52,121.120000,22.380000,18.00,台湾台东县海域,4.2
2022-11-13 09:47:44,121.100000,22.440000,10.00,台湾台东县海域,5.0
2022-11-12 07:13:39,102.920000,26.930000,10.00,云南昭通市巧家县,4.2
2022-11-10 13:01:06,94.480000,28.350000,10.00,西藏林芝市墨脱县,5.6
2022-11-09 15:42:06,121.330000,22.800000,10.00,台湾台东县海域,4.6
2022-11-02 17:13:24,92.700000,41.680000,10.00,新疆哈密市伊州区,4.7
2022-11-02 06:06:54,91.960000,33.180000,9.00,青海海西州唐古拉地区,4.8
2022-11-01 21:48:22,86.750000,33.110000,10.00,西藏那曲市尼玛县,4.9
2022-11-01 16:30:11,122.460000,24.740000,100.00,台湾宜兰县海域,4.7
2022-10-31 16:48:27,121.280000,22.840000,10.00,台湾台东县海域,4.7
2022-10-28 23:30:43,121.960000,24.640000,60.00,台湾宜兰县海域,4.4
2022-10-23 23:06:58,77.850000,37.710000,17.00,新疆和田地区皮山县,5.1
2022-10-23 22:53:20,77.830000,37.700000,17.00,新疆和田地区皮山县,4.8
2022-10-22 13:17:01,102.030000,29.610000,12.00,四川甘孜州泸定县,5.0
2022-10-19 17:22:40,86.030000,27.940000,10.00,西藏日喀则市聂拉木县,4.2
2022-10-19 12:35:34,92.300000,37.690000,11.00,青海海西州茫崖市,5.5
2022-10-17 21:20:41,120.970000,21.630000,10.00,台湾屏东县海域,4.8
2022-10-16 23:02:06,83.150000,40.170000,22.00,新疆阿克苏地区沙雅县,4.6
2022-10-16 16:54:31,78.130000,39.420000,17.00,新疆喀什地区巴楚县,5.1
2022-10-11 03:24:43,122.260000,23.930000,20.00,台湾花莲县海域,5.6
2022-10-10 20:17:51,121.550000,23.630000,23.00,台湾花莲县海域,4.6
2022-10-07 00:36:09,127.000000,27.450000,200.00,琉球群岛,5.7
2022-10-03 05:12:14,92.020000,33.300000,10.00,青海海西州唐古拉地区,4.0
2022-10-03 04:25:21,121.560000,23.480000,21.00,台湾花莲县海域,4.4
2022-10-03 01:49:38,113.730000,38.350000,10.00,河北石家庄市平山县,4.3
2022-09-30 22:37:19,121.420000,22.840000,15.00,台湾台东县海域,4.2
2022-09-23 10:47:41,98.770000,24.780000,9.00,云南保山市龙陵县,4.5
2022-09-19 10:07:43,121.350000,23.420000,10.00,台湾花莲县,5.7
2022-09-18 17:39:55,121.340000,23.280000,10.00,台湾花莲县,5.4
2022-09-18 16:46:32,121.230000,23.140000,15.00,台湾花莲县,4.9
2022-09-18 14:57:35,121.260000,23.090000,10.00,台湾台东县,4.8
2022-09-18 14:44:14,121.300000,23.150000,10.00,台湾花莲县,6.9
2022-09-18 14:32:01,121.200000,23.170000,10.00,台湾台东县,5.0
2022-09-18 13:54:39,121.340000,23.100000,10.00,台湾台东县,4.1
2022-09-18 13:19:18,121.270000,23.090000,12.00,台湾台东县,5.7
2022-09-18 10:00:08,121.460000,23.050000,8.00,台湾台东县海域,4.0
2022-09-18 09:52:30,121.580000,23.040000,9.00,台湾台东县海域,4.4
2022-09-18 09:51:55,121.380000,23.120000,10.00,台湾台东县,4.3
2022-09-18 02:03:28,121.450000,23.060000,10.00,台湾台东县海域,4.3
2022-09-17 22:45:27,121.250000,23.100000,10.00,台湾台东县,5.3
2022-09-17 22:35:13,121.200000,23.100000,10.00,台湾台东县,4.7
2022-09-17 21:55:41,121.290000,23.100000,10.00,台湾台东县,4.7
2022-09-17 21:41:18,121.210000,23.050000,10.00,台湾台东县,6.5
2022-09-16 06:49:38,77.920000,36.130000,10.00,新疆和田地区皮山县,4.6
2022-09-14 09:35:50,121.440000,22.460000,16.00,台湾台东县海域,4.2
2022-09-07 02:42:15,102.160000,29.420000,11.00,四川雅安市石棉县,4.5
2022-09-05 12:56:34,102.170000,29.400000,15.00,四川雅安市石棉县,4.2
2022-09-05 12:52:18,102.080000,29.590000,16.00,四川甘孜泸定县,6.8
2022-09-05 08:48:43,89.040000,33.770000,10.00,西藏那曲市双湖县,4.0
2022-09-03 01:35:09,122.330000,24.030000,15.00,台湾花莲县海域,4.2
2022-08-22 10:53:01,123.590000,25.290000,150.00,琉球群岛,5.4
2022-08-20 12:07:48,122.390000,24.080000,19.00,台湾花莲县海域,4.2
2022-08-16 10:22:55,90.270000,33.140000,10.00,西藏那曲市安多县,4.3
2022-08-15 21:05:09,90.380000,33.120000,10.00,西藏那曲市安多县,4.1
2022-08-15 16:30:37,99.260000,38.430000,8.00,青海海北州祁连县,4.7
2022-08-15 05:10:36,93.720000,37.850000,10.00,青海海西州直辖区,4.6
2022-08-14 16:20:00,92.850000,33.140000,10.00,青海玉树州杂多县,5.9
2022-08-05 21:28:12,74.540000,39.640000,15.00,新疆克孜勒苏州乌恰县,4.0
2022-08-01 16:09:44,121.250000,21.230000,20.00,台湾屏东县海域,4.4
2022-07-28 08:16:15,121.380000,23.090000,15.00,台湾台东县海域,4.6
2022-07-24 08:32:34,121.570000,23.240000,28.00,台湾台东县海域,4.7
2022-07-20 10:33:13,87.150000,44.460000,23.00,新疆昌吉州昌吉市,4.8
2022-07-18 03:43:22,83.170000,40.160000,25.00,新疆阿克苏地区沙雅县,4.6
2022-07-05 13:08:23,73.760000,38.730000,100.00,新疆克孜勒苏州阿克陶县,4.0
2022-07-04 18:37:16,83.430000,36.760000,10.00,新疆和田地区民丰县,4.4
2022-07-03 06:02:11,78.140000,40.880000,10.00,新疆克孜勒苏州阿合奇县,5.2
2022-07-03 03:32:31,78.180000,40.870000,10.00,新疆克孜勒苏州阿合奇县,4.3
2022-07-02 04:13:11,78.600000,37.590000,10.00,新疆和田地区皮山县,5.1
2022-07-01 02:40:35,121.100000,19.050000,10.00,菲律宾群岛,5.8
2022-06-28 21:43:30,120.110000,22.180000,20.00,台湾屏东县海域,5.3
2022-06-28 21:34:59,120.120000,22.180000,20.00,台湾屏东县海域,4.8
2022-06-28 06:03:23,120.200000,22.090000,34.00,台湾屏东县海域,4.5
2022-06-28 04:07:01,120.130000,22.080000,25.00,台湾屏东县海域,4.7
2022-06-27 00:45:55,121.550000,23.710000,10.00,台湾花莲县海域,4.1
2022-06-25 21:34:34,121.460000,23.630000,7.00,台湾花莲县,4.9
2022-06-25 10:27:18,121.480000,23.610000,10.00,台湾花莲县,4.5
2022-06-24 06:32:21,122.330000,24.130000,8.00,台湾花莲县海域,4.9
2022-06-24 04:21:21,121.500000,23.590000,10.00,台湾花莲县,4.2
2022-06-24 02:27:37,90.670000,41.730000,25.00,新疆吐鲁番市鄯善县,5.1
2022-06-23 05:02:43,121.530000,23.630000,10.00,台湾花莲县,4.2
2022-06-20 12:15:15,121.560000,23.660000,10.00,台湾花莲县海域,4.1
2022-06-20 09:39:43,121.500000,23.730000,10.00,台湾花莲县,4.5
2022-06-20 09:05:07,121.520000,23.660000,10.00,台湾花莲县,5.9
2022-06-20 06:40:52,103.750000,27.210000,12.00,贵州毕节市威宁县,4.4
2022-06-19 17:55:20,126.400000,26.800000,10.00,琉球群岛,5.5
2022-06-17 03:19:08,87.990000,42.480000,22.00,新疆巴音郭楞州和硕县,4.7
2022-06-14 18:11:10,101.790000,32.250000,11.00,四川阿坝州马尔康市,4.4
2022-06-13 06:31:02,84.090000,35.590000,13.00,新疆和田地区民丰县,4.4
2022-06-10 04:37:26,101.840000,32.230000,12.00,四川阿坝州马尔康市,4.4
2022-06-10 03:27:00,101.850000,32.240000,15.00,四川阿坝州马尔康市,5.2
2022-06-10 01:28:34,101.820000,32.250000,13.00,四川阿坝州马尔康市,6.0
2022-06-10 00:21:17,101.790000,32.280000,10.00,四川阿坝州马尔康市,4.4
2022-06-10 00:06:44,101.790000,32.260000,10.00,四川阿坝州马尔康市,4.1
2022-06-10 00:03:09,101.820000,32.270000,10.00,四川阿坝州马尔康市,5.8
2022-06-08 14:52:24,77.780000,36.090000,10.00,新疆和田地区皮山县,5.0
2022-06-07 09:57:54,123.530000,25.580000,210.00,台湾东北部海域,5.4
2022-06-03 15:03:36,126.450000,26.800000,10.00,琉球群岛,5.6
2022-06-01 17:03:09,102.920000,30.370000,18.00,四川雅安市宝兴县,4.5
2022-06-01 17:00:08,102.940000,30.370000,17.00,四川雅安市芦山县,6.1
2022-05-26 15:48:46,91.890000,32.250000,10.00,西藏那曲市安多县,4.8
2022-05-20 08:36:36,102.480000,29.670000,20.00,四川雅安市汉源县,4.8
2022-05-11 04:16:14,120.780000,39.300000,10.00,渤海海域,4.4
2022-05-09 15:45:49,122.690000,23.920000,15.00,台湾花莲县海域,4.9
2022-05-09 14:23:02,122.510000,24.010000,16.00,台湾花莲县海域,6.2
2022-05-08 19:59:47,104.460000,31.890000,8.00,四川绵阳市北川县,4.1
2022-05-07 19:53:57,126.550000,27.050000,20.00,琉球群岛,5.4
2022-05-05 12:02:09,105.630000,40.750000,10.00,内蒙古阿拉善盟阿拉善左旗,4.0
2022-04-30 01:23:47,100.630000,27.770000,8.00,云南丽江市宁蒗县,4.2
2022-04-24 01:53:47,121.750000,24.660000,50.00,台湾宜兰县,4.0
2022-04-19 15:06:05,123.510000,25.360000,200.00,琉球群岛,5.2
2022-04-18 19:38:37,121.020000,21.410000,30.00,台湾屏东县海域,4.7
2022-04-17 00:18:37,100.610000,27.750000,8.00,云南丽江市宁蒗县,4.1
2022-04-16 08:32:13,100.620000,27.780000,9.00,云南丽江市宁蒗县,4.6
2022-04-15 09:26:14,97.330000,38.520000,10.00,青海海西州德令哈市,5.4
2022-04-15 03:06:59,121.500000,23.770000,8.00,台湾花莲县,4.4
2022-04-13 09:22:33,126.450000,26.800000,20.00,琉球群岛西南部,5.5
2022-04-12 03:15:31,121.070000,21.450000,15.00,台湾屏东县海域,4.8
2022-04-11 21:47:29,120.970000,21.620000,18.00,台湾屏东县海域,5.1
2022-04-10 00:43:47,120.950000,21.540000,8.00,台湾屏东县海域,4.4
2022-04-09 03:19:31,120.930000,21.630000,15.00,台湾屏东县海域,4.8
2022-04-08 07:36:11,121.000000,21.670000,10.00,台湾屏东县海域,5.3
2022-04-07 11:40:59,121.470000,23.010000,18.00,台湾台东县海域,4.1
2022-04-07 05:54:49,105.150000,28.120000,8.00,四川宜宾市兴文县,4.1
2022-04-06 12:54:04,76.030000,37.680000,118.00,新疆喀什地区塔什库尔干县,4.1
2022-04-06 07:50:05,105.030000,28.220000,10.00,四川宜宾市兴文县,5.1
2022-03-29 05:25:09,103.410000,30.030000,10.00,四川眉山市丹棱县,4.3
2022-03-28 17:00:26,121.320000,23.090000,13.00,台湾台东县,4.3
2022-03-26 23:38:55,126.400000,26.750000,20.00,琉球群岛,5.3
2022-03-26 02:50:03,97.370000,38.470000,10.00,青海海西州德令哈市,4.9
2022-03-26 01:05:08,97.340000,38.510000,10.00,青海海西州德令哈市,4.1
2022-03-26 00:28:40,97.340000,38.470000,10.00,青海海西州德令哈市,4.3
2022-03-26 00:21:02,97.330000,38.500000,10.00,青海海西州德令哈市,6.0
2022-03-24 08:38:24,121.580000,23.240000,24.00,台湾台东县海域,5.2
2022-03-24 08:38:13,121.540000,23.450000,19.00,台湾花莲县海域,4.2
2022-03-24 04:45:30,121.480000,23.590000,10.00,台湾花莲县,4.1
2022-03-23 05:41:06,121.550000,23.310000,15.00,台湾台东县海域,4.3
2022-03-23 04:29:57,121.520000,23.390000,20.00,台湾台东县海域,5.7
2022-03-23 03:35:02,121.600000,23.440000,15.00,台湾花莲县海域,5.2
2022-03-23 02:37:49,121.550000,23.430000,30.00,台湾台东县海域,4.7
2022-03-23 02:11:33,121.520000,23.380000,20.00,台湾台东县海域,4.1
2022-03-23 01:43:27,121.400000,23.500000,20.00,台湾花莲县,5.7
2022-03-23 01:41:38,121.550000,23.450000,20.00,台湾台东县海域,6.6
2022-03-23 01:06:55,121.370000,22.120000,19.00,台湾屏东县海域,4.5
2022-03-22 07:09:10,122.360000,23.960000,17.00,台湾花莲县海域,4.7
2022-03-19 23:23:43,120.700000,23.660000,25.00,台湾南投县,4.6
2022-03-19 03:04:20,123.950000,25.550000,165.00,琉球群岛,5.9
2022-03-17 21:41:18,77.860000,36.100000,10.00,新疆和田地区皮山县,5.2
2022-03-17 19:33:37,126.450000,26.900000,20.00,琉球群岛,5.5
2022-03-17 13:06:20,124.000000,25.600000,200.00,琉球群岛,5.1
2022-03-17 08:26:03,97.660000,39.020000,9.00,甘肃张掖市肃南县,5.1
2022-03-16 02:44:35,124.750000,45.250000,10.00,吉林松原市宁江区,4.3
2022-03-14 02:28:48,115.040000,22.510000,25.00,广东惠州市惠东县海域,4.1
2022-03-09 20:22:12,121.580000,23.210000,30.00,台湾台东县海域,5.1
2022-03-07 22:35:25,101.440000,37.730000,9.00,青海海北州门源县,4.2
2022-03-05 22:43:03,101.650000,22.340000,6.00,云南普洱市江城县,4.5
2022-03-02 08:18:45,95.870000,35.740000,9.00,青海海西州都兰县,4.8
2022-03-01 03:54:11,79.240000,39.370000,10.00,新疆喀什地区巴楚县,4.3
2022-02-28 03:52:16,88.120000,41.870000,10.00,新疆巴音郭楞州和硕县,4.6
2022-02-22 10:40:14,83.130000,40.990000,12.00,新疆阿克苏地区沙雅县,4.1
2022-02-22 04:52:32,126.550000,26.950000,10.00,琉球群岛,5.6
2022-02-20 18:49:42,122.540000,23.980000,16.00,台湾花莲县海域,4.1
2022-02-18 05:12:15,90.690000,38.680000,10.00,新疆巴音郭楞州若羌县,4.3
2022-02-13 12:36:16,120.860000,19.220000,10.00,菲律宾群岛,5.1
2022-02-12 00:43:09,122.440000,24.010000,10.00,台湾花莲县海域,5.4
2022-02-11 20:51:29,122.290000,24.010000,20.00,台湾花莲县海域,4.1
2022-02-10 15:36:38,100.040000,25.560000,12.00,云南大理州大理市,4.1
2022-02-10 04:11:29,88.070000,35.560000,17.00,西藏那曲市双湖县,4.0
2022-02-09 00:36:32,126.550000,26.850000,10.00,琉球群岛,5.5
2022-02-07 18:58:24,122.010000,24.390000,34.00,台湾宜兰县海域,5.1
2022-02-02 07:13:09,95.050000,33.200000,11.00,青海玉树州杂多县,4.1
2022-02-01 06:01:28,104.270000,31.910000,10.00,四川绵阳市北川县,4.0
2022-01-25 22:35:53,121.980000,24.640000,46.00,台湾宜兰县海域,4.3
2022-01-23 10:21:17,97.370000,38.440000,8.00,青海海西州德令哈市,5.8
2022-01-20 05:52:37,105.130000,32.340000,10.00,四川广元市青川县,4.0
2022-01-18 06:59:30,94.280000,29.150000,50.00,西藏林芝市米林县,4.8
2022-01-16 16:15:40,122.270000,24.170000,30.00,台湾花莲县海域,4.9
2022-01-13 00:17:59,101.420000,37.760000,8.00,青海海北州门源县,4.0
2022-01-12 21:01:53,101.490000,37.690000,8.00,青海海北州门源县,4.5
2022-01-12 20:16:17,101.420000,37.750000,10.00,青海海北州门源县,4.8
2022-01-12 18:20:40,101.490000,37.690000,10.00,青海海北州门源县,5.2
2022-01-08 14:30:05,101.150000,37.770000,10.00,青海海北州门源县,4.0
2022-01-08 02:09:05,101.240000,37.780000,12.00,青海海北州门源县,5.1
2022-01-08 01:55:19,101.240000,37.750000,10.00,青海海北州门源县,4.1
2022-01-08 01:45:27,101.260000,37.770000,10.00,青海海北州门源县,6.9
2022-01-05 21:11:33,122.560000,23.880000,10.00,台湾花莲县海域,4.1
2022-01-04 12:45:03,82.130000,43.360000,21.00,新疆伊犁州巩留县,4.8
2022-01-04 07:17:26,122.350000,24.020000,14.00,台湾花莲县海域,4.8
2022-01-03 17:46:34,122.390000,24.000000,15.00,台湾花莲县海域,6.4
2022-01-03 08:28:06,88.220000,34.300000,10.00,西藏那曲市双湖县,4.1
2022-01-02 15:02:06,100.650000,27.790000,10.00,云南丽江市宁蒗县,5.5
2021-12-30 14:47:07,122.500000,23.900000,20.00,台湾花莲县海域,5.1
2021-12-30 05:30:22,94.670000,36.920000,10.00,青海海西州格尔木市,4.9
2021-12-27 21:31:09,74.890000,35.380000,10.00,克什米尔,5.5
2021-12-26 16:26:46,125.600000,25.150000,20.00,琉球群岛西南部,5.9
2021-12-24 21:43:21,101.690000,22.330000,15.00,老挝,6.0
2021-12-22 21:46:16,120.000000,31.760000,10.00,江苏常州市天宁区,4.2
2021-12-19 07:54:28,92.730000,38.950000,10.00,青海海西州茫崖市,5.3
2021-12-17 14:54:38,88.820000,43.430000,25.00,新疆乌鲁木齐市达坂城区,4.4
2021-12-09 10:05:07,129.500000,29.300000,10.00,琉球群岛,5.8
2021-12-06 21:05:51,122.020000,24.920000,90.00,台湾宜兰县海域,4.5
2021-12-06 14:26:52,100.580000,34.210000,9.00,青海果洛州甘德县,4.7
2021-12-01 05:39:33,104.970000,28.340000,9.00,四川宜宾市长宁县,4.2
2021-11-30 21:53:43,87.940000,31.760000,10.00,西藏那曲市双湖县,5.8
2021-11-29 14:46:01,83.430000,41.160000,18.00,新疆阿克苏地区库车市,4.1
2021-11-24 17:55:18,122.330000,24.030000,20.00,台湾花莲县海域,4.8
2021-11-24 17:16:40,106.680000,26.870000,10.00,贵州贵阳市修文县,4.6
2021-11-21 18:51:00,104.790000,28.450000,11.00,四川宜宾市长宁县,4.6
2021-11-18 20:42:53,106.270000,38.000000,19.00,宁夏银川市灵武市,4.0
2021-11-17 23:36:20,104.750000,28.140000,13.00,四川宜宾市珙县,4.7
2021-11-17 13:54:29,121.190000,33.500000,17.00,江苏盐城市大丰区海域,5.0
2021-11-17 10:25:34,122.250000,24.800000,10.00,台湾宜兰县海域,4.7
2021-11-14 21:05:15,122.020000,24.580000,50.00,台湾宜兰县海域,4.8
2021-11-12 09:50:55,105.090000,28.080000,10.00,云南昭通市威信县,4.3
2021-11-10 23:45:12,126.550000,23.500000,10.00,琉球群岛东南部,6.5
2021-11-10 02:24:11,122.450000,23.940000,9.00,台湾花莲县海域,4.2
2021-11-05 09:48:30,87.440000,28.730000,10.00,西藏日喀则市定日县,4.2
2021-10-27 01:47:01,83.880000,42.340000,9.00,新疆阿克苏地区库车市,4.7
2021-10-24 13:11:34,121.800000,24.550000,60.00,台湾宜兰县,6.3
2021-10-23 11:16:03,121.690000,24.090000,10.00,台湾花莲县海域,4.9
2021-10-21 08:12:22,84.150000,43.770000,11.00,新疆伊犁州尼勒克县,4.2
2021-10-18 13:49:17,121.760000,24.220000,31.00,台湾花莲县海域,4.3
2021-10-18 08:37:00,103.960000,29.260000,10.00,四川乐山市犍为县,4.3
2021-10-15 05:10:03,120.240000,44.200000,10.00,内蒙古赤峰市阿鲁科尔沁旗,4.7
2021-10-14 08:04:20,91.860000,33.670000,10.00,青海海西州唐古拉地区,4.1
2021-10-13 14:02:42,83.400000,41.910000,21.00,新疆阿克苏地区库车市,4.1
2021-10-07 21:16:24,92.850000,44.430000,9.00,新疆哈密市巴里坤县,4.3
2021-10-06 01:30:28,125.050000,25.650000,10.00,琉球群岛西南部,5.2
2021-10-04 14:07:50,122.270000,24.860000,10.00,台湾宜兰县海域,4.6
2021-10-04 11:24:19,94.820000,30.410000,10.00,西藏林芝市波密县,4.0
2021-09-29 11:33:55,89.360000,33.790000,10.00,西藏那曲市双湖县,4.2
2021-09-26 06:21:17,121.670000,24.470000,20.00,台湾宜兰县,4.8
2021-09-25 12:41:04,94.800000,30.300000,10.00,西藏林芝市波密县,4.2
2021-09-19 17:36:30,96.330000,28.560000,10.00,西藏林芝市察隅县,4.5
2021-09-18 06:06:44,73.480000,38.420000,120.00,塔吉克斯坦,5.1
2021-09-16 04:33:31,105.340000,29.200000,10.00,四川泸州市泸县,6.0
2021-09-13 18:41:26,121.090000,24.130000,35.00,台湾南投县,4.6
2021-09-11 15:05:43,106.710000,23.390000,10.00,广西百色市德保县,4.3
2021-09-10 07:48:25,78.670000,36.880000,9.00,新疆和田地区皮山县,4.0
2021-09-06 22:00:25,122.070000,23.900000,21.00,台湾花莲县海域,5.2
2021-09-05 01:55:27,77.830000,37.790000,10.00,新疆喀什地区叶城县,4.2
2021-09-05 01:52:08,77.850000,37.790000,10.00,新疆喀什地区叶城县,5.0
2021-09-04 09:54:08,77.960000,37.870000,7.00,新疆和田地区皮山县,5.1
2021-09-04 09:39:00,77.930000,37.790000,7.00,新疆和田地区皮山县,4.3
2021-09-04 09:28:03,77.870000,37.890000,8.00,新疆喀什地区叶城县,4.8
2021-09-03 23:48:32,77.880000,37.860000,10.00,新疆喀什地区叶城县,4.0
2021-09-03 21:30:37,104.920000,28.090000,15.00,四川宜宾市珙县,4.8
2021-09-02 18:56:58,120.570000,23.140000,5.00,台湾台南市,4.4
2021-09-01 06:27:56,120.730000,23.240000,17.00,台湾高雄市,4.1
2021-08-28 23:21:30,89.270000,35.530000,10.00,西藏那曲市安多县,4.3
2021-08-26 07:38:18,95.500000,38.880000,15.00,甘肃酒泉市阿克塞县,5.5
2021-08-25 00:48:14,78.820000,32.100000,10.00,西藏阿里地区札达县,4.0
2021-08-23 18:56:37,122.370000,24.800000,5.00,台湾宜兰县海域,4.4
2021-08-22 19:52:02,120.560000,23.210000,20.00,台湾台南市,4.2
2021-08-21 10:20:10,105.310000,27.120000,10.00,贵州毕节市七星关区,4.5
2021-08-19 15:50:56,121.670000,23.940000,8.00,台湾花莲县海域,4.0
2021-08-13 12:21:35,97.540000,34.580000,8.00,青海果洛州玛多县,5.8
2021-08-11 06:35:57,98.290000,34.680000,11.00,青海果洛州玛多县,4.7
2021-08-09 18:51:25,75.950000,40.090000,15.00,新疆克孜勒苏州阿图什市,4.8
2021-08-06 19:12:30,121.310000,23.150000,10.00,台湾花莲县,5.1
2021-08-06 16:11:04,122.300000,24.760000,20.00,台湾宜兰县海域,5.4
2021-08-05 05:50:45,122.310000,24.820000,10.00,台湾宜兰县海域,5.8
2021-08-04 19:12:53,106.710000,23.380000,10.00,广西百色市德保县,4.8
2021-07-30 07:09:11,73.140000,38.680000,20.00,塔吉克斯坦,5.0
2021-07-30 06:55:17,121.610000,23.850000,6.00,台湾花莲县海域,4.3
2021-07-29 12:33:28,122.660000,23.950000,8.00,台湾花莲县海域,4.1
2021-07-29 03:24:04,90.980000,34.920000,8.00,青海玉树州治多县,4.2
2021-07-26 04:59:14,77.920000,40.670000,10.00,新疆克孜勒苏州阿合奇县,4.3
2021-07-24 03:44:08,82.910000,40.610000,25.00,新疆阿克苏地区沙雅县,4.2
2021-07-23 20:55:20,105.440000,29.280000,15.00,四川泸州市泸县,4.1
2021-07-21 23:00:00,87.140000,36.210000,10.00,西藏那曲市双湖县,4.1
2021-07-18 19:25:42,121.690000,24.020000,5.00,台湾花莲县海域,4.0
2021-07-16 07:29:26,121.700000,23.940000,7.00,台湾花莲县海域,4.4
2021-07-16 07:05:04,121.620000,23.980000,8.00,台湾花莲县,4.4
2021-07-15 01:00:45,121.620000,23.950000,10.00,台湾花莲县海域,4.3
2021-07-14 23:36:07,103.370000,30.970000,15.00,四川阿坝州汶川县,4.8
2021-07-14 20:55:33,121.690000,23.970000,10.00,台湾花莲县海域,4.0
2021-07-14 11:36:32,121.720000,23.940000,10.00,台湾花莲县海域,4.2
2021-07-14 07:45:27,121.670000,23.940000,10.00,台湾花莲县海域,4.8
2021-07-14 06:59:25,121.650000,23.930000,10.00,台湾花莲县海域,4.4
2021-07-14 06:52:04,121.730000,23.890000,10.00,台湾花莲县海域,5.2
2021-07-08 21:23:23,98.000000,34.740000,10.00,青海果洛州玛多县,4.9
2021-07-08 21:05:02,81.010000,41.650000,12.00,新疆阿克苏地区温宿县,4.6
2021-07-08 06:11:55,121.680000,23.880000,10.00,台湾花莲县海域,5.1
2021-07-07 21:38:27,121.660000,23.870000,7.00,台湾花莲县海域,4.3
2021-07-07 19:24:58,121.660000,23.880000,9.00,台湾花莲县海域,5.3
2021-07-07 18:01:19,98.950000,34.500000,9.00,青海果洛州玛沁县,4.1
2021-07-07 15:27:10,99.020000,34.470000,9.00,青海果洛州玛沁县,4.4
2021-07-07 04:19:28,104.990000,28.050000,9.00,云南昭通市威信县,4.2
2021-07-06 09:50:52,98.280000,34.680000,10.00,青海果洛州玛多县,4.0
2021-07-05 05:48:28,99.020000,32.920000,7.00,四川甘孜州石渠县,4.0
2021-07-02 09:15:45,81.530000,43.180000,21.00,新疆伊犁州昭苏县,4.5
2021-06-28 19:48:14,101.890000,24.310000,8.00,云南楚雄州双柏县,4.6
2021-06-25 09:42:09,83.450000,41.120000,10.00,新疆阿克苏地区库车市,4.7
2021-06-23 13:40:25,121.500000,24.070000,21.00,台湾花莲县,4.5
2021-06-20 22:50:13,121.520000,23.780000,10.00,台湾花莲县,4.4
2021-06-16 16:48:58,93.810000,38.140000,10.00,青海海西州茫崖市,5.8
2021-06-16 15:35:36,101.910000,24.330000,8.00,云南楚雄州双柏县,4.2
2021-06-15 12:00:14,97.550000,34.800000,11.00,青海果洛州玛多县,4.0
2021-06-12 18:00:46,97.890000,24.960000,16.00,云南德宏州盈江县,5.0
2021-06-12 05:58:58,121.140000,22.640000,10.00,台湾台东县海域,4.9
2021-06-11 15:33:26,121.550000,23.880000,10.00,台湾花莲县,5.3
2021-06-11 13:12:48,121.580000,23.910000,8.00,台湾花莲县,4.9
2021-06-10 19:46:07,101.910000,24.340000,8.00,云南楚雄州双柏县,5.1
2021-06-03 13:55:17,97.900000,34.750000,10.00,青海果洛州玛多县,4.9
2021-06-02 20:44:01,78.280000,40.950000,10.00,新疆克孜勒苏州阿合奇县,4.0
2021-05-30 14:55:14,98.480000,34.650000,9.00,青海果洛州玛多县,4.9
2021-05-30 12:50:08,98.310000,34.670000,9.00,青海果洛州玛多县,4.9
2021-05-27 21:06:07,99.170000,34.460000,8.00,青海果洛州玛沁县,4.9
2021-05-27 19:52:46,99.950000,25.740000,12.00,云南大理州漾濞县,4.1
2021-05-27 12:14:28,122.620000,24.860000,11.00,台湾宜兰县海域,4.0
2021-05-26 04:46:08,86.470000,28.990000,10.00,西藏日喀则市聂拉木县,4.2
2021-05-26 00:48:00,121.530000,23.960000,21.00,台湾花莲县,4.3
2021-05-25 07:00:19,98.040000,34.730000,10.00,青海果洛州玛多县,4.1
2021-05-24 22:15:19,99.020000,34.450000,10.00,青海果洛州玛沁县,4.4
2021-05-24 16:31:27,97.560000,34.780000,9.00,青海果洛州玛多县,4.1
2021-05-23 15:24:31,99.060000,34.480000,11.00,青海果洛州玛沁县,4.0
2021-05-22 20:14:36,99.930000,25.610000,10.00,云南大理州漾濞县,4.4
2021-05-22 17:39:34,97.650000,34.770000,10.00,青海果洛州玛多县,4.3
2021-05-22 15:06:22,98.920000,34.510000,10.00,青海果洛州玛沁县,4.8
2021-05-22 12:03:35,99.120000,35.630000,10.00,青海海西州都兰县,4.0
2021-05-22 11:30:43,100.900000,34.280000,10.00,甘肃甘南州玛曲县,4.4
2021-05-22 11:21:16,98.070000,34.720000,10.00,青海果洛州玛多县,4.7
2021-05-22 10:38:44,98.940000,34.550000,10.00,青海果洛州玛沁县,4.9
2021-05-22 10:29:34,97.500000,34.850000,10.00,青海果洛州玛多县,5.1
2021-05-22 09:48:00,99.900000,25.670000,12.00,云南大理州漾濞县,4.0
2021-05-22 05:59:34,98.460000,34.640000,10.00,青海果洛州玛多县,4.6
2021-05-22 03:49:13,98.010000,34.740000,10.00,青海果洛州玛多县,4.6
2021-05-22 03:03:06,99.070000,34.460000,5.00,青海果洛州玛沁县,4.3
2021-05-22 02:04:11,98.340000,34.590000,17.00,青海果洛州玛多县,7.4
2021-05-22 00:51:41,99.870000,25.700000,8.00,云南大理州漾濞县,4.0
2021-05-21 23:23:34,99.980000,25.600000,8.00,云南大理州漾濞县,4.5
2021-05-21 22:31:10,99.970000,25.590000,8.00,云南大理州漾濞县,5.2
2021-05-21 22:15:16,99.960000,25.590000,8.00,云南大理州漾濞县,4.0
2021-05-21 22:02:00,99.890000,25.660000,8.00,云南大理州漾濞县,4.1
2021-05-21 21:56:37,99.950000,25.640000,8.00,云南大理州漾濞县,4.9
2021-05-21 21:55:28,99.890000,25.670000,8.00,云南大理州漾濞县,5.0
2021-05-21 21:53:47,99.980000,25.620000,9.00,云南大理州漾濞县,4.1
2021-05-21 21:48:34,99.870000,25.670000,8.00,云南大理州漾濞县,6.4
2021-05-21 21:23:43,99.970000,25.660000,8.00,云南大理州漾濞县,4.5
2021-05-21 21:21:25,99.920000,25.630000,10.00,云南大理州漾濞县,5.6
2021-05-21 20:56:02,99.930000,25.630000,8.00,云南大理州漾濞县,4.2
2021-05-19 20:05:56,99.920000,25.660000,8.00,云南大理州漾濞县,4.4
2021-05-18 21:39:35,99.930000,25.650000,8.00,云南大理州漾濞县,4.2
2021-05-13 11:42:36,99.240000,24.430000,8.00,云南保山市施甸县,4.7
2021-05-12 22:37:06,85.080000,37.120000,10.00,新疆巴音郭楞州且末县,4.1
2021-05-08 05:24:16,120.850000,22.660000,10.00,台湾台东县,4.3
2021-05-03 19:42:39,94.160000,36.620000,10.00,青海海西州格尔木市,4.0
2021-05-03 13:07:29,123.950000,25.650000,200.00,琉球群岛,5.5
2021-04-29 22:32:58,121.720000,21.780000,15.00,台湾屏东县海域,4.2
2021-04-28 10:21:24,92.500000,26.760000,10.00,印度,6.2
2021-04-28 06:10:53,120.950000,23.140000,12.00,台湾台东县,4.2
2021-04-27 19:43:17,89.800000,35.590000,8.00,青海玉树州治多县,4.0
2021-04-21 21:28:23,89.620000,29.800000,24.00,西藏日喀则市南木林县,4.0
2021-04-18 22:14:38,121.430000,23.940000,5.00,台湾花莲县,6.1
2021-04-18 22:11:39,121.530000,23.920000,7.00,台湾花莲县,5.6
2021-04-16 16:06:06,118.710000,39.750000,9.00,河北唐山市滦州市,4.3
2021-04-07 21:19:35,121.600000,23.810000,20.00,台湾花莲县海域,4.2
2021-04-07 05:55:48,92.850000,31.870000,10.00,西藏那曲市比如县,4.0
2021-04-07 05:48:36,92.840000,31.890000,10.00,西藏那曲市比如县,4.7
2021-04-02 16:58:35,87.900000,34.470000,10.00,西藏那曲市双湖县,4.2
2021-04-02 15:55:51,89.510000,35.550000,10.00,西藏那曲市安多县,4.4
2021-04-02 03:20:04,79.000000,40.830000,8.00,新疆阿克苏地区柯坪县,4.3
2021-03-30 01:27:24,87.680000,34.380000,10.00,西藏那曲市双湖县,5.8
2021-03-28 14:41:18,122.760000,24.510000,80.00,台湾宜兰县海域,4.6
2021-03-28 01:24:11,89.750000,35.470000,10.00,青海玉树州治多县,4.1
2021-03-27 07:08:30,83.220000,40.770000,10.00,新疆阿克苏地区沙雅县,4.8
2021-03-27 06:02:16,125.100000,26.000000,130.00,琉球群岛西南部,6.1
2021-03-27 03:02:03,92.710000,27.540000,25.00,西藏山南市错那县,4.8
2021-03-26 08:18:30,91.230000,35.260000,10.00,青海玉树州治多县,4.0
2021-03-24 05:14:16,81.110000,41.700000,10.00,新疆阿克苏地区拜城县,5.4
2021-03-23 01:23:34,92.890000,31.930000,10.00,西藏那曲市比如县,4.2
2021-03-20 23:30:24,83.490000,34.700000,10.00,西藏阿里地区改则县,4.7
2021-03-19 14:11:26,92.740000,31.940000,10.00,西藏那曲市比如县,6.1
2021-03-17 14:27:16,80.850000,44.460000,8.00,新疆伊犁州霍城县,4.2
2021-03-14 18:26:00,81.110000,41.950000,22.00,新疆阿克苏地区拜城县,4.5
2021-03-05 01:57:33,80.320000,34.170000,10.00,西藏阿里地区日土县,4.2
2021-03-04 22:24:56,122.360000,24.750000,10.00,台湾宜兰县海域,4.3
2021-03-02 17:23:00,121.170000,21.920000,20.00,台湾屏东县海域,5.3
2021-02-22 09:50:47,121.890000,22.420000,75.00,台湾台东县海域,4.5
2021-02-18 02:38:47,121.410000,22.230000,16.00,台湾台东县海域,4.6
2021-02-15 16:23:11,104.840000,28.120000,10.00,四川宜宾市珙县,4.0
2021-02-09 00:58:01,122.120000,24.320000,20.00,台湾宜兰县海域,5.3
2021-02-09 00:56:31,122.430000,24.320000,20.00,台湾宜兰县海域,4.0
2021-02-07 01:36:04,122.500000,24.650000,70.00,台湾宜兰县海域,5.2
2021-02-06 22:54:29,93.800000,38.590000,10.00,青海海西州茫崖市,4.2
2021-02-05 01:02:04,77.020000,36.860000,100.00,新疆喀什地区叶城县,4.3
2021-02-04 13:06:23,87.520000,28.640000,28.00,西藏日喀则市定日县,4.3
2021-02-02 10:31:15,87.500000,28.550000,10.00,西藏日喀则市定日县,4.7
2021-01-28 15:29:31,121.120000,22.490000,10.00,台湾台东县海域,4.5
2021-01-25 19:39:22,122.270000,24.830000,95.00,台湾宜兰县海域,4.0
2021-01-23 09:59:10,104.220000,28.180000,10.00,云南昭通市盐津县,4.7
2021-01-21 21:42:40,76.940000,36.680000,100.00,新疆喀什地区叶城县,4.6
2021-01-19 02:21:28,123.970000,35.790000,12.00,黄海海域,4.6
2021-01-17 12:44:44,99.360000,24.330000,8.00,云南保山市昌宁县,4.1
2021-01-17 07:10:56,121.440000,22.440000,20.00,台湾台东县海域,5.1
2021-01-11 08:24:36,124.500000,25.550000,150.00,琉球群岛,5.0
2021-01-10 11:23:29,121.490000,23.770000,11.00,台湾花莲县,4.3
2021-01-09 19:35:50,122.210000,24.700000,80.00,台湾宜兰县海域,5.1
2021-01-08 11:48:56,81.020000,42.110000,10.00,新疆阿克苏地区拜城县,4.2
2021-01-04 10:58:29,104.020000,29.410000,13.00,四川乐山市犍为县,4.2
2021-01-02 21:26:47,122.240000,24.070000,24.00,台湾花莲县海域,4.4
2020-12-24 07:51:49,98.330000,34.180000,7.00,青海果洛州玛多县,4.2
2020-12-12 15:11:25,87.370000,43.650000,20.00,新疆乌鲁木齐市沙依巴克区,4.2
2020-12-11 21:05:11,82.950000,42.710000,10.00,新疆巴音郭楞州和静县,4.1
2020-12-11 02:15:08,122.060000,24.530000,49.00,台湾宜兰县附近海域,4.4
2020-12-10 21:19:58,121.990000,24.740000,80.00,台湾宜兰县海域,5.8
2020-12-10 13:29:36,121.660000,23.440000,18.00,台湾花莲县海域,4.7
2020-11-29 21:42:14,122.280000,24.140000,32.00,台湾花莲县海域,4.4
2020-11-17 04:14:26,121.020000,21.650000,34.00,台湾屏东县海域,4.2
2020-11-16 15:19:14,121.230000,22.060000,44.00,台湾台东县海域,4.6
2020-11-13 03:18:12,104.730000,28.170000,6.00,四川宜宾市珙县,4.1
2020-11-12 05:33:26,121.800000,21.570000,12.00,台湾台东县海域,4.6
2020-11-08 17:12:22,96.380000,28.500000,8.00,西藏林芝市察隅县,4.2
2020-11-06 09:40:15,122.160000,23.130000,15.00,台湾台东县海域,4.9
2020-11-06 02:36:11,121.450000,22.580000,17.00,台湾台东县海域,4.7
2020-11-04 01:59:11,121.560000,21.490000,96.00,台湾屏东县海域,4.0
2020-10-31 04:12:37,75.650000,38.940000,10.00,新疆克孜勒苏州阿克陶县,4.1
2020-10-22 11:03:37,104.180000,31.830000,20.00,四川绵阳市北川县,4.7
2020-10-21 21:12:35,90.250000,33.270000,8.00,西藏那曲市安多县,4.3
2020-10-21 12:04:47,104.170000,31.840000,17.00,四川绵阳市北川县,4.6
2020-10-18 06:45:26,76.860000,38.150000,12.00,新疆喀什地区莎车县,4.0
2020-10-17 23:03:14,120.350000,23.330000,12.00,台湾台南市,4.9
2020-10-12 23:39:43,122.010000,24.520000,9.00,台湾宜兰县海域,4.3
2020-10-06 07:43:22,79.120000,34.080000,10.00,西藏阿里地区日土县,4.9
2020-09-30 12:37:18,122.140000,24.850000,116.00,台湾宜兰县海域,5.0
2020-09-29 09:14:16,121.060000,22.310000,14.00,台湾台东县海域,4.8
2020-09-29 04:50:53,121.100000,22.290000,13.00,台湾台东县海域,5.0
2020-09-25 18:57:15,78.100000,34.260000,10.00,克什米尔,5.3
2020-09-21 19:18:08,81.940000,43.450000,17.00,新疆伊犁州巩留县,4.2
2020-09-21 07:54:47,121.670000,22.420000,6.00,台湾台东县海域,4.4
2020-09-19 04:55:50,81.950000,43.840000,15.00,新疆伊犁州伊宁县,4.6
2020-09-18 16:24:01,105.410000,26.210000,10.00,贵州六盘水市六枝特区,4.0
2020-09-17 09:37:51,121.430000,23.010000,15.00,台湾台东县海域,4.3
2020-09-13 01:19:16,83.750000,41.320000,10.00,新疆阿克苏地区库车市,4.9
2020-08-26 08:48:51,82.390000,35.770000,10.00,新疆和田地区于田县,4.3
2020-08-24 01:07:42,87.630000,30.440000,7.00,西藏那曲市尼玛县,4.0
2020-08-19 11:13:32,120.350000,23.250000,13.00,台湾台南市,4.3
2020-08-17 19:23:40,86.810000,33.050000,7.00,西藏那曲市尼玛县,4.6
2020-08-12 23:58:06,95.060000,29.950000,6.00,西藏林芝市巴宜区,4.4
2020-08-12 02:14:14,94.870000,30.350000,10.00,西藏林芝市波密县,4.1
2020-08-11 09:01:06,121.910000,24.730000,64.00,台湾宜兰县海域,4.2
2020-08-09 16:50:11,94.920000,30.320000,10.00,西藏林芝市波密县,4.4
2020-08-08 16:43:58,94.930000,30.330000,7.00,西藏林芝市波密县,4.4
2020-08-08 08:35:09,87.670000,43.230000,20.00,新疆吐鲁番市托克逊县,4.8
2020-08-05 19:18:47,90.490000,31.910000,8.00,西藏那曲市班戈县,4.0
2020-08-04 10:59:44,86.830000,33.220000,10.00,西藏那曲市尼玛县,4.3
2020-08-04 06:30:46,84.430000,43.980000,17.00,新疆塔城地区乌苏市,4.2
2020-08-02 07:47:48,77.300000,39.920000,20.00,新疆克孜勒苏州阿图什市,4.6
2020-08-01 00:45:07,94.850000,30.370000,6.00,西藏林芝市波密县,4.1
2020-07-31 19:20:09,86.890000,33.060000,8.00,西藏那曲市尼玛县,4.3
2020-07-26 20:52:27,122.480000,24.270000,50.00,台湾花莲县海域,5.5
2020-07-26 17:58:55,94.840000,30.390000,8.00,西藏林芝市波密县,4.4
2020-07-23 18:50:08,86.860000,33.160000,10.00,西藏那曲市尼玛县,4.8
2020-07-23 08:10:27,87.060000,32.960000,7.00,西藏那曲市尼玛县,4.1
2020-07-23 06:28:33,86.910000,33.240000,7.00,西藏那曲市尼玛县,4.3
2020-07-23 04:07:20,86.810000,33.190000,10.00,西藏那曲市尼玛县,6.6
2020-07-22 12:45:32,99.820000,22.390000,10.00,云南普洱市澜沧县,4.1
2020-07-21 14:18:46,94.830000,30.340000,7.00,西藏林芝市波密县,4.1
2020-07-21 03:21:36,94.910000,30.380000,9.00,西藏林芝市波密县,4.1
2020-07-20 07:36:36,94.870000,30.340000,8.00,西藏林芝市波密县,4.0
2020-07-19 18:15:45,94.870000,30.370000,8.00,西藏林芝市波密县,4.5
2020-07-14 21:18:12,87.660000,37.710000,20.00,新疆巴音郭楞州且末县,4.1
2020-07-13 09:28:02,80.820000,44.420000,15.00,新疆伊犁州霍城县,5.0
2020-07-12 15:03:26,102.920000,33.590000,8.00,四川阿坝州若尔盖县,4.0
2020-07-12 13:21:56,102.530000,22.890000,11.00,云南红河州绿春县,4.4
2020-07-12 12:06:08,122.820000,24.860000,130.00,台湾宜兰县海域,4.4
2020-07-12 06:38:25,118.440000,39.780000,10.00,河北唐山市古冶区,5.1
2020-07-09 11:24:22,121.740000,24.170000,18.00,台湾花莲县海域,4.3
2020-07-08 10:39:59,103.130000,26.020000,14.00,云南昆明市东川区,4.2
2020-07-07 05:23:03,93.050000,44.640000,10.00,新疆哈密市巴里坤县,4.2
2020-07-04 20:12:10,82.240000,35.590000,10.00,新疆和田地区于田县,4.1
2020-07-02 11:11:35,104.630000,27.160000,13.00,贵州毕节市赫章县,4.5
2020-06-29 20:52:47,122.340000,24.300000,60.00,台湾宜兰县海域,4.7
2020-06-27 15:11:27,122.630000,23.990000,20.00,台湾花莲县海域,4.1
2020-06-27 07:27:45,120.860000,23.070000,10.00,台湾高雄市,4.4
2020-06-26 09:30:59,82.340000,35.720000,10.00,新疆和田地区于田县,4.5
2020-06-26 07:07:53,82.390000,35.720000,10.00,新疆和田地区于田县,4.2
2020-06-26 06:51:45,82.340000,35.760000,10.00,新疆和田地区于田县,4.0
2020-06-26 05:17:06,82.410000,35.730000,8.00,新疆和田地区于田县,4.7
2020-06-26 05:05:20,82.330000,35.730000,10.00,新疆和田地区于田县,6.4
2020-06-26 04:29:38,82.340000,35.600000,8.00,新疆和田地区于田县,4.6
2020-06-19 08:26:38,123.240000,24.900000,10.00,琉球群岛,5.3
2020-06-14 04:18:59,122.410000,24.290000,27.00,台湾宜兰县海域,5.5
2020-06-13 23:51:23,128.420000,28.800000,150.00,琉球群岛,6.7
2020-06-12 21:03:39,104.730000,28.190000,8.00,四川宜宾市珙县,4.0
2020-06-11 09:38:27,122.430000,24.550000,70.00,台湾宜兰县海域,4.6
2020-06-07 09:49:23,121.670000,24.120000,11.00,台湾花莲县海域,4.0
2020-05-30 21:02:31,121.460000,24.140000,10.00,台湾花莲县,4.0
2020-05-29 03:34:23,120.800000,23.630000,26.00,台湾南投县,4.2
2020-05-25 06:31:27,122.180000,24.280000,10.00,台湾宜兰县海域,4.8
2020-05-23 02:38:16,85.610000,32.840000,7.00,西藏阿里地区改则县,4.7
2020-05-22 21:44:48,85.680000,32.930000,7.00,西藏阿里地区改则县,4.8
2020-05-18 21:47:59,103.160000,27.180000,8.00,云南昭通市巧家县,5.0
2020-05-14 05:09:32,73.930000,39.760000,8.00,新疆克孜勒苏州乌恰县,4.0
2020-05-11 00:49:13,78.700000,40.800000,21.00,新疆阿克苏地区柯坪县,4.2
2020-05-09 23:35:59,78.760000,40.770000,15.00,新疆阿克苏地区柯坪县,5.2
2020-05-07 19:47:07,80.810000,41.410000,12.00,新疆阿克苏地区温宿县,4.5
2020-05-06 18:51:00,74.100000,39.710000,10.00,新疆克孜勒苏州乌恰县,5.0
2020-05-03 11:24:40,121.600000,23.290000,40.00,台湾台东县海域,5.4
2020-05-01 04:17:52,89.440000,32.210000,8.00,西藏那曲市双湖县,4.2
2020-04-29 20:57:15,77.270000,39.540000,22.00,新疆喀什地区伽师县,4.1
2020-04-23 17:04:40,104.840000,28.420000,8.00,四川宜宾市长宁县,4.1
2020-04-16 06:29:48,83.210000,40.810000,10.00,新疆阿克苏地区沙雅县,4.7
2020-04-14 12:11:54,83.200000,40.730000,15.00,新疆阿克苏地区沙雅县,4.5
2020-04-14 12:10:33,83.240000,40.770000,20.00,新疆阿克苏地区沙雅县,4.4
2020-04-12 19:36:39,122.290000,24.030000,24.00,台湾花莲县海域,4.2
2020-04-09 07:49:18,121.950000,24.270000,24.00,台湾花莲县海域,4.4
2020-04-09 03:59:54,89.470000,39.260000,17.00,新疆巴音郭楞州若羌县,4.0
2020-04-08 05:51:23,73.950000,39.810000,10.00,新疆克孜勒苏州乌恰县,4.2
2020-04-04 06:54:40,85.500000,32.780000,8.00,西藏阿里地区改则县,4.4
2020-04-01 20:23:27,98.920000,33.040000,10.00,四川甘孜州石渠县,5.6
2020-03-30 16:20:59,111.850000,40.140000,14.00,内蒙古呼和浩特市和林格尔县,4.0
2020-03-24 22:39:42,94.780000,38.080000,10.00,青海海西州直辖区,4.0
2020-03-23 03:21:39,81.110000,41.750000,10.00,新疆阿克苏地区拜城县,5.0
2020-03-20 09:33:15,87.420000,28.630000,10.00,西藏日喀则市定日县,5.9
2020-03-17 12:02:08,85.700000,34.470000,7.00,西藏阿里地区改则县,4.0
2020-03-12 23:44:03,85.550000,32.880000,10.00,西藏阿里地区改则县,5.1
2020-03-10 02:12:11,85.520000,32.840000,10.00,西藏阿里地区改则县,5.0
2020-03-09 00:59:16,85.580000,32.790000,10.00,西藏阿里地区改则县,4.2
2020-03-08 06:58:16,75.810000,36.910000,10.00,新疆喀什地区塔什库尔干县,4.0
2020-02-29 05:36:25,81.070000,41.790000,19.00,新疆阿克苏地区拜城县,4.6
2020-02-25 19:14:02,121.450000,24.420000,15.00,台湾宜兰县,4.9
2020-02-21 23:39:14,77.470000,39.870000,10.00,新疆喀什地区伽师县,5.1
2020-02-21 02:11:05,85.880000,34.540000,10.00,西藏阿里地区改则县,4.0
2020-02-21 02:01:40,85.680000,34.560000,9.00,西藏阿里地区改则县,5.0
2020-02-19 13:27:45,121.590000,23.870000,9.00,台湾花莲县,4.3
2020-02-18 17:07:16,116.640000,36.470000,10.00,山东济南市长清区,4.1
2020-02-16 04:28:19,104.500000,29.480000,10.00,四川自贡市荣县,4.4
2020-02-16 03:20:13,121.630000,23.820000,11.00,台湾花莲县海域,4.5
2020-02-15 19:05:01,121.530000,23.860000,10.00,台湾花莲县,4.7
2020-02-15 19:00:07,121.490000,23.950000,10.00,台湾花莲县,5.4
2020-02-15 11:31:56,79.320000,41.850000,15.00,吉尔吉斯斯坦,5.0
2020-02-14 05:38:41,121.320000,22.360000,20.00,台湾台东县海域,4.2
2020-02-14 01:49:19,122.140000,24.220000,29.00,台湾花莲县海域,4.5
2020-02-04 01:02:56,121.560000,23.590000,24.00,台湾花莲县海域,4.6
2020-02-03 00:05:41,104.460000,30.740000,21.00,四川成都市青白江区,5.1
2020-02-01 17:43:58,95.720000,28.890000,10.00,西藏林芝市墨脱县,4.4
2020-01-31 18:55:19,97.860000,24.740000,20.00,云南德宏州盈江县,4.0
2020-01-31 14:09:39,122.050000,24.860000,10.00,台湾宜兰县附近海域,4.2
2020-01-31 13:45:31,77.170000,39.930000,24.00,新疆克孜勒苏州阿图什市,4.3
2020-01-30 15:38:11,94.720000,39.020000,10.00,甘肃酒泉市阿克塞县,4.2
2020-01-29 07:39:29,126.600000,27.160000,10.00,东海海域,5.3
2020-01-26 03:49:35,77.200000,39.920000,20.00,新疆克孜勒苏州阿图什市,4.0
2020-01-25 06:56:05,95.090000,31.980000,10.00,西藏昌都市丁青县,5.1
2020-01-23 22:26:30,98.870000,32.970000,13.00,四川甘孜州石渠县,4.3
2020-01-22 15:08:33,103.130000,31.660000,13.00,四川阿坝州理县,4.5
2020-01-19 23:49:30,77.470000,39.890000,16.00,新疆克孜勒苏州阿图什市,4.3
2020-01-19 22:55:10,77.440000,39.880000,18.00,新疆克孜勒苏州阿图什市,4.7
2020-01-19 22:23:01,77.460000,39.890000,14.00,新疆克孜勒苏州阿图什市,5.2
2020-01-19 21:51:52,77.270000,39.910000,19.00,新疆克孜勒苏州阿图什市,4.0
2020-01-19 21:27:55,77.210000,39.830000,16.00,新疆喀什地区伽师县,6.4
2020-01-19 11:22:33,121.760000,21.730000,10.00,台湾台东县海域,4.1
2020-01-19 02:00:12,93.370000,31.650000,8.00,西藏那曲市比如县,4.2
2020-01-18 00:05:50,77.180000,39.830000,20.00,新疆喀什地区伽师县,5.4
2020-01-16 16:32:38,83.600000,41.210000,16.00,新疆阿克苏地区库车市,5.6
2020-01-15 19:34:25,103.110000,25.540000,8.00,云南昆明市寻甸县,4.2
2020-01-08 01:09:37,104.930000,28.210000,12.00,四川宜宾市兴文县,4.1
2020-01-06 14:53:56,120.290000,23.400000,10.00,台湾嘉义县,4.6
2020-01-01 11:01:57,105.010000,29.020000,21.00,四川自贡市富顺县,4.3
2020-01-01 03:10:10,121.730000,24.060000,13.00,台湾花莲县海域,4.7
2019-12-31 01:50:01,74.650000,35.510000,30.00,克什米尔地区,5.1
2019-12-31 01:18:59,74.550000,35.650000,30.00,克什米尔地区,5.5
2019-12-26 18:36:34,113.400000,30.870000,10.00,湖北孝感市应城市,4.9
2019-12-20 06:16:26,79.880000,34.860000,10.00,新疆和田地区和田县,4.4
2019-12-19 20:07:53,87.230000,32.470000,10.00,西藏那曲市尼玛县,4.6
2019-12-18 08:14:05,104.820000,29.590000,14.00,四川内江市资中县,5.2
2019-12-16 19:25:57,121.820000,24.550000,43.00,台湾宜兰县,4.5
2019-12-15 02:53:19,79.120000,38.910000,25.00,新疆喀什地区巴楚县,4.5
2019-12-12 08:49:18,78.780000,36.940000,10.00,新疆和田地区皮山县,4.0
2019-12-09 15:20:57,104.250000,31.560000,10.00,四川绵阳市安州区,4.6
2019-12-08 16:10:17,121.390000,33.060000,15.00,黄海海域,4.1
2019-12-05 15:54:04,78.240000,40.380000,25.00,新疆阿克苏地区柯坪县,4.0
2019-12-05 10:46:27,81.650000,41.730000,15.00,新疆阿克苏地区拜城县,4.9
2019-12-05 08:02:28,118.040000,39.310000,10.00,河北唐山市丰南区,4.5
2019-11-29 01:04:26,78.040000,36.150000,100.00,新疆和田地区皮山县,4.0
2019-11-28 07:49:50,106.660000,22.900000,10.00,广西百色市靖西市,4.3
2019-11-27 21:03:02,104.950000,28.350000,18.00,四川宜宾市长宁县,4.0
2019-11-25 09:32:42,121.770000,24.010000,10.00,台湾花莲县海域,4.5
2019-11-25 09:18:19,106.650000,22.890000,10.00,广西百色市靖西市,5.2
2019-11-25 01:02:35,99.700000,25.970000,12.00,云南大理州洱源县,4.3
2019-11-10 06:46:51,104.990000,28.170000,8.00,四川宜宾市兴文县,4.1
2019-11-03 03:26:33,122.060000,24.380000,23.00,台湾宜兰县海域,4.2
2019-11-02 06:36:14,88.990000,35.200000,11.00,西藏那曲市安多县,4.6
2019-10-30 19:04:34,75.850000,37.000000,10.00,新疆喀什地区塔什库尔干县,4.0
2019-10-28 01:56:48,102.690000,35.100000,10.00,甘肃甘南州夏河县,5.7
2019-10-27 18:52:39,78.830000,41.180000,9.00,新疆阿克苏地区乌什县,4.5
2019-10-27 13:29:45,78.820000,41.210000,11.00,新疆阿克苏地区乌什县,5.0
2019-10-17 19:44:31,122.580000,24.020000,16.00,台湾花莲县海域,5.1
2019-10-12 22:55:24,110.510000,22.180000,10.00,广西玉林市北流市,5.2
2019-10-08 01:17:05,122.480000,24.700000,7.00,台湾宜兰县海域,4.3
2019-10-02 20:04:34,108.380000,28.400000,10.00,贵州铜仁市沿河县,4.9
2019-09-30 20:24:18,76.150000,40.220000,19.00,新疆克孜勒苏州阿图什市,4.1
2019-09-30 14:04:25,83.480000,40.900000,20.00,新疆阿克苏地区沙雅县,4.1
2019-09-27 18:58:30,88.780000,37.840000,10.00,新疆巴音郭楞州若羌县,4.8
2019-09-27 01:17:11,88.750000,37.930000,8.00,新疆巴音郭楞州若羌县,4.5
2019-09-20 03:43:07,83.790000,41.260000,10.00,新疆阿克苏地区库车县,4.5
2019-09-16 20:48:39,100.350000,38.600000,11.00,甘肃张掖市甘州区,5.0
2019-09-16 00:13:07,84.310000,42.320000,21.00,新疆巴音郭楞州轮台县,4.1
2019-09-12 20:17:53,104.780000,28.410000,10.00,四川宜宾市珙县,4.0
2019-09-10 14:08:03,121.880000,24.000000,9.00,台湾花莲县海域,4.6
2019-09-10 01:27:43,104.490000,29.510000,11.00,四川自贡市荣县,4.0
2019-09-09 13:07:50,121.480000,21.170000,90.00,台湾屏东县东部海域,4.3
2019-09-08 10:36:22,104.530000,29.510000,7.00,四川内江市威远县,4.3
2019-09-08 06:42:13,104.790000,29.550000,10.00,四川内江市威远县,5.4
2019-09-05 21:58:35,116.160000,14.770000,20.00,南海海域,5.2
2019-09-03 08:47:30,121.600000,23.710000,7.00,台湾花莲县海域,4.3
2019-08-31 15:50:20,121.640000,23.090000,10.00,台湾台东县海域,4.1
2019-08-20 19:17:01,109.410000,18.510000,12.00,海南三亚市天涯区,4.2
2019-08-18 12:05:14,121.570000,23.740000,6.00,台湾花莲县,5.0
2019-08-18 04:48:02,118.560000,23.370000,15.00,台湾海峡,4.3
2019-08-17 22:52:07,121.540000,23.740000,9.00,台湾花莲县,4.1
2019-08-15 07:47:01,94.850000,30.380000,8.00,西藏林芝市波密县,4.3
2019-08-14 16:13:51,94.820000,30.370000,8.00,西藏林芝市波密县,4.3
2019-08-13 06:31:53,104.870000,28.360000,12.00,四川宜宾市长宁县,4.1
2019-08-13 06:09:43,90.200000,38.510000,6.00,新疆巴音郭楞州若羌县,4.1
2019-08-11 10:13:23,94.850000,30.370000,7.00,西藏林芝市波密县,4.1
2019-08-09 15:23:49,101.590000,37.690000,9.00,青海海北州门源县,4.9
2019-08-08 05:28:02,121.960000,24.520000,30.00,台湾宜兰县海域,6.4
2019-08-06 09:31:30,121.620000,23.640000,10.00,台湾花莲县海域,4.5
2019-08-06 09:19:48,121.700000,23.610000,13.00,台湾花莲县海域,4.9
2019-08-03 06:24:44,121.580000,23.630000,5.00,台湾花莲县海域,4.8
2019-08-02 21:53:09,121.610000,23.660000,7.00,台湾花莲县海域,4.5
2019-08-01 16:50:29,118.580000,23.360000,11.00,台湾海峡,4.2
2019-07-26 14:39:56,121.800000,24.770000,60.00,台湾宜兰县,4.0
2019-07-26 11:24:25,92.680000,34.400000,10.00,青海玉树州治多县,4.3
2019-07-23 14:56:57,96.060000,28.740000,6.00,西藏林芝市察隅县,4.0
2019-07-23 04:46:58,124.360000,25.080000,130.00,琉球群岛西南部,5.0
2019-07-22 20:32:16,87.760000,42.690000,8.00,新疆巴音郭楞州和硕县,4.6
2019-07-22 16:26:36,104.910000,28.350000,9.00,四川宜宾市长宁县,4.1
2019-07-22 12:06:05,120.740000,20.960000,30.00,台湾屏东县海域,4.7
2019-07-21 20:23:28,100.620000,26.160000,10.00,云南丽江市永胜县,4.9
2019-07-20 06:54:25,92.860000,27.760000,10.00,西藏山南市错那县,4.8
2019-07-19 17:22:14,92.890000,27.670000,10.00,西藏山南市错那县,5.6
2019-07-16 01:41:27,91.180000,31.800000,8.00,西藏那曲市安多县,4.1
2019-07-13 08:57:41,128.260000,29.150000,230.00,东海海域,6.0
2019-07-09 02:35:35,122.480000,23.820000,9.00,台湾花莲县海域,4.4
2019-07-04 23:13:53,87.100000,35.970000,8.00,西藏那曲市双湖县,4.2
2019-07-04 10:17:58,104.740000,28.410000,8.00,四川宜宾市珙县,5.6
2019-07-04 03:32:25,91.930000,32.900000,10.00,青海海西州唐古拉地区,4.3
2019-07-03 12:26:53,104.850000,28.400000,10.00,四川宜宾市长宁县,4.8
2019-06-30 03:44:11,122.310000,22.430000,30.00,台湾台东县海域,4.8
2019-06-29 21:20:19,82.690000,33.600000,6.00,西藏阿里地区改则县,4.0
2019-06-24 21:24:21,101.670000,24.980000,10.00,云南楚雄州楚雄市,4.7
2019-06-24 09:23:15,104.800000,28.440000,10.00,四川宜宾市长宁县,4.1
2019-06-23 08:28:17,104.820000,28.390000,14.00,四川宜宾市珙县,4.6
2019-06-22 22:29:56,104.770000,28.430000,10.00,四川宜宾市珙县,5.4
2019-06-18 07:34:33,104.890000,28.370000,17.00,四川宜宾市长宁县,5.3
2019-06-18 05:03:25,104.870000,28.380000,14.00,四川宜宾市长宁县,4.5
2019-06-18 00:37:55,104.870000,28.390000,10.00,四川宜宾市长宁县,4.2
2019-06-18 00:29:07,104.850000,28.390000,10.00,四川宜宾市长宁县,4.1
2019-06-17 23:36:01,104.770000,28.430000,16.00,四川宜宾市珙县,5.1
2019-06-17 22:55:43,104.900000,28.340000,16.00,四川宜宾市长宁县,6.0
2019-06-05 15:26:55,103.630000,28.110000,8.00,云南昭通市永善县,4.1
2019-06-04 17:46:16,121.750000,22.820000,9.00,台湾台东县海域,5.8
2019-06-03 01:47:11,124.810000,45.380000,11.00,吉林松原市宁江区,4.0
2019-06-01 00:01:31,75.800000,36.900000,6.00,新疆喀什地区塔什库尔干县,4.2
2019-05-31 23:53:18,120.580000,22.890000,27.00,台湾高雄市,4.2
2019-05-26 10:09:25,87.700000,30.300000,8.00,西藏日喀则市谢通门县,4.2
2019-05-26 09:44:54,87.700000,30.340000,8.00,西藏日喀则市谢通门县,4.3
2019-05-23 14:12:49,121.570000,24.020000,15.00,台湾花莲县,4.5
2019-05-23 04:41:27,122.160000,23.730000,18.00,台湾花莲县海域,4.1
2019-05-22 09:37:24,121.670000,23.960000,20.00,台湾花莲县海域,4.0
2019-05-18 06:24:48,124.750000,45.300000,10.00,吉林松原市宁江区,5.1
2019-05-16 04:33:31,103.530000,28.070000,10.00,云南昭通市永善县,4.7
2019-05-12 05:55:27,100.580000,39.960000,14.00,内蒙古阿拉善盟阿拉善右旗,4.0
2019-05-10 03:15:53,80.440000,45.110000,7.00,新疆维吾尔自治区博尔塔拉蒙古自治州温泉县,4.0
2019-05-08 23:48:48,122.550000,24.750000,90.00,台湾宜兰县海域,4.4
2019-05-02 15:57:58,103.010000,30.430000,14.00,四川雅安市芦山县,4.5
2019-04-29 08:23:21,73.670000,39.320000,82.00,新疆克孜勒苏州阿克陶县,4.2
2019-04-28 04:27:37,97.450000,39.190000,10.00,甘肃张掖市肃南县,4.8
2019-04-24 19:56:42,82.470000,34.890000,8.00,西藏阿里地区改则县,4.2
2019-04-24 04:15:48,94.610000,28.400000,10.00,西藏林芝市墨脱县,6.3
2019-04-18 13:01:05,121.650000,24.020000,24.00,台湾花莲县海域,6.7
2019-04-15 02:31:06,89.390000,32.260000,9.00,西藏那曲市双湖县,4.3
2019-04-14 19:20:54,81.110000,44.320000,16.00,新疆伊犁州霍城县,4.3
2019-04-10 06:57:52,121.940000,24.210000,23.00,台湾花莲县海域,4.0
2019-04-10 04:24:13,121.650000,23.930000,10.00,台湾花莲县海域,4.3
2019-04-09 23:13:22,121.610000,23.960000,10.00,台湾花莲县海域,5.0
2019-04-08 14:58:10,121.490000,22.050000,11.00,台湾台东县海域,4.4
2019-04-08 12:12:40,129.500000,26.300000,20.00,琉球群岛,5.2
2019-04-04 09:56:55,120.850000,23.000000,10.00,台湾台东县,5.1
2019-04-03 09:52:56,120.870000,22.950000,12.00,台湾台东县,5.7
2019-04-01 10:54:36,122.220000,24.950000,100.00,台湾新北市海域,4.3
2019-03-28 07:00:20,90.920000,38.320000,9.00,青海海西州茫崖市,4.2
2019-03-28 05:36:31,90.890000,38.280000,9.00,青海海西州茫崖市,5.0
2019-03-17 04:25:47,83.710000,41.190000,10.00,新疆阿克苏地区库车县,4.0
2019-03-15 18:40:51,91.120000,38.720000,11.00,新疆巴音郭楞州若羌县,4.0
2019-03-15 02:14:24,91.100000,38.780000,7.00,新疆巴音郭楞州若羌县,4.2
2019-03-14 13:32:42,101.830000,34.970000,10.00,青海黄南州泽库县,4.3
2019-03-14 05:07:22,121.420000,23.040000,15.00,台湾台东县海域,4.3
2019-03-13 12:32:34,121.640000,23.650000,24.00,台湾花莲县海域,4.6
2019-03-10 20:34:35,91.990000,35.370000,10.00,青海玉树州治多县,4.2
2019-03-08 10:32:14,121.340000,22.460000,11.00,台湾台东县海域,5.3
2019-03-08 03:37:19,99.310000,23.940000,11.00,云南临沧市永德县,4.4
2019-03-07 11:49:01,120.220000,20.930000,24.00,台湾屏东县海域,4.2
2019-02-25 13:15:59,104.490000,29.480000,5.00,四川自贡市荣县,4.9
2019-02-25 08:40:26,104.500000,29.460000,5.00,四川自贡市荣县,4.3
2019-02-24 05:38:10,104.490000,29.470000,5.00,四川自贡市荣县,4.7
2019-02-20 11:40:12,97.370000,38.450000,7.00,青海海西州德令哈市,4.5
2019-02-16 18:01:30,125.050000,25.200000,10.00,琉球群岛西南部,5.0
2019-02-15 22:08:06,121.810000,23.810000,32.00,台湾花莲县海域,4.1
2019-02-13 02:23:02,121.600000,23.750000,6.00,台湾花莲县海域,4.1
2019-02-13 00:39:02,122.430000,24.940000,9.00,台湾宜兰县海域,4.1
2019-02-12 22:49:56,101.400000,22.850000,5.00,云南普洱市宁洱县,4.4
2019-02-08 00:52:05,120.610000,23.280000,24.00,台湾嘉义县,4.6
2019-02-07 13:35:49,87.440000,29.220000,6.00,西藏日喀则市昂仁县,4.0
2019-02-02 05:54:41,83.340000,46.730000,16.00,新疆塔城地区塔城市,5.2
2019-02-02 05:26:06,100.930000,27.110000,15.00,云南丽江市宁蒗县,4.1
2019-01-30 23:14:54,120.370000,22.020000,8.00,台湾屏东县海域,4.3
2019-01-30 13:21:34,122.430000,23.770000,20.00,台湾花莲县海域,5.2
2019-01-22 11:19:25,121.420000,22.240000,16.00,台湾台东县海域,4.5
2019-01-20 23:06:40,87.640000,30.200000,10.00,西藏日喀则市谢通门县,4.6
2019-01-20 22:28:33,87.770000,30.090000,10.00,西藏日喀则市谢通门县,5.0
2019-01-20 10:52:01,94.930000,29.920000,10.00,西藏林芝市巴宜区,4.4
2019-01-19 02:11:20,93.070000,44.850000,7.00,新疆哈密市巴里坤县,4.5
2019-01-17 21:32:36,81.520000,41.750000,6.00,新疆阿克苏地区拜城县,4.3
2019-01-12 12:32:02,75.590000,39.570000,10.00,新疆喀什地区疏附县,5.1
2019-01-10 20:00:53,101.710000,21.260000,10.00,云南西双版纳州勐腊县,4.2
2019-01-08 20:16:45,121.640000,23.200000,30.00,台湾台东县海域,4.7
2019-01-07 00:22:30,77.660000,39.920000,10.00,新疆喀什地区伽师县,4.8
2019-01-04 02:02:49,121.040000,22.900000,10.00,台湾台东县,4.4
2019-01-03 08:48:06,104.860000,28.200000,15.00,四川宜宾市珙县,5.3
2018-12-24 03:32:21,87.640000,30.320000,8.00,西藏日喀则市谢通门县,5.8
2018-12-20 19:49:43,74.730000,39.040000,8.00,新疆克孜勒苏州阿克陶县,4.3
2018-12-20 19:08:08,74.750000,39.080000,10.00,新疆克孜勒苏州阿克陶县,5.2
2018-12-19 01:21:22,81.080000,35.250000,6.00,西藏阿里地区日土县,4.1
2018-12-16 12:46:07,104.950000,28.240000,12.00,四川宜宾市兴文县,5.7
2018-12-16 05:21:05,121.800000,23.710000,26.00,台湾花莲县海域,5.2
2018-12-14 13:02:07,104.240000,38.470000,20.00,内蒙古阿拉善盟阿拉善左旗,4.0
2018-12-13 23:39:42,98.820000,29.610000,10.00,西藏昌都市芒康县,4.4
2018-12-13 23:32:50,98.810000,29.620000,8.00,西藏昌都市芒康县,4.9
2018-12-13 13:47:32,74.740000,38.940000,8.00,新疆克孜勒苏州阿克陶县,4.0
2018-12-12 21:24:24,121.600000,23.930000,18.00,台湾花莲县,4.6
2018-12-09 23:15:41,121.570000,24.020000,21.00,台湾花莲县,4.8
2018-12-08 06:39:26,86.380000,43.820000,10.00,新疆昌吉州呼图壁县,4.5
2018-12-05 13:52:37,77.450000,40.400000,17.00,新疆克孜勒苏州阿图什市,4.1
2018-12-01 23:07:27,92.620000,28.120000,5.00,西藏山南市隆子县,4.1
2018-11-30 15:57:37,124.690000,45.240000,9.00,吉林松原市宁江区,4.0
2018-11-27 18:29:34,118.630000,23.330000,8.00,台湾海峡,4.3
2018-11-26 20:50:56,118.650000,23.310000,7.00,台湾海峡,4.5
2018-11-26 07:57:24,118.600000,23.280000,20.00,台湾海峡,6.2
2018-11-25 20:23:34,81.500000,44.680000,22.00,新疆博尔塔拉州博乐市,4.9
2018-11-22 16:48:45,89.550000,33.600000,9.00,西藏那曲市双湖县,4.1
2018-11-21 05:44:49,84.030000,33.960000,6.00,西藏阿里地区改则县,4.3
2018-11-19 22:40:16,121.900000,24.320000,23.00,台湾宜兰县海域,4.0
2018-11-19 14:19:00,122.480000,23.960000,16.00,台湾花莲县海域,4.4
2018-11-16 15:01:23,89.610000,35.520000,9.00,西藏那曲市安多县,4.3
2018-11-15 02:47:18,94.340000,43.940000,8.00,新疆哈密市伊吾县,4.1
2018-11-15 01:10:49,83.890000,34.000000,7.00,西藏阿里地区改则县,4.2
2018-11-08 05:05:11,122.550000,22.800000,30.00,台湾台东县海域,4.8
2018-11-06 13:43:43,90.330000,32.810000,9.00,西藏那曲市安多县,4.3
2018-11-04 22:20:45,89.380000,33.330000,9.00,西藏那曲市双湖县,4.1
2018-11-04 05:36:19,77.630000,40.240000,22.00,新疆克孜勒苏州阿图什市,5.1
2018-11-03 06:35:13,84.010000,34.050000,10.00,西藏阿里地区改则县,4.5
2018-11-01 07:09:01,87.740000,30.330000,5.00,西藏日喀则市谢通门县,4.8
2018-10-31 16:29:55,102.080000,27.700000,19.00,四川凉山州西昌市,5.1
2018-10-31 09:49:28,87.670000,30.320000,6.00,西藏日喀则市谢通门县,4.5
2018-10-30 10:22:18,75.120000,39.450000,10.00,新疆克孜勒苏州乌恰县,4.7
2018-10-24 01:31:17,78.690000,40.890000,11.00,新疆克孜勒苏州阿合奇县,4.2
2018-10-24 00:04:03,122.680000,24.010000,30.00,台湾花莲县海域,5.7
2018-10-23 12:34:57,122.650000,24.010000,30.00,台湾花莲县海域,6.0
2018-10-23 05:37:26,82.510000,44.160000,15.00,新疆博尔塔拉州精河县,4.5
2018-10-23 00:49:33,87.700000,30.350000,8.00,西藏日喀则市谢通门县,4.1
2018-10-22 18:08:32,84.020000,34.170000,8.00,西藏阿里地区改则县,4.0
2018-10-21 16:42:03,82.280000,41.770000,20.00,新疆阿克苏地区拜城县,4.2
2018-10-20 18:47:42,82.270000,41.870000,22.00,新疆阿克苏地区拜城县,4.5
2018-10-19 21:25:48,74.110000,38.320000,160.00,塔吉克斯坦,5.1
2018-10-18 15:52:00,89.180000,33.480000,18.00,西藏那曲市双湖县,4.8
2018-10-17 13:29:18,102.210000,25.890000,11.00,云南楚雄州武定县,4.5
2018-10-17 13:16:42,89.320000,33.540000,7.00,西藏那曲市双湖县,4.1
2018-10-16 10:10:12,82.530000,44.190000,10.00,新疆博尔塔拉州精河县,5.4
2018-10-11 17:10:02,110.470000,31.030000,7.00,湖北宜昌市秭归县,4.1
2018-10-11 15:06:30,110.470000,31.030000,7.00,湖北宜昌市秭归县,4.5
2018-10-10 17:43:11,122.110000,24.900000,10.00,台湾新北市海域,4.6
2018-10-09 06:55:16,83.500000,40.860000,18.00,新疆阿克苏地区沙雅县,4.1
2018-10-08 22:47:55,74.740000,39.530000,10.00,新疆克孜勒苏州乌恰县,4.3
2018-10-07 19:15:39,87.270000,43.240000,10.00,新疆乌鲁木齐市乌鲁木齐县,4.2
2018-10-07 05:46:22,89.070000,33.640000,7.00,西藏那曲市双湖县,4.1
2018-10-06 23:35:18,89.360000,35.520000,7.00,西藏那曲市安多县,4.2
2018-09-28 05:13:22,80.710000,34.270000,6.00,西藏阿里地区日土县,5.1
2018-09-26 15:50:48,83.520000,44.250000,7.00,新疆塔城地区乌苏市,4.3
2018-09-15 09:13:13,124.710000,45.190000,10.00,吉林松原市宁江区,4.5
2018-09-12 19:06:34,105.690000,32.750000,11.00,陕西汉中市宁强县,5.3
2018-09-09 06:24:49,83.510000,40.870000,16.00,新疆阿克苏地区沙雅县,4.2
2018-09-08 10:35:58,101.600000,23.280000,15.00,云南普洱市墨江县,4.7
2018-09-08 10:34:25,101.570000,23.270000,11.00,云南普洱市墨江县,4.1
2018-09-08 10:31:29,101.530000,23.280000,11.00,云南普洱市墨江县,5.9
2018-09-04 10:51:24,76.890000,39.480000,17.00,新疆喀什地区伽师县,4.6
2018-09-04 05:52:56,76.980000,39.510000,8.00,新疆喀什地区伽师县,5.5
2018-09-04 05:51:44,77.000000,39.510000,7.00,新疆喀什地区伽师县,4.7
2018-08-30 07:32:08,83.950000,34.080000,7.00,西藏阿里地区改则县,4.2
2018-08-29 22:01:17,83.920000,34.010000,8.00,西藏阿里地区改则县,4.0
2018-08-25 11:18:35,80.890000,45.010000,22.00,新疆博尔塔拉州温泉县,4.1
2018-08-19 16:18:19,88.760000,33.270000,8.00,西藏那曲市双湖县,4.4
2018-08-18 08:15:17,120.940000,24.060000,10.00,台湾南投县,4.7
2018-08-18 07:43:28,86.390000,43.810000,7.00,新疆昌吉州呼图壁县,4.8
2018-08-17 18:09:42,121.030000,24.020000,19.00,台湾南投县,4.5
2018-08-15 21:28:11,104.000000,27.430000,10.00,贵州毕节市威宁县,4.4
2018-08-14 03:50:36,102.710000,24.190000,6.00,云南玉溪市通海县,5.0
2018-08-13 01:44:24,102.710000,24.190000,7.00,云南玉溪市通海县,5.0
2018-08-09 16:01:32,119.960000,20.980000,15.00,台湾屏东县海域,4.7
2018-08-04 12:04:12,81.110000,35.190000,10.00,西藏阿里地区日土县,5.2
2018-08-03 09:34:20,92.330000,34.900000,10.00,青海玉树州治多县,5.1
2018-08-02 21:38:18,120.670000,23.670000,18.00,台湾南投县,4.4
2018-08-01 23:46:23,87.720000,30.330000,8.00,西藏日喀则市谢通门县,4.2
2018-07-23 07:02:03,104.550000,29.550000,14.00,四川内江市威远县,4.2
2018-07-21 08:40:35,80.990000,35.090000,7.00,西藏阿里地区日土县,4.0
2018-07-14 02:38:38,121.250000,22.960000,4.00,台湾台东县,4.7
2018-07-13 03:46:47,73.530000,38.370000,120.00,塔吉克斯坦,5.2
2018-07-03 17:20:55,120.920000,23.180000,6.00,台湾台东县,4.3
2018-07-02 15:26:10,120.440000,23.460000,15.00,台湾嘉义市,4.3
2018-06-29 08:42:18,104.570000,32.170000,18.00,四川绵阳市平武县,4.0
2018-06-19 07:45:02,78.440000,35.900000,12.00,新疆和田地区皮山县,4.2
2018-06-17 11:12:13,94.930000,38.870000,15.00,甘肃酒泉市阿克塞县,4.5
2018-06-16 04:53:54,121.850000,24.630000,79.00,台湾宜兰县,4.1
2018-06-12 04:52:29,121.700000,23.960000,11.00,台湾花莲县海域,4.6
2018-06-11 23:42:06,121.740000,23.950000,8.00,台湾花莲县海域,4.3
2018-06-07 22:07:27,82.730000,41.650000,7.00,新疆阿克苏地区库车县,4.2
2018-06-07 02:15:50,78.440000,35.920000,7.00,新疆和田地区皮山县,4.9
2018-06-02 10:01:10,121.020000,23.900000,18.00,台湾南投县,4.3
2018-06-02 01:43:26,121.530000,23.930000,16.00,台湾花莲县,4.1
2018-05-31 09:03:17,121.340000,22.770000,9.00,台湾台东县海域,4.9
2018-05-28 01:50:52,124.710000,45.270000,13.00,吉林松原市宁江区,5.7
2018-05-20 07:12:36,100.740000,21.920000,8.00,云南西双版纳州景洪市,4.2
2018-05-19 11:09:07,122.230000,24.940000,24.00,台湾新北市海域,4.2
2018-05-17 21:36:29,89.170000,33.990000,5.00,西藏那曲市双湖县,4.2
2018-05-16 16:46:40,102.270000,29.180000,9.00,四川雅安市石棉县,4.3
2018-05-16 16:46:11,102.280000,29.190000,11.00,四川雅安市石棉县,4.3
2018-05-13 22:17:05,86.420000,43.780000,10.00,新疆昌吉州呼图壁县,4.0
2018-05-08 08:44:08,75.750000,40.130000,11.00,新疆克孜勒苏州乌恰县,4.1
2018-05-06 17:23:39,96.530000,34.560000,9.00,青海玉树州称多县,5.3
2018-05-06 03:56:38,88.440000,35.970000,5.00,西藏那曲市双湖县,4.6
2018-05-05 00:37:43,96.600000,34.550000,8.00,青海玉树州称多县,4.8
2018-05-02 07:47:04,122.290000,23.970000,15.00,台湾花莲县海域,5.2
2018-05-01 11:14:45,86.620000,43.610000,12.00,新疆昌吉州昌吉市,4.3
2018-04-29 15:02:37,121.050000,22.330000,8.00,台湾台东县海域,4.3
2018-04-27 13:55:54,121.000000,22.350000,17.00,台湾台东县海域,4.2
2018-04-24 01:10:31,122.450000,23.910000,15.00,台湾花莲县海域,4.2
2018-04-23 03:16:00,87.930000,35.230000,7.00,西藏那曲市双湖县,4.1
2018-04-21 18:56:54,121.660000,23.110000,8.00,台湾台东县海域,4.0
2018-04-16 21:48:59,121.370000,23.050000,18.00,台湾台东县海域,4.4
2018-04-12 18:41:49,77.200000,40.470000,6.00,新疆克孜勒苏州阿图什市,4.6
2018-04-05 23:08:01,87.650000,41.100000,12.00,新疆巴音郭楞州尉犁县,4.9
2018-04-03 16:14:38,74.300000,39.770000,9.00,新疆克孜勒苏州乌恰县,4.9
2018-04-01 09:18:33,85.460000,42.140000,6.00,新疆巴音郭楞州库尔勒市,4.2
2018-03-31 03:18:40,81.030000,42.150000,7.00,新疆阿克苏地区拜城县,4.2
2018-03-29 08:17:50,120.970000,24.080000,6.00,台湾南投县,4.9
2018-03-22 22:27:51,120.590000,23.650000,11.00,台湾云林县,4.4
2018-03-20 17:22:56,120.520000,23.330000,14.00,台湾台南市,5.1
2018-03-14 18:48:41,122.070000,24.120000,6.00,台湾花莲县海域,4.4
2018-03-05 06:49:58,124.620000,45.260000,10.00,吉林松原市前郭尔罗斯县,4.2
2018-03-04 01:35:51,121.860000,24.230000,9.00,台湾花莲县海域,4.6
2018-03-02 01:27:17,87.750000,30.320000,5.00,西藏日喀则市谢通门县,4.5
2018-02-26 02:28:40,121.970000,24.430000,17.00,台湾宜兰县海域,5.0
2018-02-22 08:10:48,101.550000,30.460000,18.00,四川甘孜州道孚县,4.2
2018-02-22 07:10:40,121.660000,23.500000,26.00,台湾花莲县附近海域,4.9
2018-02-20 22:09:57,100.780000,24.470000,6.00,云南普洱市景东县,4.0
2018-02-19 22:47:00,121.630000,24.610000,59.00,台湾宜兰县,4.9
2018-02-19 03:21:49,121.120000,23.920000,27.00,台湾南投县,4.2
2018-02-18 11:44:11,105.020000,32.290000,19.00,四川广元市青川县,4.4
2018-02-17 18:14:12,87.550000,38.300000,15.00,新疆巴音郭楞州若羌县,4.4
2018-02-15 18:17:24,82.300000,35.890000,9.00,新疆和田地区于田县,4.5
2018-02-15 11:27:41,99.980000,27.240000,12.00,云南迪庆州香格里拉市,4.0
2018-02-15 07:58:58,86.850000,34.930000,44.00,西藏那曲地区尼玛县,4.2
2018-02-13 17:32:04,96.780000,36.910000,9.00,青海海西州都兰县,4.0
2018-02-12 18:31:36,116.670000,39.370000,20.00,河北廊坊市永清县,4.3
2018-02-10 02:43:09,121.830000,24.000000,10.00,台湾花莲县附近海域,4.5
2018-02-09 22:58:05,100.890000,22.320000,12.00,云南西双版纳州景洪市,4.9
2018-02-09 19:00:37,111.560000,32.830000,10.00,河南南阳市淅川县,4.3
2018-02-09 04:58:48,93.270000,32.710000,9.00,青海玉树州杂多县,4.0
2018-02-08 21:28:18,92.480000,43.750000,10.00,新疆哈密地区巴里坤县,4.2
2018-02-08 11:06:04,121.620000,23.950000,6.00,台湾花莲县附近海域,4.2
2018-02-08 08:54:17,121.620000,23.940000,8.00,台湾花莲县附近海域,4.9
2018-02-07 23:21:30,121.790000,24.070000,12.00,台湾花莲县海域,6.1
2018-02-07 22:19:20,121.780000,23.920000,10.00,台湾花莲县附近海域,4.6
2018-02-07 21:06:40,121.780000,24.070000,11.00,台湾花莲县附近海域,4.8
2018-02-07 19:13:05,121.790000,23.980000,13.00,台湾花莲县海域,5.0
2018-02-07 11:36:18,121.740000,24.050000,11.00,台湾花莲县附近海域,4.8
2018-02-07 10:18:04,121.710000,24.070000,8.00,台湾花莲县附近海域,4.8
2018-02-07 07:43:53,121.620000,24.030000,7.00,台湾花莲县,4.6
2018-02-07 07:11:43,121.680000,24.040000,6.00,台湾花莲县附近海域,4.5
2018-02-07 04:56:23,121.680000,24.070000,6.00,台湾花莲县附近海域,4.6
2018-02-07 03:36:37,121.710000,23.980000,9.00,台湾花莲县附近海域,4.1
2018-02-07 03:15:30,121.690000,24.020000,10.00,台湾花莲县海域,5.9
2018-02-07 02:07:40,121.680000,24.050000,10.00,台湾花莲县海域,5.2
2018-02-07 02:00:13,121.740000,24.100000,10.00,台湾花莲县海域,5.2
2018-02-07 00:17:58,121.590000,24.010000,8.00,台湾花莲县,4.4
2018-02-06 23:50:42,121.710000,24.130000,11.00,台湾花莲县海域,6.5
2018-02-06 16:36:50,121.720000,24.150000,10.00,台湾花莲县附近海域,4.6
2018-02-06 13:09:14,121.750000,24.160000,7.00,台湾花莲县附近海域,4.8
2018-02-05 23:58:42,121.700000,24.080000,7.00,台湾花莲县附近海域,4.8
2018-02-04 22:13:12,121.750000,24.160000,10.00,台湾花莲县海域,5.5
2018-02-04 22:10:52,121.770000,24.220000,7.00,台湾花莲县附近海域,4.1
2018-02-04 21:56:41,121.720000,24.200000,10.00,台湾花莲县海域,6.4
2018-02-04 21:12:50,121.900000,24.150000,7.00,台湾花莲县附近海域,4.7
2018-02-02 08:48:22,97.690000,23.950000,10.00,云南德宏州瑞丽市,4.3
2018-01-20 21:50:50,87.420000,43.570000,24.00,新疆乌鲁木齐市乌鲁木齐县,4.8
2018-01-18 20:41:57,82.760000,43.600000,6.00,新疆伊犁州尼勒克县,4.2
2018-01-17 13:59:12,121.610000,25.110000,129.00,台湾新北市,4.1
2018-01-17 09:25:18,87.010000,35.010000,6.00,西藏那曲地区双湖县,4.5
2018-01-10 17:52:31,85.010000,34.680000,7.00,西藏阿里地区改则县,4.0
2018-01-04 20:21:07,124.650000,45.290000,8.00,吉林松原市前郭尔罗斯县,4.3
2018-01-04 05:35:33,99.320000,23.930000,10.00,云南临沧市永德县,4.6
2017-12-26 05:02:19,73.740000,39.440000,10.00,新疆克孜勒苏州阿克陶县,4.1
2017-12-20 01:40:52,95.080000,29.880000,6.00,西藏林芝市巴宜区,5.0
2017-12-19 02:39:39,123.040000,40.530000,10.00,辽宁鞍山市海城市,4.4
2017-12-15 02:54:25,101.870000,35.130000,7.00,青海黄南州泽库县,4.9
2017-12-13 07:17:38,122.400000,24.040000,18.00,台湾花莲县海域,4.1
2017-12-11 06:58:54,78.600000,34.100000,10.00,克什米尔,4.2
2017-12-07 07:29:05,77.460000,35.690000,87.00,新疆喀什地区叶城县,5.2
2017-12-04 16:59:40,121.280000,21.860000,19.00,台湾台东县海域,4.3
2017-11-24 04:55:32,120.690000,23.600000,22.00,台湾云林县,4.2
2017-11-23 17:43:33,107.940000,29.400000,10.00,重庆武隆区,5.0
2017-11-23 15:13:45,95.130000,29.880000,7.00,西藏林芝市巴宜区,4.2
2017-11-22 22:20:10,120.600000,23.710000,16.00,台湾云林县,5.2
2017-11-21 02:26:25,86.570000,35.360000,6.00,西藏那曲地区尼玛县,4.7
2017-11-18 11:36:04,94.990000,29.930000,6.00,西藏林芝市巴宜区,4.3
2017-11-18 08:31:58,94.920000,29.880000,6.00,西藏林芝市巴宜区,5.0
2017-11-18 06:37:58,95.110000,29.770000,6.00,西藏林芝市米林县,4.0
2017-11-18 06:34:19,95.020000,29.750000,10.00,西藏林芝市米林县,6.9
2017-11-12 12:56:29,125.500000,26.750000,150.00,东海海域,4.5
2017-11-11 20:22:53,120.690000,23.680000,20.00,台湾南投县,5.0
2017-11-11 19:14:40,120.620000,23.710000,10.00,台湾云林县,4.1
2017-11-10 11:03:14,103.970000,31.540000,19.00,四川德阳市绵竹市,4.2
2017-11-07 05:31:08,103.790000,33.210000,16.00,四川阿坝州九寨沟县,4.5
2017-11-04 07:34:47,121.590000,23.620000,13.00,台湾花莲县海域,4.7
2017-11-03 10:49:00,120.980000,23.010000,6.00,台湾台东县,4.9
2017-10-31 21:52:20,103.310000,34.730000,12.00,甘肃甘南州临潭县,4.3
2017-10-30 07:15:44,122.160000,24.130000,29.00,台湾花莲县海域,4.7
2017-10-12 15:52:25,94.980000,31.960000,7.00,西藏昌都市丁青县,4.5
2017-10-09 07:29:52,121.340000,22.490000,7.00,台湾台东县海域,4.0
2017-10-06 18:25:34,103.800000,33.230000,20.00,四川阿坝州九寨沟县,4.0
2017-10-03 19:17:46,106.170000,23.140000,8.00,广西百色市靖西市,4.1
2017-09-30 14:14:37,105.000000,32.270000,13.00,四川广元市青川县,5.4
2017-09-24 13:49:45,122.320000,24.010000,19.00,台湾花莲县海域,4.0
2017-09-20 22:29:55,121.850000,23.350000,15.00,台湾花莲县海域,5.5
2017-09-16 18:11:32,83.430000,42.110000,6.00,新疆阿克苏地区库车市,5.7
2017-09-12 19:26:40,101.420000,27.930000,13.00,四川凉山州木里县,4.4
2017-09-09 15:48:34,74.950000,38.750000,6.00,新疆克孜勒苏州阿克陶县,4.1
2017-09-03 05:59:47,83.560000,34.140000,6.00,西藏阿里地区改则县,4.1
2017-09-02 03:30:54,106.010000,36.280000,10.00,宁夏固原市原州区,4.6
2017-09-01 10:38:09,82.740000,32.200000,8.00,西藏阿里地区革吉县,4.6
2017-08-21 19:20:15,88.610000,35.470000,6.00,西藏那曲地区双湖县,4.0
2017-08-16 20:51:25,127.940000,28.690000,180.00,东海海域,5.7
2017-08-15 13:16:04,106.160000,23.190000,6.00,广西百色市靖西市,4.0
2017-08-15 11:58:15,124.750000,45.420000,7.00,吉林松原市宁江区,4.5
2017-08-14 19:26:01,83.740000,41.290000,7.00,新疆阿克苏地区库车县,4.5
2017-08-13 01:09:59,94.920000,30.310000,7.00,西藏林芝市波密县,4.3
2017-08-11 09:58:54,121.410000,23.190000,21.00,台湾台东县,4.3
2017-08-10 17:48:34,103.850000,33.220000,26.00,四川阿坝州九寨沟县,4.1
2017-08-10 05:05:54,103.850000,33.160000,26.00,四川阿坝州九寨沟县,4.3
2017-08-09 13:22:40,82.780000,44.290000,8.00,新疆博尔塔拉州精河县,4.6
2017-08-09 10:17:02,103.860000,33.160000,26.00,四川阿坝州九寨沟县,4.8
2017-08-09 08:22:37,82.710000,44.300000,6.00,新疆博尔塔拉州精河县,4.0
2017-08-09 07:44:31,82.760000,44.310000,8.00,新疆博尔塔拉州精河县,4.7
2017-08-09 07:39:18,82.750000,44.290000,7.00,新疆博尔塔拉州精河县,4.5
2017-08-09 07:32:51,82.740000,44.290000,12.00,新疆博尔塔拉州精河县,4.0
2017-08-09 07:31:06,82.820000,44.280000,6.00,新疆博尔塔拉州精河县,4.0
2017-08-09 07:27:52,82.890000,44.270000,11.00,新疆博尔塔拉州精河县,6.6
2017-08-08 21:19:46,103.820000,33.200000,20.00,四川阿坝州九寨沟县,7.0
2017-07-25 05:46:36,88.510000,41.710000,7.00,新疆吐鲁番市托克逊县,4.0
2017-07-23 07:13:30,124.810000,45.300000,12.00,吉林松原市宁江区,4.9
2017-07-17 06:55:59,105.360000,32.380000,21.00,四川广元市青川县,4.9
2017-07-15 01:41:26,107.340000,24.820000,6.00,广西河池市南丹县,4.0
2017-07-02 14:34:56,101.710000,25.120000,5.00,云南楚雄州禄丰县,4.1
2017-06-18 17:39:20,110.460000,31.040000,7.00,湖北恩施州巴东县,4.1
2017-06-16 19:48:11,110.480000,31.060000,8.00,湖北宜昌市秭归县,4.3
2017-06-14 03:38:15,91.200000,33.540000,11.00,青海海西州唐古拉地区,4.8
2017-06-08 12:31:50,91.130000,33.570000,10.00,青海海西州唐古拉地区,4.4
2017-06-08 08:56:53,91.190000,33.540000,10.00,青海海西州唐古拉地区,4.6
2017-06-04 21:24:46,122.700000,24.670000,12.00,台湾宜兰县海域,4.4
2017-06-03 18:11:10,103.560000,38.000000,15.00,内蒙古阿拉善盟阿拉善左旗,5.0
2017-05-25 13:48:12,120.500000,23.450000,15.00,台湾嘉义县,4.3
2017-05-24 17:49:04,120.480000,23.440000,17.00,台湾嘉义县,4.1
2017-05-16 07:12:53,121.490000,23.310000,10.00,台湾台东县,5.6
2017-05-16 00:20:02,99.000000,33.050000,10.00,四川甘孜州石渠县,4.4
2017-05-11 12:03:40,75.310000,37.590000,6.00,新疆喀什地区塔什库尔干县,4.2
2017-05-11 06:00:55,75.270000,37.620000,5.00,新疆喀什地区塔什库尔干县,4.5
2017-05-11 05:58:19,75.250000,37.580000,8.00,新疆喀什地区塔什库尔干县,5.5
2017-05-09 09:54:15,126.290000,24.470000,20.00,琉球群岛,6.0
2017-05-05 13:07:29,121.650000,23.380000,34.00,台湾台东县海域,4.0
2017-05-04 13:40:20,104.870000,28.190000,10.00,四川宜宾市珙县,4.9
2017-04-30 09:57:22,121.800000,21.430000,90.00,台湾台东县海域,5.0
2017-04-21 00:20:12,121.000000,22.930000,5.00,台湾台东县,4.0
2017-04-20 11:39:14,77.870000,38.130000,8.00,新疆喀什地区叶城县,4.3
2017-04-12 02:25:36,119.340000,30.080000,15.00,浙江杭州市临安市,4.2
2017-04-04 23:07:28,85.060000,47.200000,5.00,哈萨克斯坦,5.4
2017-03-30 00:34:02,121.030000,22.490000,10.00,台湾台东县海域,4.0
2017-03-27 09:10:26,99.810000,25.850000,12.00,云南大理州漾濞县,4.3
2017-03-27 07:55:00,99.800000,25.890000,12.00,云南大理州漾濞县,5.1
2017-03-27 07:40:28,99.830000,25.870000,12.00,云南大理州漾濞县,4.7
2017-03-27 06:54:46,83.990000,30.590000,8.00,西藏日喀则市仲巴县,4.2
2017-03-12 20:21:17,103.400000,27.090000,10.00,云南昭通市鲁甸县,4.5
2017-03-08 06:10:51,122.170000,24.320000,38.00,台湾宜兰县海域,4.1
2017-03-08 00:22:25,84.780000,36.750000,6.00,新疆巴音郭楞州且末县,4.0
2017-02-27 02:48:51,83.540000,30.180000,5.00,西藏日喀则市仲巴县,4.5
2017-02-26 03:24:50,103.380000,31.020000,13.00,四川阿坝州汶川县,4.0
2017-02-11 01:12:51,120.200000,22.850000,20.00,台湾高雄市,5.6
2017-02-08 19:11:38,103.360000,27.070000,10.00,云南昭通市鲁甸县,4.9
2017-02-06 13:24:38,83.940000,32.340000,7.00,西藏阿里地区改则县,4.1
2017-02-04 21:44:31,81.620000,35.620000,7.00,新疆和田地区于田县,4.1
2017-02-01 18:07:44,83.340000,30.670000,8.00,西藏日喀则市仲巴县,5.0
2017-01-31 14:16:00,93.970000,31.530000,5.00,西藏那曲地区索县,4.5
2017-01-28 02:46:32,104.720000,28.090000,11.00,四川宜宾市筠连县,4.9
2017-01-20 17:54:01,76.730000,38.200000,7.00,新疆喀什地区莎车县,4.8
2017-01-18 22:35:13,104.760000,28.100000,5.00,四川宜宾市筠连县,4.3
2017-01-15 18:05:35,104.720000,28.160000,12.00,四川宜宾市珙县,4.2
2017-01-04 22:12:51,83.770000,30.600000,9.00,西藏日喀则市仲巴县,4.7
2016-12-30 08:30:53,121.910000,24.930000,70.00,台湾宜兰县海域,4.2
2016-12-27 08:17:32,105.600000,29.470000,10.00,重庆荣昌区,4.8
2016-12-20 18:04:38,84.810000,37.250000,9.00,新疆巴音郭楞州且末县,5.8
2016-12-19 18:57:25,73.960000,39.180000,5.00,新疆克孜勒苏州阿克陶县,4.0
2016-12-18 11:08:50,112.480000,37.590000,5.00,山西太原市清徐县,4.3
2016-12-15 22:14:30,121.260000,22.860000,5.00,台湾台东县海域,5.1
2016-12-14 16:14:28,90.150000,38.500000,5.00,新疆巴音郭楞州若羌县,5.0
2016-12-09 12:09:46,121.990000,24.790000,20.00,台湾宜兰县海域,4.3
2016-12-08 23:57:54,86.280000,43.800000,16.00,新疆昌吉州呼图壁县,4.0
2016-12-08 23:23:17,86.340000,43.790000,10.00,新疆昌吉州呼图壁县,4.0
2016-12-08 17:02:40,86.380000,43.760000,9.00,新疆昌吉州呼图壁县,4.0
2016-12-08 13:15:03,86.350000,43.830000,6.00,新疆昌吉州呼图壁县,6.2
2016-12-05 05:34:21,92.310000,32.320000,5.00,西藏那曲市聂荣县,5.1
2016-11-30 20:04:33,121.390000,22.780000,11.00,台湾台东县海域,5.0
2016-11-28 07:35:18,86.510000,27.590000,8.00,尼泊尔,5.1
2016-11-26 17:23:24,74.250000,39.140000,7.00,新疆克孜勒苏州阿克陶县,5.0
2016-11-25 23:26:46,73.920000,39.200000,6.00,新疆克孜勒苏州阿克陶县,4.0
2016-11-25 22:40:00,73.950000,39.210000,7.00,新疆克孜勒苏州阿克陶县,4.0
2016-11-25 22:30:32,73.840000,39.080000,10.00,新疆克孜勒苏州阿克陶县,4.0
2016-11-25 22:24:30,74.040000,39.270000,10.00,新疆克孜勒苏州阿克陶县,6.7
2016-11-25 22:18:58,73.910000,39.190000,4.00,新疆克孜勒苏州阿克陶县,4.8
2016-11-25 05:55:54,122.380000,24.140000,19.00,台湾花莲县海域,5.2
2016-11-24 03:46:45,99.250000,24.410000,6.00,云南临沧市永德县,4.2
2016-11-18 05:45:55,96.100000,32.590000,5.00,青海玉树州囊谦县,4.8
2016-11-17 12:22:46,99.870000,25.710000,5.00,云南大理州漾濞县,4.4
2016-11-17 12:10:30,99.900000,25.770000,7.00,云南大理州漾濞县,4.2
2016-11-12 06:25:31,122.430000,24.110000,20.00,台湾花莲县海域,4.7
2016-11-07 19:56:26,121.400000,23.010000,17.00,台湾台东县海域,4.5
2016-11-03 23:54:10,88.540000,41.730000,6.00,新疆吐鲁番市托克逊县,4.0
2016-10-25 12:45:51,121.360000,22.710000,10.00,台湾台东县海域,4.8
2016-10-20 04:51:10,120.300000,33.700000,25.00,江苏盐城市射阳县,4.4
2016-10-17 16:24:34,94.880000,32.850000,9.00,青海玉树州杂多县,4.2
2016-10-17 15:14:49,94.930000,32.810000,9.00,青海玉树州杂多县,6.2
2016-10-06 23:51:59,121.380000,22.600000,20.00,台湾台东县海域,5.9
2016-10-01 19:35:56,88.450000,31.260000,8.00,西藏那曲地区申扎县,4.1
2016-09-23 01:23:11,99.610000,30.100000,16.00,四川甘孜州理塘县,5.1
2016-09-23 00:47:12,99.640000,30.090000,19.00,四川甘孜州理塘县,4.9
2016-09-23 00:29:58,119.570000,19.060000,5.00,南海海域,4.1
2016-09-20 05:11:19,97.960000,29.230000,5.00,西藏昌都市左贡县,4.0
2016-09-17 09:52:20,108.950000,23.640000,5.00,广西来宾市兴宾区,4.1
2016-09-10 18:09:37,118.320000,39.690000,9.00,河北唐山市开平区,4.0
2016-09-01 00:28:53,122.200000,24.470000,19.00,台湾宜兰县海域,4.4
2016-08-31 17:25:01,86.280000,34.310000,6.00,西藏那曲地区尼玛县,4.6
2016-08-13 16:29:47,101.530000,37.740000,10.00,青海海北州门源县,4.6
2016-08-13 02:00:55,78.230000,40.690000,6.00,新疆克孜勒苏州阿合奇县,4.7
2016-08-12 19:25:20,103.390000,27.030000,6.00,云南昭通市巧家县,4.2
2016-08-12 14:56:54,103.370000,27.030000,13.00,云南昭通市巧家县,4.5
2016-08-12 08:46:23,86.210000,34.400000,3.00,西藏那曲地区尼玛县,4.5
2016-08-11 11:49:01,107.380000,30.270000,10.00,重庆垫江县,4.4
2016-08-11 09:00:59,86.180000,34.320000,7.00,西藏那曲地区尼玛县,4.4
2016-08-10 18:23:37,86.370000,34.530000,6.00,西藏那曲地区尼玛县,4.0
2016-07-31 17:18:11,111.560000,24.080000,10.00,广西梧州市苍梧县,5.4
2016-07-27 12:02:37,121.720000,24.320000,5.00,台湾花莲县,4.4
2016-07-24 09:45:08,121.170000,20.700000,10.00,南海,4.2
2016-07-20 09:41:23,88.380000,41.160000,6.00,新疆巴音郭楞州尉犁县,4.0
2016-07-19 20:32:53,79.130000,41.420000,6.00,新疆阿克苏地区乌什县,4.5
2016-07-17 18:55:28,98.350000,30.200000,6.00,西藏昌都市察雅县,4.2
2016-07-14 11:32:23,121.420000,23.120000,17.00,台湾台东县海域,4.0
2016-07-10 00:36:58,77.980000,39.950000,7.00,新疆喀什地区巴楚县,4.3
2016-07-01 16:23:42,122.320000,24.050000,18.00,台湾花莲县海域,4.4
2016-06-30 21:33:54,84.950000,33.260000,7.00,西藏阿里地区改则县,4.2
2016-06-30 18:29:56,84.930000,32.660000,8.00,西藏阿里地区改则县,4.2
2016-06-29 05:38:02,73.290000,39.460000,7.00,吉尔吉斯斯坦,5.5
2016-06-27 18:13:05,104.380000,31.890000,13.00,四川绵阳市北川县,4.6
2016-06-27 15:34:12,73.610000,39.460000,6.00,新疆克孜勒苏州阿克陶县,4.1
2016-06-26 19:17:11,73.400000,39.430000,10.00,吉尔吉斯斯坦,6.7
2016-06-23 08:37:34,114.200000,40.950000,14.00,河北张家口市尚义县,4.0
2016-06-20 08:39:47,121.570000,23.200000,26.00,台湾台东县海域,4.3
2016-06-20 02:20:58,120.720000,20.610000,10.00,南海海域,4.9
2016-06-19 11:05:12,81.430000,42.160000,14.00,新疆阿克苏地区拜城县,4.5
2016-06-03 19:50:12,120.380000,20.740000,8.00,台湾恒春县海域,4.2
2016-05-31 13:23:49,122.410000,25.430000,239.00,台湾新北市海域,6.2
2016-05-30 10:52:46,121.820000,24.170000,4.00,台湾花莲县海域,4.1
2016-05-29 10:14:37,104.290000,31.490000,12.00,四川绵阳市安县,4.3
2016-05-22 17:08:57,120.080000,41.630000,6.00,辽宁朝阳市朝阳县,4.3
2016-05-22 17:08:06,120.100000,41.620000,6.00,辽宁朝阳市朝阳县,4.6
2016-05-22 12:49:43,87.500000,28.590000,8.00,西藏日喀则市定日县,4.1
2016-05-22 10:06:17,120.630000,22.880000,5.00,台湾屏东县,4.2
2016-05-22 10:05:54,87.590000,28.410000,6.00,西藏日喀则市定日县,5.3
2016-05-22 09:48:45,87.600000,28.360000,10.00,西藏日喀则市定结县,5.3
2016-05-22 09:32:29,87.620000,28.310000,6.00,西藏日喀则市定结县,4.1
2016-05-22 04:51:41,120.620000,22.890000,26.00,台湾高雄市,4.4
2016-05-21 13:47:47,121.800000,24.190000,12.00,台湾花莲县海域,4.0
2016-05-19 00:57:10,95.090000,31.920000,5.00,西藏昌都市丁青县,4.1
2016-05-18 08:22:44,121.640000,23.230000,23.00,台湾台东县海域,4.1
2016-05-18 01:05:11,99.580000,26.100000,10.00,云南大理州洱源县,4.6
2016-05-18 00:48:47,99.530000,26.100000,15.00,云南大理州云龙县,5.0
2016-05-16 01:02:29,75.440000,39.800000,10.00,新疆克孜勒苏州乌恰县,4.1
2016-05-14 11:32:49,121.710000,24.230000,10.00,台湾花莲县海域,4.7
2016-05-14 11:12:03,121.850000,24.190000,19.00,台湾花莲县海域,4.6
2016-05-13 16:24:12,121.980000,24.780000,6.00,台湾宜兰县海域,5.0
2016-05-12 12:29:56,122.020000,24.770000,15.00,台湾宜兰县海域,5.8
2016-05-12 11:17:13,122.000000,24.710000,15.00,台湾宜兰县海域,6.2
2016-05-11 09:15:46,94.940000,32.000000,7.00,西藏昌都市丁青县,5.5
2016-05-09 02:50:02,121.770000,24.220000,6.00,台湾花莲县海域,4.0
2016-05-08 18:13:47,86.730000,34.890000,6.00,西藏那曲地区尼玛县,4.6
2016-05-08 10:46:31,121.000000,24.040000,5.00,台湾南投县,4.6
2016-05-07 22:51:08,121.860000,24.180000,10.00,台湾花莲县海域,4.3
2016-05-06 15:53:23,121.490000,23.580000,6.00,台湾花莲县,4.0
2016-05-04 17:23:58,103.220000,23.270000,10.00,云南红河州个旧市,4.7
2016-05-04 15:51:48,103.230000,23.280000,10.00,云南红河州个旧市,4.6
2016-05-04 08:34:12,73.860000,38.600000,109.00,新疆克孜勒苏州阿克陶县,4.0
2016-05-03 04:53:37,121.720000,24.200000,11.00,台湾花莲县海域,4.2
2016-05-02 22:29:00,121.710000,24.290000,7.00,台湾花莲县,4.6
2016-05-01 13:25:48,121.870000,24.240000,10.00,台湾花莲县海域,4.0
2016-05-01 06:46:58,121.720000,24.210000,13.00,台湾花莲县海域,4.3
2016-04-28 09:14:46,121.850000,24.310000,7.00,台湾花莲县海域,4.2
2016-04-28 02:19:05,121.300000,23.260000,8.00,台湾花莲县,5.2
2016-04-27 23:27:38,121.830000,24.260000,6.00,台湾花莲县海域,4.9
2016-04-27 23:17:10,121.710000,24.220000,8.00,台湾花莲县海域,5.6
2016-04-26 02:13:12,121.040000,21.160000,7.00,台湾屏东县海域,4.8
2016-04-16 18:55:45,121.930000,22.530000,8.00,台湾台东县海域,4.4
2016-04-12 11:08:01,121.640000,24.020000,9.00,台湾花莲县,4.2
2016-04-11 13:45:08,122.040000,24.680000,50.00,台湾宜兰县海域,4.5
2016-04-07 04:49:49,112.910000,38.870000,15.00,山西忻州市原平市,4.1
2016-03-29 22:57:12,89.450000,41.350000,20.00,新疆巴音郭楞州尉犁县,4.3
2016-03-21 22:06:02,99.200000,35.740000,9.00,青海海南州兴海县,4.1
2016-03-21 11:29:32,98.220000,40.270000,20.00,甘肃酒泉市金塔县,4.7
2016-03-18 00:53:45,123.040000,51.400000,7.00,黑龙江大兴安岭地区呼玛县,4.0
2016-03-12 11:14:09,110.900000,35.000000,5.00,山西运城市盐湖区,4.4
2016-03-11 22:44:25,83.930000,36.540000,5.00,新疆和田地区民丰县,4.3
2016-03-10 06:05:50,99.780000,30.280000,20.00,四川甘孜州理塘县,4.2
2016-03-07 09:24:42,102.070000,22.520000,9.00,云南普洱市江城县,4.3
2016-03-05 19:20:22,101.350000,21.710000,6.00,云南西双版纳州勐腊县,4.6
2016-02-27 10:59:52,120.980000,22.330000,10.00,台湾台东县海域,4.4
2016-02-24 17:22:23,85.800000,28.200000,6.00,尼泊尔,4.1
2016-02-23 08:33:34,95.060000,31.910000,6.00,西藏昌都市丁青县,4.7
2016-02-22 00:32:09,77.990000,36.130000,87.00,新疆和田地区皮山县,4.2
2016-02-18 09:18:34,120.920000,22.990000,13.00,台湾台东县,4.6
2016-02-18 09:09:40,120.880000,23.040000,10.00,台湾台东县,5.0
2016-02-16 12:04:57,120.850000,23.090000,13.00,台湾高雄县,4.5
2016-02-16 10:46:00,120.960000,22.960000,13.00,台湾台东县,4.2
2016-02-11 21:10:58,82.550000,43.550000,8.00,新疆伊犁州新源县,5.0
2016-02-09 10:29:00,86.420000,30.800000,7.00,西藏那曲地区尼玛县,4.3
2016-02-09 08:47:00,121.770000,23.920000,6.00,台湾花莲县海域,5.3
2016-02-08 07:39:08,99.590000,26.070000,9.00,云南大理州洱源县,4.0
2016-02-08 07:30:53,99.590000,26.080000,12.00,云南大理州洱源县,4.5
2016-02-06 03:57:26,120.540000,22.940000,15.00,台湾高雄市,6.7
2016-02-02 22:19:22,123.450000,25.410000,200.00,先岛群岛以北海域,6.2
2016-02-02 15:01:00,77.730000,40.090000,8.00,新疆克孜勒苏州阿图什市,4.2
2016-02-02 12:20:02,89.540000,34.990000,5.00,西藏那曲地区安多县,4.2
2016-01-21 01:13:13,101.620000,37.680000,10.00,青海海北州门源县,6.4
2016-01-20 19:08:05,84.200000,42.160000,6.00,新疆巴音郭楞州轮台县,4.0
2016-01-19 10:13:26,121.420000,22.830000,27.00,台湾台东县海域,5.4
2016-01-18 00:29:16,104.880000,34.260000,14.00,甘肃陇南市礼县,4.0
2016-01-14 05:18:14,84.120000,42.190000,5.00,新疆巴音郭楞州轮台县,5.3
2016-01-14 04:34:55,91.670000,32.620000,10.00,西藏那曲市安多县,5.3
2016-01-14 01:22:36,121.900000,24.130000,7.00,台湾花莲县海域,4.3
2016-01-14 01:11:46,121.930000,24.140000,8.00,台湾花莲县海域,4.1
2016-01-11 12:52:54,121.630000,23.410000,11.00,台湾台东县海域,4.5
2016-01-04 18:27:05,82.990000,43.600000,10.00,新疆伊犁州新源县,4.6
2016-01-03 23:44:30,104.050000,29.400000,12.00,四川乐山市犍为县,4.2
2016-01-02 12:22:19,129.950000,44.810000,580.00,黑龙江牡丹江市林口县,6.4
2015-12-26 12:05:22,121.750000,24.240000,7.00,台湾花莲县附近海域,4.0
2015-12-25 07:56:12,117.700000,35.500000,0.00,山东临沂市平邑县(塌陷),4.0
2015-12-25 05:20:21,121.070000,24.070000,6.00,台湾南投县,4.2
2015-12-24 03:47:08,87.750000,43.850000,7.00,新疆乌鲁木齐市米东区,4.2
2015-12-06 06:59:37,85.170000,43.820000,13.00,新疆塔城地区沙湾县,4.8
2015-12-03 22:31:13,121.350000,22.750000,8.00,台湾台东县附近海域,4.6
2015-12-02 13:52:59,121.900000,24.230000,7.00,台湾花莲县附近海域,4.1
2015-12-02 13:21:56,121.930000,24.230000,8.00,台湾花莲县附近海域,4.4
2015-11-28 08:52:26,122.000000,25.290000,197.00,台湾新北市附近海域,4.1
2015-11-23 05:02:42,100.400000,38.000000,10.00,青海海北州祁连县,5.2
2015-11-23 03:57:43,122.460000,40.830000,9.00,辽宁营口市大石桥市,4.0
2015-11-19 10:17:13,105.770000,25.490000,5.00,贵州安顺市镇宁县,4.1
2015-11-18 06:15:31,95.040000,31.920000,9.00,西藏昌都市丁青县,4.2
2015-11-15 03:20:21,128.800000,31.400000,10.00,东海海域,6.0
2015-11-14 04:51:36,128.700000,31.000000,10.00,东海海域,7.2
2015-11-14 00:55:06,100.530000,23.330000,5.00,云南普洱市景谷县,4.6
2015-11-11 23:33:19,122.700000,24.500000,90.00,台湾宜兰县海域,5.0
2015-11-03 08:06:30,121.950000,24.950000,7.00,台湾宜兰县附近海域,4.7
2015-11-02 05:09:41,121.650000,22.800000,10.00,台湾台东县海域,5.6
2015-10-30 19:26:39,99.500000,25.060000,10.00,云南保山市昌宁县,5.1
2015-10-29 04:12:06,100.300000,27.550000,8.00,云南迪庆州香格里拉市,4.7
2015-10-27 02:11:23,98.010000,30.170000,7.00,西藏昌都市察雅县,4.2
2015-10-24 19:29:40,102.100000,29.110000,16.00,四川甘孜州九龙县,4.0
2015-10-21 13:58:20,124.160000,44.680000,9.00,吉林松原市前郭尔罗斯县,4.5
2015-10-19 15:20:11,121.990000,24.980000,8.00,台湾宜兰县附近海域,4.8
2015-10-19 13:42:14,121.790000,24.970000,7.00,台湾新北市,4.5
2015-10-19 10:17:36,122.010000,24.940000,7.00,台湾宜兰县海域,5.3
2015-10-16 07:52:45,121.780000,24.350000,16.00,台湾花莲县附近海域,4.1
2015-10-13 19:49:03,121.660000,23.540000,8.00,台湾花莲县附近海域,4.6
2015-10-12 23:39:06,86.490000,29.070000,6.00,西藏日喀则市聂拉木县,4.1
2015-10-12 19:14:47,121.480000,22.470000,8.00,台湾台东县附近海域,4.6
2015-10-12 18:04:14,98.190000,34.360000,9.00,青海果洛州玛多县,5.2
2015-10-10 04:30:00,86.390000,28.780000,6.00,西藏日喀则市聂拉木县,4.2
2015-10-05 15:33:25,85.900000,28.000000,15.00,尼泊尔,4.2
2015-09-25 00:50:39,78.140000,37.520000,6.00,新疆和田地区皮山县,4.2
2015-09-23 02:01:35,105.380000,32.610000,11.00,四川广元市青川县,4.0
2015-09-16 22:29:57,121.900000,24.310000,9.00,台湾宜兰县附近海域,4.4
2015-09-16 21:30:25,121.900000,24.310000,16.00,台湾花莲县附近海域,4.0
2015-09-16 21:08:57,121.920000,24.320000,7.00,台湾宜兰县海域,5.4
2015-09-16 19:10:08,78.470000,35.460000,9.00,新疆和田地区和田县,4.8
2015-09-16 03:37:34,121.860000,24.330000,7.00,台湾宜兰县海域,5.7
2015-09-16 01:56:22,121.870000,24.300000,8.00,台湾花莲县附近海域,4.3
2015-09-14 18:10:10,118.810000,39.730000,14.00,河北秦皇岛市昌黎县,4.2
2015-09-10 23:23:25,121.910000,24.260000,9.00,台湾花莲县附近海域,4.4
2015-09-02 11:03:35,122.080000,24.930000,8.00,台湾宜兰县附近海域,4.1
2015-09-02 10:18:14,121.970000,24.970000,8.00,台湾宜兰县附近海域,4.4
2015-09-02 01:34:08,122.410000,24.060000,8.00,台湾花莲县附近海域,4.5
2015-09-01 21:24:45,121.490000,24.000000,6.00,台湾花莲县,5.0
2015-08-30 04:26:18,77.490000,40.190000,10.00,新疆克孜勒苏州阿图什市,4.0
2015-08-28 21:26:39,80.700000,41.700000,10.00,新疆阿克苏地区温宿县,4.0
2015-08-27 18:16:29,83.220000,42.000000,10.00,新疆阿克苏地区库车县,4.2
2015-08-22 04:17:15,120.900000,21.070000,5.00,台湾屏东县附近海域,4.0
2015-08-20 06:04:36,84.370000,42.080000,10.00,新疆巴音郭楞州轮台县,4.2
2015-08-19 19:02:12,88.000000,43.850000,10.00,新疆乌鲁木齐市米东区,4.0
2015-08-13 22:08:00,122.410000,24.100000,7.00,台湾花莲县海域,5.2
2015-08-13 10:00:23,94.800000,30.300000,8.00,西藏林芝地区波密县,4.2
2015-08-12 03:13:07,94.870000,30.340000,4.00,西藏林芝地区波密县,4.1
2015-08-10 15:35:24,87.830000,41.760000,9.00,新疆巴音郭楞州和硕县,4.6
2015-08-06 20:34:00,94.800000,30.340000,4.00,西藏林芝地区波密县,4.0
2015-08-06 09:58:58,121.030000,34.380000,25.00,黄海海域,4.0
2015-08-06 05:04:32,81.590000,35.890000,10.00,新疆和田地区于田县,4.4
2015-08-04 12:25:27,122.400000,40.500000,6.00,辽宁营口市盖州市,4.3
2015-07-31 11:18:14,94.870000,30.360000,7.00,西藏林芝地区波密县,4.3
2015-07-28 17:40:43,94.890000,30.350000,6.00,西藏林芝地区波密县,4.3
2015-07-28 14:59:11,121.350000,24.400000,8.00,台湾宜兰县,4.5
2015-07-28 06:05:00,80.690000,35.790000,10.00,新疆和田地区策勒县,4.0
2015-07-24 21:23:46,78.040000,37.490000,10.00,新疆和田地区皮山县,4.6
2015-07-22 08:51:51,120.330000,38.070000,5.00,山东烟台市龙口市附近海域,4.0
2015-07-21 23:10:14,94.880000,30.320000,6.00,西藏林芝地区波密县,4.2
2015-07-20 23:28:39,94.890000,30.370000,8.00,西藏林芝地区波密县,4.1
2015-07-18 13:41:23,94.850000,30.340000,7.00,西藏林芝地区波密县,4.0
2015-07-15 18:26:13,103.710000,37.120000,14.00,甘肃白银市景泰县,4.0
2015-07-14 20:29:11,77.830000,37.590000,10.00,新疆和田地区皮山县,4.0
2015-07-14 14:07:23,78.050000,37.460000,10.00,新疆和田地区皮山县,4.2
2015-07-09 07:39:23,80.890000,35.980000,7.00,新疆和田地区策勒县,4.0
2015-07-08 10:43:33,77.750000,39.990000,6.00,新疆克孜勒苏州阿图什市,4.2
2015-07-03 11:11:13,78.060000,37.480000,7.00,新疆和田地区皮山县,4.6
2015-07-03 10:37:27,77.950000,37.560000,10.00,新疆和田地区皮山县,4.2
2015-07-03 09:44:45,78.190000,37.480000,10.00,新疆和田地区皮山县,4.5
2015-07-03 09:31:24,77.870000,37.480000,10.00,新疆和田地区皮山县,4.1
2015-07-03 09:25:12,77.900000,37.480000,8.00,新疆和田地区皮山县,4.0
2015-07-03 09:13:17,77.840000,37.570000,7.00,新疆和田地区皮山县,4.6
2015-07-03 09:07:46,78.200000,37.600000,10.00,新疆和田地区皮山县,6.5
2015-06-25 03:12:51,88.360000,41.670000,9.00,新疆吐鲁番市托克逊县,5.4
2015-06-21 14:15:31,122.470000,23.940000,20.00,台湾花莲县附近海域,4.2
2015-06-05 18:30:46,102.780000,30.280000,18.00,四川雅安市宝兴县,4.0
2015-05-30 08:04:46,91.000000,34.680000,6.00,青海海西州唐古拉地区,4.4
2015-05-28 15:57:43,122.330000,24.070000,8.00,台湾花莲县附近海域,4.0
2015-05-28 14:04:23,90.960000,34.590000,10.00,青海海西州唐古拉地区,4.0
2015-05-26 08:56:55,122.420000,24.010000,9.00,台湾花莲县附近海域,4.2
2015-05-26 05:22:50,120.970000,22.890000,10.00,台湾台东县,4.3
2015-05-22 00:05:24,121.910000,36.870000,10.00,山东威海市文登市,4.6
2015-05-15 02:35:48,120.510000,24.480000,6.00,台湾台中县附近海域,4.1
2015-05-12 07:43:15,121.550000,23.940000,8.00,台湾花莲县,4.3
2015-05-12 02:25:50,89.490000,39.420000,7.00,新疆巴音郭楞州若羌县,4.5
2015-05-11 16:53:57,120.440000,24.520000,10.00,台湾台中县附近海域,4.1
2015-05-11 16:38:20,120.560000,24.520000,10.00,台湾苗栗县海域,5.0
2015-05-07 00:10:54,84.510000,41.230000,5.00,新疆巴音郭楞州轮台县,4.0
2015-05-03 21:09:07,122.300000,24.060000,7.00,台湾花莲县附近海域,4.4
2015-05-03 13:43:11,87.670000,35.410000,6.00,西藏那曲地区双湖县,4.0
2015-05-01 22:44:56,92.650000,37.460000,9.00,青海海西州格尔木市,4.0
2015-04-26 15:09:08,85.900000,27.800000,10.00,尼泊尔,7.1
2015-04-26 04:01:35,122.530000,23.980000,8.00,台湾花莲县海域,5.3
2015-04-26 01:42:53,85.900000,28.200000,10.00,西藏日喀则市聂拉木县,5.3
2015-04-25 17:17:05,87.300000,28.400000,20.00,西藏日喀则市定日县,5.9
2015-04-25 14:45:23,84.800000,28.300000,30.00,尼泊尔,7.0
2015-04-25 14:11:26,84.700000,28.200000,20.00,尼泊尔,8.1
2015-04-20 20:00:01,122.500000,24.100000,20.00,台湾花莲县海域,6.0
2015-04-20 19:45:12,122.510000,24.100000,20.00,台湾花莲县海域,5.9
2015-04-20 19:20:45,121.610000,23.680000,30.00,台湾花莲县附近海域,4.9
2015-04-20 09:42:55,122.500000,24.000000,7.00,台湾花莲县海域,6.4
2015-04-17 06:05:50,92.840000,26.940000,6.00,西藏山南地区错那县,4.1
2015-04-16 03:48:37,121.360000,22.790000,7.00,台湾台东县附近海域,4.0
2015-04-15 15:44:33,106.520000,39.820000,5.00,内蒙古阿拉善盟阿拉善左旗,4.0
2015-04-15 15:39:28,106.340000,39.790000,10.00,内蒙古阿拉善盟阿拉善左旗,5.8
2015-04-15 15:08:36,104.030000,35.360000,8.00,甘肃定西市临洮县,4.5
2015-04-14 01:13:57,121.170000,23.940000,9.00,台湾南投县,4.2
2015-04-13 18:28:44,102.840000,23.950000,6.00,云南红河州建水县,4.0
2015-04-07 12:41:54,83.340000,33.060000,10.00,西藏阿里地区改则县,4.9
2015-04-06 19:37:28,122.640000,24.410000,8.00,台湾宜兰县附近海域,4.1
2015-03-30 09:47:34,108.820000,26.650000,7.00,贵州黔东南州剑河县,5.5
2015-03-23 18:13:51,121.690000,23.840000,20.00,台湾花莲县海域,5.7
2015-03-14 14:13:32,115.880000,33.010000,10.00,安徽阜阳市市辖区,4.3
2015-03-11 01:52:00,76.780000,35.800000,11.00,新疆喀什地区塔什库尔干县,4.1
2015-03-09 17:59:42,103.090000,25.310000,12.00,云南昆明市嵩明县,4.5
2015-03-03 17:23:53,98.940000,23.540000,10.00,云南临沧市耿马县,4.5
2015-03-03 04:51:57,76.870000,35.850000,6.00,新疆喀什地区塔什库尔干县,4.1
2015-03-01 20:36:52,98.900000,23.500000,10.00,云南临沧市耿马县,4.0
2015-03-01 18:24:40,98.910000,23.460000,11.00,云南临沧市沧源县,5.5
2015-02-27 00:50:02,122.170000,24.770000,65.00,台湾宜兰县附近海域,4.0
2015-02-22 14:42:56,85.670000,44.140000,4.00,新疆塔城地区沙湾市,5.0
2015-02-22 04:05:42,83.980000,42.590000,6.00,新疆巴音郭楞州和静县,4.0
2015-02-21 06:37:47,101.650000,23.030000,6.00,云南普洱市墨江县,4.4
2015-02-17 06:28:47,124.100000,44.700000,8.00,吉林松原市前郭尔罗斯县,4.0
2015-02-15 17:38:46,74.820000,39.450000,6.00,新疆克孜勒苏州乌恰县,4.7
2015-02-14 04:06:28,121.540000,22.610000,7.00,台湾台东县海域,6.2
2015-02-09 12:40:47,118.490000,22.580000,7.00,台湾海峡南部,4.0
2015-02-09 01:32:15,124.000000,44.700000,7.00,吉林松原市乾安县,4.3
2015-02-07 14:27:17,83.510000,33.030000,7.00,西藏阿里地区改则县,4.1
2015-02-07 05:01:06,104.900000,28.360000,10.00,四川宜宾市长宁县,4.5
2015-02-05 23:39:32,118.450000,22.590000,13.00,台湾海峡南部,4.5
2015-02-04 19:53:14,98.990000,34.730000,9.00,青海果洛州玛多县,4.1
2015-02-04 18:44:22,83.530000,32.930000,10.00,西藏阿里地区改则县,5.2
2015-01-24 15:15:26,120.330000,23.270000,9.00,台湾台南县,4.2
2015-01-22 18:21:07,83.140000,44.070000,7.00,新疆伊犁州尼勒克县,4.2
2015-01-21 04:44:20,122.170000,24.180000,7.00,台湾花莲县附近海域,4.0
2015-01-20 15:35:20,84.550000,42.070000,10.00,新疆巴音郭楞州轮台县,4.5
2015-01-19 23:30:46,99.710000,25.930000,9.00,云南大理州洱源县,4.1
2015-01-17 03:12:15,122.030000,24.380000,6.00,台湾宜兰县附近海域,4.4
2015-01-14 13:21:39,103.190000,29.330000,14.00,四川乐山市金口河区,5.0
2015-01-10 14:50:57,77.270000,40.210000,10.00,新疆克孜勒苏州阿图什市,5.0
2015-01-07 12:48:31,121.700000,24.340000,10.00,台湾宜兰县,5.2
2015-01-06 07:25:36,92.870000,32.640000,6.00,西藏那曲地区聂荣县,4.2
2014-12-31 15:54:36,122.630000,24.590000,56.00,台湾宜兰县附近海域,4.6
2014-12-24 13:38:26,76.050000,36.180000,7.00,新疆喀什地区塔什库尔干县,4.0
2014-12-21 13:09:34,101.480000,27.880000,15.00,四川凉山州木里县,4.0
2014-12-11 05:03:44,122.400000,25.600000,260.00,台湾新北市海域,6.2
2014-12-07 17:23:04,100.510000,23.300000,15.00,云南普洱市景谷县,4.7
2014-12-06 18:20:00,100.500000,23.320000,10.00,云南普洱市景谷县,5.9
2014-12-06 02:50:05,100.490000,23.300000,5.00,云南普洱市景谷县,4.4
2014-12-06 02:43:44,100.500000,23.310000,9.00,云南普洱市景谷县,5.8
2014-12-05 07:53:53,92.600000,27.000000,20.00,西藏山南地区错那县,4.0
2014-11-25 23:19:07,101.730000,30.180000,16.00,四川甘孜州康定市,5.8
2014-11-22 22:55:30,102.360000,34.350000,7.00,甘肃甘南州碌曲县,4.3
2014-11-22 16:55:25,101.690000,30.260000,18.00,四川甘孜州康定市,6.3
2014-11-21 11:29:07,120.070000,20.420000,6.00,南海海域,5.4
2014-11-21 11:15:23,101.420000,33.040000,15.00,四川阿坝州阿坝县,4.3
2014-11-20 17:50:29,100.480000,23.320000,8.00,云南普洱市景谷县,4.3
2014-11-20 01:55:29,122.080000,24.900000,10.00,台湾宜兰县附近海域,4.2
2014-11-20 01:46:21,122.080000,25.000000,6.00,台湾新北市海域,5.4
2014-11-17 22:16:31,120.250000,19.500000,6.00,南海,4.9
2014-11-17 22:13:41,120.500000,19.500000,8.00,南海,4.9
2014-11-17 22:01:27,120.290000,19.810000,6.00,南海,4.9
2014-11-17 16:59:42,77.300000,35.500000,8.00,克什米尔地区,4.0
2014-11-15 07:03:15,103.740000,37.120000,10.00,甘肃白银市景泰县,4.7
2014-10-27 00:02:28,103.320000,27.100000,10.00,云南昭通市鲁甸县,4.1
2014-10-26 12:47:01,122.180000,24.710000,52.00,台湾宜兰县附近海域,4.0
2014-10-25 18:42:19,120.000000,27.650000,7.00,浙江温州市文成县,4.2
2014-10-25 10:26:01,102.390000,34.300000,15.00,甘肃甘南州碌曲县,4.5
2014-10-20 11:57:25,88.480000,43.850000,4.00,新疆昌吉州阜康市,4.5
2014-10-18 23:05:55,100.450000,23.300000,10.00,云南普洱市景谷县,4.3
2014-10-11 14:05:12,100.450000,23.450000,8.00,云南普洱市景谷县,4.7
2014-10-08 05:14:05,102.910000,30.130000,17.00,四川雅安市芦山县,4.1
2014-10-08 03:01:13,100.490000,23.370000,10.00,云南普洱市景谷县,4.2
2014-10-08 02:08:09,121.570000,23.700000,8.00,台湾花莲县,4.7
2014-10-07 22:38:50,100.520000,23.340000,9.00,云南普洱市景谷县,4.2
2014-10-07 21:49:39,100.460000,23.390000,5.00,云南普洱市景谷县,6.6
2014-10-02 23:56:31,97.760000,36.350000,16.00,青海海西州乌兰县,5.1
2014-10-01 09:23:27,102.760000,28.370000,15.00,四川凉山州越西县,5.0
2014-09-25 18:35:01,121.360000,22.770000,7.00,台湾台东县海域,5.0
2014-09-23 13:20:45,119.940000,27.710000,5.00,浙江温州市文成县,4.0
2014-09-21 05:14:03,121.580000,23.670000,8.00,台湾花莲县,4.0
2014-09-16 23:33:50,98.480000,25.000000,9.00,云南保山市腾冲县,4.2
2014-09-12 00:29:33,103.480000,28.140000,10.00,云南昭通市永善县,4.0
2014-09-10 16:59:29,103.360000,27.110000,10.00,云南昭通市鲁甸县,4.2
2014-09-10 13:12:28,122.070000,24.340000,5.00,台湾宜兰县附近海域,4.0
2014-09-10 03:36:24,76.120000,36.410000,5.00,新疆喀什地区塔什库尔干县,4.0
2014-09-07 07:33:11,122.770000,24.000000,5.00,台湾花莲县附近海域,4.3
2014-09-06 18:37:41,115.420000,40.270000,10.00,河北张家口市涿鹿县,4.3
2014-08-27 18:45:11,101.010000,22.960000,5.00,云南普洱市宁洱县,4.0
2014-08-21 12:11:01,100.500000,25.880000,12.00,云南大理州宾川县,4.2
2014-08-20 18:20:52,103.540000,28.090000,11.00,云南昭通市永善县,4.0
2014-08-17 17:11:43,103.560000,28.130000,12.00,云南昭通市永善县,4.2
2014-08-17 16:45:51,103.540000,28.110000,11.00,云南昭通市永善县,4.0
2014-08-17 06:07:58,103.500000,28.100000,7.00,云南昭通市永善县,5.0
2014-08-15 04:22:51,120.890000,21.640000,9.00,台湾屏东县附近海域,4.4
2014-08-11 20:17:12,88.000000,33.390000,6.00,西藏那曲地区双湖县,4.0
2014-08-11 18:50:02,99.020000,34.840000,7.00,青海果洛州玛多县,4.5
2014-08-09 14:53:40,104.130000,31.830000,21.00,四川绵阳市北川县,4.0
2014-08-06 11:46:12,121.440000,22.250000,60.00,台湾台东县附近海域,4.5
2014-08-05 11:50:58,82.600000,39.650000,2.00,新疆阿克苏地区沙雅县,4.0
2014-08-04 03:30:31,103.360000,27.090000,5.00,云南昭通市鲁甸县,4.2
2014-08-03 22:28:29,103.340000,27.110000,11.00,云南昭通市鲁甸县,4.1
2014-08-03 21:47:07,103.390000,27.100000,5.00,云南昭通市鲁甸县,4.1
2014-08-03 19:07:20,103.370000,27.080000,5.00,云南昭通市鲁甸县,4.0
2014-08-03 16:30:10,103.340000,27.100000,12.00,云南昭通市鲁甸县,6.5
2014-08-03 13:57:33,85.500000,29.000000,10.00,西藏日喀则市吉隆县,5.0
2014-07-29 17:09:37,105.220000,31.430000,15.00,四川绵阳市三台县,4.6
2014-07-29 16:20:14,105.240000,31.460000,15.00,四川绵阳市梓潼县,4.9
2014-07-24 11:08:21,81.140000,39.290000,7.00,新疆和田地区洛浦县,4.6
2014-07-17 14:11:52,121.400000,22.230000,8.00,台湾台东县附近海域,4.7
2014-07-11 21:11:47,125.900000,26.300000,130.00,先岛群岛东北海域,5.1
2014-07-11 13:43:24,114.490000,23.910000,12.00,广东河源市东源县,4.2
2014-07-09 05:52:47,78.270000,39.310000,8.00,新疆喀什地区麦盖提县,5.1
2014-07-09 02:18:46,77.530000,36.660000,100.00,新疆喀什地区叶城县,4.0
2014-07-06 12:15:09,89.060000,38.480000,6.00,新疆巴音郭楞州若羌县,4.2
2014-06-21 03:35:55,75.990000,40.160000,9.00,新疆克孜勒苏州阿图什市,4.0
2014-06-17 01:39:45,97.740000,24.990000,11.00,云南德宏州盈江县,4.3
2014-06-15 06:22:46,121.580000,23.780000,14.00,台湾花莲县,4.5
2014-06-10 07:54:13,105.170000,32.580000,15.00,四川广元市青川县,4.8
2014-06-09 21:34:42,80.740000,44.660000,7.00,新疆博尔塔拉州博乐市,4.3
2014-06-06 08:16:35,89.340000,34.260000,7.00,西藏那曲地区安多县,4.4
2014-06-03 13:34:45,97.860000,24.990000,11.00,云南德宏州盈江县,4.1
2014-05-30 23:53:36,97.860000,24.960000,5.00,云南德宏州盈江县,4.5
2014-05-30 09:21:09,97.800000,25.020000,8.00,云南德宏州盈江县,4.3
2014-05-30 09:20:50,97.840000,25.070000,14.00,云南德宏州盈江县,5.1
2014-05-30 09:20:12,97.820000,25.030000,12.00,云南德宏州盈江县,6.1
2014-05-29 00:58:07,121.660000,21.830000,9.00,台湾屏东县附近海域,4.3
2014-05-27 21:57:09,110.420000,31.910000,7.00,湖北十堰市房县,4.0
2014-05-27 15:52:22,124.130000,44.670000,7.00,吉林松原市乾安县,4.1
2014-05-25 20:41:12,121.190000,23.050000,5.00,台湾台东县,4.7
2014-05-24 04:49:21,97.820000,25.010000,12.00,云南德宏州盈江县,5.6
2014-05-21 08:21:14,121.500000,23.700000,20.00,台湾花莲县,5.7
2014-05-09 00:37:41,92.010000,33.100000,7.00,青海海西州唐古拉地区,4.2
2014-05-07 22:11:41,101.920000,25.490000,13.00,云南楚雄州元谋县,4.7
2014-05-05 04:23:29,77.640000,40.620000,10.00,新疆克孜勒苏州阿合奇县,4.9
2014-05-04 20:43:34,121.740000,23.940000,22.00,台湾花莲县附近海域,4.5
2014-04-30 14:20:54,94.290000,43.060000,9.00,新疆哈密市伊州区,5.1
2014-04-28 08:43:50,119.980000,19.770000,4.00,南海海域,5.2
2014-04-27 21:36:21,93.110000,38.400000,6.00,青海海西州冷湖,4.4
2014-04-20 16:00:43,116.110000,31.400000,10.00,安徽六安市霍山县,4.3
2014-04-20 03:27:52,123.730000,49.490000,10.00,内蒙古呼伦贝尔市鄂伦春旗,4.2
2014-04-11 10:30:58,103.180000,31.690000,17.00,四川阿坝州理县,4.8
2014-04-05 06:40:31,103.590000,28.130000,13.00,云南昭通市永善县,5.3
2014-04-04 09:27:24,100.570000,26.170000,14.00,云南丽江市永胜县,4.2
2014-04-04 00:12:16,121.670000,36.830000,9.00,山东威海市乳山市,4.0
2014-04-02 14:04:41,103.600000,31.170000,15.00,四川成都市都江堰市,4.0
2014-04-01 03:48:33,124.420000,36.870000,10.00,黄海海域,4.8
2014-03-31 01:10:18,86.500000,31.430000,10.00,西藏那曲市尼玛县,5.5
2014-03-30 00:24:44,110.780000,30.910000,5.00,湖北宜昌市秭归县,4.7
2014-03-27 00:20:05,110.790000,30.920000,7.00,湖北宜昌市秭归县,4.3
2014-03-22 20:58:19,82.340000,36.000000,8.00,新疆和田地区于田县,5.0
2014-03-20 13:40:34,82.820000,36.250000,7.00,新疆和田地区民丰县,4.1
2014-03-19 20:19:24,122.350000,24.060000,8.00,台湾花莲县海域,5.6
2014-03-17 21:12:55,122.450000,24.050000,8.00,台湾花莲县附近海域,4.9
2014-03-16 04:04:36,121.350000,22.270000,9.00,台湾台东县附近海域,4.7
2014-03-13 01:55:42,82.340000,35.950000,8.00,新疆和田地区于田县,4.5
2014-03-07 16:41:59,91.180000,31.500000,5.00,西藏那曲地区那曲县,4.2
2014-03-03 04:11:19,127.400000,27.400000,110.00,琉球群岛,6.7
2014-02-22 12:56:15,102.270000,37.610000,6.00,甘肃武威市天祝县,4.3
2014-02-22 04:25:15,121.590000,24.760000,63.00,台湾新北市,4.3
2014-02-15 20:32:59,82.290000,36.020000,7.00,新疆和田地区于田县,4.6
2014-02-14 09:08:57,82.550000,36.000000,8.00,新疆和田地区于田县,4.1
2014-02-14 05:37:17,82.420000,36.020000,6.00,新疆和田地区于田县,4.0
2014-02-13 15:34:18,82.460000,36.110000,7.00,新疆和田地区于田县,4.1
2014-02-13 08:08:41,82.470000,36.000000,6.00,新疆和田地区于田县,4.7
2014-02-13 08:07:03,82.560000,35.950000,7.00,新疆和田地区于田县,4.5
2014-02-13 04:51:24,82.410000,36.070000,6.00,新疆和田地区于田县,4.2
2014-02-13 03:09:22,82.430000,36.010000,6.00,新疆和田地区于田县,4.9
2014-02-13 02:00:06,82.390000,35.930000,7.00,新疆和田地区于田县,4.5
2014-02-12 20:26:41,82.990000,36.190000,5.00,新疆和田地区民丰县,4.2
2014-02-12 19:14:20,82.500000,36.180000,8.00,新疆和田地区于田县,4.6
2014-02-12 18:00:07,82.430000,36.060000,5.00,新疆和田地区于田县,4.9
2014-02-12 17:36:08,82.500000,35.970000,8.00,新疆和田地区于田县,4.2
2014-02-12 17:26:43,82.600000,36.100000,14.00,新疆和田地区于田县,4.2
2014-02-12 17:24:43,82.450000,36.000000,5.00,新疆和田地区于田县,5.7
2014-02-12 17:23:27,82.500000,36.100000,5.00,新疆和田地区于田县,4.1
2014-02-12 17:22:20,82.500000,36.100000,5.00,新疆和田地区于田县,4.3
2014-02-12 17:19:50,82.500000,36.100000,12.00,新疆和田地区于田县,7.3
2014-02-11 10:14:57,82.400000,36.100000,11.00,新疆和田地区于田县,5.4
2014-02-11 09:15:29,89.200000,33.800000,20.00,西藏那曲市双湖县,5.1
2014-02-08 00:24:46,122.450000,24.040000,8.00,台湾花莲县附近海域,4.0
2014-02-07 16:56:37,90.340000,31.950000,6.00,西藏那曲地区班戈县,4.3
2014-02-06 12:13:55,75.810000,37.970000,112.00,新疆克孜勒苏州阿克陶县,4.0
2014-02-03 02:51:08,120.240000,20.260000,6.00,台湾恒春县附近海域,4.9
2014-01-29 10:14:51,121.440000,23.240000,9.00,台湾台东县,4.1
2014-01-28 20:01:59,101.170000,22.510000,10.00,云南西双版纳州景洪市,4.6
2014-01-25 11:16:11,121.530000,23.850000,7.00,台湾花莲县,4.0
2014-01-24 14:57:10,86.720000,36.750000,10.00,新疆巴音郭楞州且末县,4.0
2014-01-19 23:33:09,93.820000,32.960000,10.00,青海玉树州杂多县,4.2
2014-01-17 01:47:22,90.370000,31.860000,8.00,西藏那曲地区班戈县,4.8
2014-01-15 03:50:04,121.190000,22.830000,7.00,台湾台东县,4.5
2014-01-15 03:17:42,101.170000,26.860000,11.00,云南丽江市华坪县,4.4
2014-01-15 02:38:12,121.200000,22.840000,9.00,台湾台东县,4.6
2014-01-15 00:44:26,121.100000,23.850000,7.00,台湾南投县,4.4
2014-01-07 22:24:07,121.670000,36.820000,7.00,山东威海市乳山市,4.3
2014-01-07 02:49:44,122.540000,25.440000,216.00,台湾新北市附近海域,4.4
2013-12-28 23:09:50,89.430000,33.810000,3.00,西藏那曲地区尼玛县,4.2
2013-12-18 23:30:10,92.810000,33.050000,8.00,青海玉树州杂多县,4.4
2013-12-16 13:04:52,110.440000,31.090000,5.00,湖北恩施州巴东县,5.1
2013-12-13 12:15:33,89.230000,32.740000,12.00,西藏那曲地区尼玛县,4.0
2013-12-12 00:14:44,89.250000,33.920000,12.00,西藏那曲地区尼玛县,4.7
2013-12-10 11:59:17,88.300000,35.610000,7.00,西藏那曲地区尼玛县,4.0
2013-12-08 13:01:10,124.140000,44.650000,8.00,吉林松原市前郭尔罗斯县,4.3
2013-12-08 02:30:59,100.220000,41.040000,7.00,内蒙古阿拉善盟额济纳旗,4.7
2013-12-07 03:22:58,122.540000,23.860000,9.00,台湾花莲县附近海域,4.4
2013-12-01 16:34:23,78.980000,40.260000,9.00,新疆阿克苏地区柯坪县,5.3
2013-11-29 20:13:50,99.510000,28.190000,9.00,云南迪庆州香格里拉县,4.6
2013-11-29 09:54:46,95.870000,28.860000,6.00,西藏林芝地区墨脱县,4.7
2013-11-28 16:23:53,100.580000,25.400000,10.00,云南大理州祥云县,4.6
2013-11-25 22:09:39,124.070000,44.670000,6.00,吉林松原市前郭尔罗斯县,4.0
2013-11-24 07:30:46,86.700000,36.800000,10.00,新疆巴音郭楞州且末县,5.6
2013-11-23 13:44:10,120.020000,37.100000,6.00,山东烟台市莱州市,4.6
2013-11-23 06:32:29,124.100000,44.600000,8.00,吉林松原市前郭尔罗斯县,5.0
2013-11-23 06:04:23,124.100000,44.600000,9.00,吉林松原市前郭尔罗斯县,5.8
2013-11-22 16:18:51,124.140000,44.720000,8.00,吉林松原市乾安县,5.3
2013-11-22 07:49:42,101.410000,27.930000,13.00,四川凉山州木里县、盐源县交界,4.1
2013-11-20 02:57:29,130.540000,46.060000,9.00,黑龙江佳木斯市桦南县、七台河市勃利县交界,4.7
2013-11-18 15:43:53,88.250000,35.900000,10.00,西藏那曲地区尼玛县,4.4
2013-11-17 03:22:17,77.200000,35.500000,7.00,中国、克什米尔地区交界,4.5
2013-11-16 23:36:39,103.010000,26.360000,13.00,云南昆明市东川区、曲靖市会泽县、四川凉山州会东县交界,4.5
2013-11-16 03:39:19,122.480000,24.030000,28.00,台湾花莲县附近海域,4.4
2013-11-11 21:21:30,77.300000,35.500000,6.00,中国、克什米尔地区交界,4.0
2013-11-08 19:38:53,124.100000,44.640000,11.00,吉林松原市乾安县、前郭尔罗斯县交界,4.0
2013-11-08 19:37:18,124.120000,44.650000,10.00,吉林松原市乾安县、前郭尔罗斯县交界,4.4
2013-11-07 15:31:43,121.620000,24.130000,20.00,台湾花莲县,4.1
2013-11-07 15:25:11,121.670000,24.140000,6.00,台湾花莲县,4.3
2013-11-06 12:16:19,93.600000,26.500000,40.00,西藏山南市错那县,5.0
2013-11-04 16:04:35,75.540000,39.780000,2.00,新疆克孜勒苏州乌恰县,4.3
2013-11-04 06:56:13,121.450000,24.000000,12.00,台湾花莲县,4.0
2013-11-04 03:17:24,124.050000,44.610000,8.00,吉林松原市前郭尔罗斯县,4.2
2013-11-03 15:02:11,88.280000,35.670000,8.00,西藏那曲地区尼玛县,4.7
2013-11-03 12:26:53,124.130000,44.640000,10.00,吉林松原市前郭尔罗斯县,4.5
2013-11-03 11:43:15,121.480000,23.700000,8.00,台湾花莲县,4.1
2013-11-01 07:52:25,121.390000,23.710000,10.00,台湾花莲县,4.2
2013-11-01 00:05:20,121.450000,23.510000,9.00,台湾花莲县,4.0
2013-10-31 23:47:28,121.480000,23.710000,6.00,台湾花莲县,4.7
2013-10-31 21:57:12,121.410000,23.630000,10.00,台湾花莲县,4.0
2013-10-31 21:45:21,121.390000,23.570000,10.00,台湾花莲县,4.1
2013-10-31 20:02:10,121.400000,23.500000,20.00,台湾花莲县,6.7
2013-10-31 11:10:07,124.200000,44.600000,6.00,吉林松原市前郭尔罗斯县,5.0
2013-10-31 11:03:34,124.180000,44.600000,8.00,吉林松原市前郭尔罗斯县,5.5
2013-10-30 21:53:00,100.690000,23.710000,10.00,云南普洱市景谷县,4.0
2013-10-30 04:17:51,130.950000,43.290000,539.00,吉林延边州珲春市,5.3
2013-10-30 01:50:11,118.790000,25.610000,11.00,福建莆田市仙游县、福州市永泰县交界,4.3
2013-10-26 06:50:59,97.360000,39.880000,7.00,甘肃酒泉市玉门市,4.1
2013-10-24 17:12:39,77.300000,35.500000,7.00,中国、克什米尔地区交界,4.2
2013-10-21 03:45:08,77.490000,35.920000,99.00,新疆喀什地区叶城县,4.9
2013-10-20 18:03:34,104.250000,34.490000,6.00,甘肃定西市岷县,4.0
2013-10-15 17:22:25,101.440000,23.130000,14.00,云南普洱市墨江县、宁洱县交界地区,4.2
2013-10-14 11:18:57,102.780000,27.970000,19.00,四川凉山州昭觉县,4.3
2013-10-07 04:43:57,76.200000,37.700000,118.00,新疆喀什地区塔什库尔干县,4.0
2013-10-04 11:01:13,104.450000,32.050000,21.00,四川绵阳市北川县、平武县交界,4.5
2013-09-30 20:05:19,121.000000,23.870000,10.00,台湾南投县,4.0
2013-09-20 05:37:01,101.520000,37.710000,7.00,青海海北州门源县,5.1
2013-09-17 13:21:36,83.710000,43.900000,6.00,新疆伊犁州尼勒克县,4.0
2013-09-17 06:43:38,100.670000,39.500000,6.00,内蒙古阿拉善盟阿拉善右旗、甘肃张掖市甘州区交界,4.9
2013-09-16 06:28:02,83.270000,30.800000,8.00,西藏日喀则地区仲巴县,4.3
2013-09-11 21:27:48,81.370000,35.040000,3.00,西藏阿里地区日土县,4.3
2013-09-09 19:58:13,92.510000,27.340000,5.00,西藏山南地区错那县,4.3
2013-09-06 23:04:08,99.470000,28.220000,10.00,云南迪庆州香格里拉县、四川甘孜州得荣县交界地区,4.5
2013-09-04 06:23:26,118.750000,25.640000,10.00,福建莆田市仙游县、福州市永泰县交界,4.8
2013-09-03 22:32:34,99.460000,28.230000,10.00,云南迪庆州香格里拉县、四川甘孜州得荣县交界地区,4.5
2013-09-02 22:52:31,99.370000,28.190000,10.00,云南迪庆州香格里拉县、四川甘孜州得荣县交界地区,4.2
2013-09-01 07:17:46,99.480000,28.190000,10.00,云南迪庆州香格里拉县、四川甘孜州得荣县交界地区,4.0
2013-09-01 05:06:30,94.420000,28.670000,6.00,西藏林芝地区墨脱县,4.0
2013-08-31 09:18:43,99.410000,28.260000,5.00,云南迪庆州香格里拉县、四川甘孜州得荣县交界地区,4.1
2013-08-31 08:26:58,99.450000,28.200000,10.00,云南迪庆州香格里拉县、四川甘孜州得荣县交界地区,4.5
2013-08-31 08:13:25,99.440000,28.240000,20.00,云南迪庆州德钦县、四川甘孜州得荣县交界,4.0
2013-08-31 08:04:18,99.400000,28.200000,10.00,云南迪庆州香格里拉市,5.9
2013-08-30 13:27:30,87.640000,43.760000,12.00,新疆乌鲁木齐市天山区,5.1
2013-08-28 22:32:13,74.630000,39.110000,6.00,新疆克孜勒苏州阿克陶县,4.0
2013-08-28 20:57:41,85.830000,42.070000,2.00,新疆巴音郭楞州焉耆县、库尔勒市交界,4.5
2013-08-28 07:53:02,99.360000,28.190000,16.00,四川甘孜州得荣县、云南迪庆州德钦县、香格里拉县交界地区,4.4
2013-08-28 04:44:48,99.300000,28.200000,9.00,云南迪庆州德钦县,5.1
2013-08-27 06:02:07,88.100000,34.000000,16.00,西藏那曲地区尼玛县,4.1
2013-08-26 22:35:54,94.020000,33.160000,9.00,青海玉树州杂多县,4.5
2013-08-23 05:02:01,118.840000,25.630000,8.00,福建莆田市仙游县,4.0
2013-08-19 00:38:04,99.050000,31.680000,15.00,四川甘孜州白玉县、德格县交界,4.3
2013-08-18 22:57:02,122.410000,24.040000,8.00,台湾花莲县附近海域,4.0
2013-08-16 11:38:12,104.070000,38.500000,5.00,内蒙古阿拉善盟阿拉善左旗,4.2
2013-08-12 16:09:35,97.930000,30.080000,6.00,西藏昌都地区左贡县,4.5
2013-08-12 09:33:57,97.950000,30.050000,7.00,西藏昌都地区左贡县、芒康县交界,4.0
2013-08-12 07:58:48,97.900000,30.100000,10.00,西藏昌都市左贡县,5.1
2013-08-12 07:48:22,97.910000,30.060000,10.00,西藏昌都地区左贡县,4.9
2013-08-12 05:23:40,97.960000,30.050000,10.00,西藏昌都市左贡县,6.1
2013-08-11 20:40:03,97.970000,30.020000,7.00,西藏昌都地区左贡县,4.3
2013-08-08 02:51:45,103.180000,31.690000,10.00,四川阿坝州汶川县、茂县、理县交界,4.5
2013-08-07 00:13:57,86.450000,31.810000,7.00,西藏那曲地区尼玛县,4.6
2013-08-06 23:31:32,86.600000,31.400000,10.00,西藏那曲市尼玛县,5.2
2013-08-04 09:14:50,81.560000,44.340000,6.00,新疆伊犁州伊宁县、博尔塔拉州博乐市交界,4.0
2013-08-03 07:06:55,83.110000,43.960000,9.00,新疆伊犁州尼勒克县,4.6
2013-07-28 23:26:23,104.200000,34.550000,6.00,甘肃定西市岷县、漳县交界,4.1
2013-07-27 00:25:03,104.900000,33.000000,6.00,甘肃陇南市文县,4.5
2013-07-24 23:41:13,121.550000,23.940000,7.00,台湾花莲县,4.0
2013-07-24 23:32:14,121.550000,23.950000,7.00,台湾花莲县,4.6
2013-07-24 22:47:05,121.600000,23.920000,6.00,台湾花莲县,4.5
2013-07-22 09:12:34,104.190000,34.560000,14.00,甘肃定西市岷县,5.6
2013-07-22 07:45:55,104.230000,34.520000,20.00,甘肃定西市岷县,6.6
2013-07-19 18:58:06,89.030000,47.510000,10.00,新疆阿勒泰地区富蕴县,4.3
2013-07-19 07:56:14,98.930000,25.930000,8.00,云南怒江州泸水县,4.0
2013-07-18 22:07:48,108.230000,30.230000,7.00,重庆市石柱县,4.5
2013-07-16 18:11:35,121.500000,24.200000,8.00,台湾花莲县,5.0
2013-07-16 03:39:46,88.050000,27.990000,6.00,西藏日喀则地区定结县,4.0
2013-07-15 21:41:40,122.690000,23.840000,8.00,台湾花莲县附近海域,4.7
2013-07-09 21:49:17,78.400000,32.400000,9.00,克什米尔地区,4.8
2013-07-08 07:39:14,103.560000,31.300000,21.00,四川阿坝州汶川县、成都市都江堰市交界,4.1
2013-07-07 21:52:57,87.200000,43.000000,6.00,新疆乌鲁木齐市达坂城区、巴音郭楞州和静县、乌鲁木齐市乌鲁木齐县交界,4.0
2013-07-02 08:28:37,92.750000,33.080000,20.00,青海海西州格尔木市、玉树州杂多县交界,4.5
2013-06-30 12:59:30,73.410000,39.220000,10.00,新疆克孜勒苏州阿克陶县,5.0
2013-06-29 07:51:52,122.300000,24.000000,8.00,台湾花莲县海域,5.6
2013-06-26 18:19:16,121.860000,24.850000,7.00,台湾宜兰县附近海域,4.0
2013-06-25 19:41:50,88.960000,35.240000,7.00,西藏那曲地区安多县,4.0
2013-06-24 14:34:48,84.120000,44.390000,5.00,新疆塔城地区乌苏市,4.1
2013-06-24 13:02:01,84.140000,44.320000,7.00,新疆塔城地区乌苏市,4.3
2013-06-20 17:05:12,125.200000,49.800000,6.00,内蒙古呼伦贝尔市莫力达瓦旗,5.0
2013-06-17 10:13:03,91.660000,33.720000,4.00,青海海西州格尔木市,4.0
2013-06-09 10:14:21,77.250000,36.890000,102.00,新疆喀什地区叶城县,4.1
2013-06-08 00:38:03,122.700000,24.000000,40.00,台湾花莲县海域,5.9
2013-06-05 08:43:36,95.880000,37.580000,4.00,青海海西州直辖区,5.0
2013-06-02 13:43:03,120.900000,23.900000,9.00,台湾南投县,6.7
2013-05-29 09:33:58,122.270000,24.080000,8.00,台湾花莲县附近海域,4.1
2013-05-26 21:01:58,102.970000,30.260000,16.00,四川雅安市芦山县,4.2
2013-05-21 12:25:45,121.850000,24.290000,7.00,台湾花莲县附近海域,4.6
2013-05-18 06:02:23,124.670000,37.700000,8.00,黄海海域,5.1
2013-05-17 22:37:41,100.080000,29.210000,15.00,四川甘孜州稻城县、乡城县交界,4.2
2013-05-17 14:01:59,86.440000,31.560000,10.00,西藏那曲地区尼玛县,4.2
2013-05-16 11:39:48,86.360000,31.520000,9.00,西藏那曲地区尼玛县,4.6
2013-05-16 11:34:17,86.500000,31.600000,10.00,西藏那曲市尼玛县,5.0
2013-05-15 20:29:10,105.210000,32.490000,15.00,四川广元市青川县,4.5
2013-05-15 18:54:30,86.500000,31.600000,10.00,西藏那曲市尼玛县,5.2
2013-05-15 13:02:24,88.010000,38.750000,8.00,新疆巴音郭楞州若羌县,4.6
2013-05-14 12:39:26,122.710000,49.220000,5.00,内蒙古呼伦贝尔市鄂伦春旗,4.6
2013-05-01 02:14:13,102.890000,30.240000,13.00,四川雅安市芦山县、宝兴县、天全县交界,4.1
2013-04-28 23:28:06,104.090000,31.730000,15.00,四川阿坝州茂县、德阳市绵竹市、绵阳市安县交界,4.3
2013-04-25 06:12:49,104.950000,28.450000,4.00,四川宜宾市长宁县、珙县、兴文县交界,4.2
2013-04-25 06:10:30,104.950000,28.400000,4.00,四川宜宾市长宁县、珙县、兴文县交界,4.8
2013-04-23 05:54:49,103.000000,30.350000,19.00,四川雅安市芦山县,4.5
2013-04-22 17:11:53,122.400000,42.900000,6.00,内蒙古通辽市科尔沁左翼后旗,5.3
2013-04-21 22:16:54,102.900000,30.300000,14.00,四川雅安市芦山县、宝兴县交界,4.3
2013-04-21 18:48:23,103.000000,30.300000,19.00,四川雅安市芦山县,4.2
2013-04-21 17:30:24,102.980000,30.280000,18.00,四川雅安市芦山县,4.2
2013-04-21 17:05:22,103.000000,30.300000,17.00,四川雅安市芦山县,5.4
2013-04-21 11:59:37,103.000000,30.260000,17.00,四川雅安市芦山县,4.9
2013-04-21 07:21:27,124.600000,35.200000,10.00,黄海海域,5.0
2013-04-21 04:53:44,103.000000,30.300000,16.00,四川雅安市芦山县,5.0
2013-04-21 03:54:45,102.970000,30.230000,18.00,四川雅安市芦山县,4.0
2013-04-21 00:14:35,102.850000,30.150000,18.00,四川雅安市天全县、芦山县、宝兴县交界,4.0
2013-04-20 19:12:49,103.020000,30.350000,17.00,四川雅安市芦山县、宝兴县交界,4.5
2013-04-20 17:45:15,103.040000,30.310000,17.00,四川成都市邛崃市,4.0
2013-04-20 15:18:32,103.000000,30.390000,17.00,四川雅安市宝兴县、芦山县交界,4.1
2013-04-20 11:34:17,102.900000,30.100000,11.00,四川雅安市天全县,5.3
2013-04-20 10:38:34,103.010000,30.250000,17.00,四川雅安市芦山县,4.6
2013-04-20 10:19:03,102.920000,30.330000,15.00,四川雅安市芦山县、宝兴县交界,4.3
2013-04-20 09:39:34,102.840000,30.130000,17.00,四川雅安市芦山县、天全县交界,4.5
2013-04-20 09:37:28,102.990000,30.280000,15.00,四川雅安市芦山县,4.9
2013-04-20 09:26:00,102.950000,30.190000,17.00,四川雅安市芦山县、宝兴县、天全县交界,4.4
2013-04-20 09:20:09,102.990000,30.170000,19.00,四川雅安市芦山县、宝兴县、天全县交界,4.6
2013-04-20 09:11:51,102.980000,30.250000,16.00,四川雅安市宝兴县、天全县、芦山县交界,4.3
2013-04-20 09:02:57,102.930000,30.280000,15.00,四川雅安市宝兴县、芦山县交界,4.6
2013-04-20 08:37:12,102.930000,30.180000,18.00,四川雅安市芦山县、天全县、宝兴县交界,4.1
2013-04-20 08:31:34,103.010000,30.390000,12.00,四川雅安市芦山县、宝兴县交界,4.1
2013-04-20 08:07:32,102.900000,30.300000,10.00,四川雅安市芦山县,5.1
2013-04-20 08:06:38,102.880000,30.180000,10.00,四川雅安市芦山县、宝兴县、天全县交界,4.8
2013-04-20 08:02:46,103.000000,30.300000,13.00,四川雅安市芦山县,7.0
2013-04-18 11:46:00,99.790000,25.880000,9.00,云南大理州漾濞县、洱源县交界地区,4.1
2013-04-17 09:45:54,99.800000,25.900000,11.00,云南大理州洱源县,5.0
2013-04-16 16:34:12,95.160000,28.820000,6.00,西藏林芝地区墨脱县,4.8
2013-04-06 08:29:54,131.100000,42.800000,570.00,吉林延边州珲春市东部海域,5.8
2013-04-05 21:00:03,131.100000,42.800000,570.00,吉林延边州珲春市东部海域,6.5
2013-04-04 23:44:21,73.760000,39.740000,7.00,中、吉交界,4.0
2013-03-29 20:52:59,97.200000,37.250000,5.00,青海海西州德令哈市,4.0
2013-03-29 13:01:10,86.800000,43.400000,13.00,新疆昌吉州昌吉市,5.6
2013-03-27 10:03:19,121.000000,24.000000,8.00,台湾南投县,6.5
2013-03-25 20:28:49,95.290000,33.260000,6.00,青海玉树州杂多县,4.3
2013-03-20 15:22:01,122.030000,24.520000,11.00,台湾宜兰县附近海域,4.0
2013-03-20 08:53:56,95.790000,35.800000,6.00,青海海西州格尔木市、都兰县交界,4.2
2013-03-19 09:47:15,100.960000,23.110000,5.00,云南普洱市宁洱县,4.2
2013-03-11 11:01:37,77.500000,40.200000,8.00,新疆克孜勒苏州阿图什市,5.2
2013-03-09 20:23:57,103.500000,31.350000,14.00,四川阿坝州汶川县,4.5
2013-03-07 16:07:22,121.440000,24.310000,7.00,台湾花莲县、台中县、南投县交界,4.0
2013-03-07 11:36:47,121.500000,24.300000,6.00,台湾花莲县,5.7
2013-03-06 19:49:43,122.090000,24.510000,18.00,台湾宜兰县附近海域,4.0
2013-03-03 13:41:15,99.700000,25.900000,9.00,云南大理州洱源县,5.5
2013-02-25 13:22:24,85.690000,34.340000,3.00,西藏阿里地区改则县,4.1
2013-02-25 13:11:11,85.700000,34.400000,9.00,西藏阿里地区改则县,5.4
2013-02-22 11:34:12,114.480000,23.900000,11.00,广东河源市东源县,4.8
2013-02-22 05:43:39,100.800000,26.730000,14.00,云南丽江市永胜县、宁蒗县交界,4.2
2013-02-22 02:35:57,121.510000,24.240000,10.00,台湾花莲县,4.3
2013-02-20 13:01:58,101.600000,23.250000,5.00,云南普洱市墨江县,4.8
2013-02-20 03:21:15,107.450000,23.850000,7.00,广西百色市平果县、田东县交界,4.5
2013-02-19 22:17:42,105.200000,31.210000,19.00,四川绵阳市三台县、盐亭县交界,4.7
2013-02-19 15:55:30,104.840000,28.350000,15.00,四川宜宾市兴文县、珙县、长宁县交界,4.5
2013-02-19 10:46:58,103.100000,27.100000,6.00,云南昭通市巧家县、四川凉山州宁南县交界,4.9
2013-02-19 05:24:11,77.760000,40.110000,11.00,新疆克孜勒苏州阿图什市,4.6
2013-02-18 21:00:28,77.800000,40.130000,9.00,新疆克孜勒苏州阿图什市,4.6
2013-02-17 09:32:08,121.470000,24.280000,7.00,台湾花莲县、台中县、南投县交界,4.2
2013-02-12 10:55:09,94.750000,32.860000,10.00,青海玉树州杂多县,4.2
2013-02-12 03:13:03,92.400000,38.500000,10.00,青海海西州茫崖市,5.1
2013-02-07 22:57:21,104.130000,28.050000,10.00,云南昭通市盐津县,4.2
2013-02-07 03:01:42,80.400000,34.340000,7.00,西藏阿里地区日土县,4.1
2013-02-05 21:13:50,100.050000,38.950000,6.00,甘肃张掖市肃南县,4.0
2013-02-04 21:35:27,82.360000,37.720000,9.00,新疆和田地区于田县、民丰县交界,4.5
2013-02-04 20:04:52,94.760000,32.870000,6.00,青海玉树州杂多县,4.7
2013-02-02 11:39:50,122.000000,23.810000,8.00,台湾花莲县附近海域,4.8
2013-01-31 01:32:56,96.440000,36.600000,10.00,青海海西州都兰县,4.3
2013-01-30 17:27:03,94.700000,32.900000,20.00,青海玉树州杂多县,5.1
2013-01-27 13:06:44,103.260000,31.520000,15.00,四川阿坝州理县,4.2
2013-01-26 23:41:13,77.360000,39.930000,6.00,新疆克孜勒苏州阿图什市,4.2
2013-01-24 18:39:54,73.610000,38.760000,114.00,中、塔交界,4.3
2013-01-23 12:18:16,123.200000,41.500000,7.00,辽宁辽阳市灯塔市,5.1
2013-01-21 03:09:46,122.450000,24.800000,44.00,台湾宜兰县附近海域,4.4
2013-01-18 20:42:49,99.400000,31.000000,15.00,四川甘孜州白玉县,5.4
2013-01-17 16:30:42,122.090000,24.550000,9.00,台湾宜兰县附近海域,4.7
2013-01-15 08:54:50,81.000000,43.320000,9.00,新疆伊犁州察布查尔县、昭苏县交界,4.1
2013-01-05 21:41:36,86.550000,31.300000,8.00,西藏那曲地区尼玛县,4.3
2013-01-04 11:29:57,122.370000,24.030000,7.00,台湾花莲县附近海域,4.4
2013-01-04 02:08:03,121.960000,23.850000,8.00,台湾花莲县附近海域,4.3
2013-01-03 22:00:14,122.070000,23.770000,7.00,台湾花莲县附近海域,4.2
2013-01-02 20:01:46,121.790000,23.930000,8.00,台湾花莲县附近海域,4.6
2012-12-31 00:03:25,120.970000,23.440000,10.00,台湾南投县、嘉义县、高雄县交界,4.8
2012-12-26 10:06:37,122.360000,24.030000,65.00,台湾花莲县附近海域,4.0
2012-12-23 14:13:06,121.410000,24.260000,8.00,台湾花莲县,4.1
2012-12-16 18:29:30,77.910000,40.040000,7.00,新疆克孜勒苏州阿图什市、喀什地区巴楚县交界,4.7
2012-12-13 02:58:23,102.750000,27.040000,14.00,四川凉山州宁南县、云南昭通市巧家县交界,4.0
2012-12-11 18:32:04,121.640000,24.060000,7.00,台湾花莲县,4.0
2012-12-08 22:26:57,122.330000,25.680000,281.00,台湾台北县附近海域,4.7
2012-12-07 22:08:43,88.000000,38.700000,9.00,新疆巴音郭楞州若羌县,5.1
2012-12-03 03:43:30,121.610000,23.920000,8.00,台湾花莲县附近海域,4.4
2012-12-03 01:45:37,121.610000,24.120000,8.00,台湾花莲县,4.8
2012-12-01 23:16:43,104.180000,31.850000,18.00,四川绵阳市北川县,4.3
2012-11-26 13:33:50,90.500000,40.400000,8.00,新疆巴音郭楞州若羌县,5.5
2012-11-22 06:25:26,122.290000,24.050000,10.00,台湾花莲县附近海域,4.4
2012-11-21 01:09:00,121.360000,22.530000,9.00,台湾台东县附近海域,4.8
2012-11-20 10:24:23,106.340000,38.430000,6.00,宁夏银川市永宁县、银川市市辖区交界,4.5
2012-11-14 19:42:53,102.520000,26.490000,16.00,四川凉山州会东县,4.1
2012-11-11 08:58:59,105.240000,29.310000,11.00,四川内江市隆昌县,4.3
2012-11-11 06:01:30,105.230000,29.320000,15.00,四川内江市隆昌县,4.2
2012-11-10 22:19:31,105.220000,29.320000,10.00,四川内江市隆昌县,4.0
2012-11-05 21:40:29,121.510000,23.820000,10.00,台湾花莲县,4.2
2012-10-25 18:31:17,120.350000,22.580000,6.00,台湾高雄县附近海域,4.4
2012-10-21 12:09:09,89.290000,43.450000,5.00,新疆吐鲁番地区吐鲁番市,4.6
2012-10-19 10:44:15,102.860000,30.140000,20.00,四川雅安市芦山县、天全县交界,4.2
2012-10-15 07:07:58,101.900000,25.150000,9.00,云南楚雄州禄丰县,4.4
2012-10-06 17:27:36,88.310000,41.010000,7.00,新疆巴音郭楞州尉犁县,4.3
2012-10-03 02:37:35,93.060000,26.980000,6.00,西藏山南地区错那县,4.3
2012-10-01 07:04:44,81.810000,41.460000,18.00,新疆阿克苏地区新和县、拜城县交界,4.2
2012-09-25 05:57:32,121.300000,22.870000,8.00,台湾台东县附近海域,4.0
2012-09-22 09:03:02,89.400000,32.390000,3.00,西藏那曲地区尼玛县,4.1
2012-09-21 18:09:24,77.370000,40.440000,5.00,新疆克孜勒苏州阿图什市,4.0
2012-09-18 07:28:34,100.080000,23.340000,10.00,云南普洱市景谷县、临沧市双江县交界地区,4.2
2012-09-14 11:21:45,82.340000,43.630000,6.00,新疆伊犁州尼勒克县、巩留县交界,4.7
2012-09-11 11:21:19,99.180000,24.660000,10.00,云南保山市施甸县,4.9
2012-09-11 11:20:16,99.180000,24.670000,7.00,云南保山市施甸县,4.5
2012-09-10 22:03:11,74.180000,39.140000,7.00,新疆克孜勒苏州阿克陶县,4.5
2012-09-10 05:20:36,78.770000,37.040000,8.00,新疆和田地区皮山县,4.5
2012-09-07 13:12:45,104.000000,27.540000,8.00,云南昭通市彝良县,4.4
2012-09-07 12:16:29,104.000000,27.600000,10.00,云南昭通市彝良县,5.6
2012-09-07 11:58:00,104.010000,27.580000,10.00,云南昭通市彝良县,4.3
2012-09-07 11:19:40,104.000000,27.500000,14.00,云南昭通市彝良县,5.7
2012-09-05 04:00:16,121.200000,22.100000,14.00,台湾恒春县附近海域,4.9
2012-09-04 15:47:07,78.770000,37.050000,8.00,新疆和田地区皮山县,4.1
2012-09-01 14:47:09,84.670000,43.440000,5.00,新疆伊犁州新源县,4.3
2012-08-31 20:23:54,120.940000,24.720000,9.00,台湾新竹县附近海域,4.1
2012-08-31 20:11:39,120.840000,24.770000,7.00,台湾苗栗县附近海域,4.4
2012-08-31 13:52:12,114.670000,23.810000,11.00,广东河源市源城区、东源县交界,4.2
2012-08-28 04:07:59,89.620000,35.090000,19.00,"青海玉树州治多县,西藏那曲地区安多县交界",4.3
2012-08-26 13:18:22,89.910000,35.270000,15.00,青海玉树州治多县,4.8
2012-08-18 04:20:00,121.590000,23.410000,5.00,台湾台东县附近海域,4.8
2012-08-14 18:55:42,121.500000,24.080000,9.00,台湾花莲县,4.5
2012-08-14 10:06:47,122.460000,24.030000,7.00,台湾花莲县附近海域,4.6
2012-08-12 18:49:50,82.500000,35.730000,9.00,新疆和田地区于田县、西藏阿里地区改则县交界,4.8
2012-08-12 18:47:12,82.500000,35.900000,30.00,新疆和田地区于田县,6.2
2012-08-11 17:34:21,78.200000,40.000000,9.00,新疆克孜勒苏州阿图什市,5.2
2012-08-07 17:43:23,77.400000,39.450000,7.00,新疆喀什地区伽师县,4.3
2012-08-06 22:15:47,77.820000,35.830000,13.00,新疆喀什地区叶城县、和田地区皮山县交界,4.0
2012-08-05 22:10:25,94.840000,30.290000,7.00,西藏林芝地区波密县,4.2
2012-08-01 17:52:19,75.500000,39.730000,5.00,新疆克孜勒苏州乌恰县、阿图什市交界,4.9
2012-07-30 00:05:31,101.220000,23.080000,10.00,云南普洱市宁洱县,4.2
2012-07-28 05:28:14,103.360000,30.820000,16.00,四川成都市崇州市、阿坝州汶川县交界,4.0
2012-07-23 04:29:40,87.210000,36.230000,7.00,西藏那曲地区尼玛县,4.8
2012-07-23 00:44:20,88.010000,29.780000,9.00,西藏日喀则地区谢通门县,4.7
2012-07-21 09:05:18,82.720000,43.360000,9.00,新疆伊犁州新源县,4.2
2012-07-20 20:11:50,119.570000,33.040000,5.00,江苏扬州市高邮市、宝应县交界,4.9
2012-07-15 11:42:33,89.440000,33.210000,9.00,西藏那曲地区尼玛县,4.0
2012-07-04 03:11:39,88.090000,30.090000,6.00,西藏日喀则地区谢通门县,4.2
2012-07-02 05:48:09,84.710000,43.470000,6.00,新疆伊犁州尼勒克县、巴音郭楞州和静县交界,4.2
2012-07-01 03:43:22,96.370000,28.510000,7.00,西藏林芝地区察隅县,4.7
2012-06-30 15:35:56,84.580000,43.380000,10.00,新疆伊犁州新源县,4.3
2012-06-30 08:46:48,84.830000,43.410000,5.00,新疆巴音郭楞州和静县、伊犁州新源县交界,4.2
2012-06-30 05:07:31,84.800000,43.400000,7.00,新疆巴音郭楞州和静县,6.6
2012-06-28 03:36:17,79.220000,36.310000,5.00,新疆和田地区和田县,4.0
2012-06-24 15:59:35,100.700000,27.700000,11.00,云南丽江市宁蒗县,5.7
2012-06-18 03:05:14,117.560000,39.610000,9.00,天津市宝坻区、河北唐山市玉田县交界,4.0
2012-06-18 02:52:12,121.480000,23.720000,14.00,台湾花莲县,4.2
2012-06-17 17:07:52,121.550000,23.640000,2.00,台湾花莲县附近海域,4.1
2012-06-17 17:01:53,121.530000,23.620000,9.00,台湾花莲县附近海域,4.8
2012-06-15 05:51:29,84.200000,42.200000,20.00,新疆巴音郭楞州轮台县,5.4
2012-06-15 03:30:56,121.630000,23.730000,9.00,台湾花莲县附近海域,4.5
2012-06-15 02:26:02,121.580000,23.660000,20.00,台湾花莲县附近海域,4.0
2012-06-15 00:15:13,121.600000,23.700000,9.00,台湾花莲县海域,5.3
2012-06-14 12:07:59,121.480000,23.820000,7.00,台湾花莲县附近海域,4.2
2012-06-13 16:22:20,121.290000,24.770000,8.00,台湾新竹县,4.4
2012-06-12 21:40:39,104.280000,28.100000,12.00,云南昭通市盐津县、四川宜宾市筠连县交界,4.2
2012-06-10 05:00:15,122.300000,24.500000,50.00,台湾宜兰县海域,5.9
2012-06-09 12:41:18,120.580000,22.910000,6.00,台湾高雄县、屏东县交界,4.1
2012-06-06 09:08:33,121.400000,22.400000,20.00,台湾台东县海域,5.6
2012-06-05 17:56:30,122.210000,24.120000,17.00,台湾花莲县附近海域,4.4
2012-06-04 07:19:12,79.800000,35.870000,7.00,新疆和田地区和田县,4.0
2012-06-01 20:32:24,75.100000,39.900000,7.00,新疆克孜勒苏州乌恰县,5.0
2012-05-28 10:22:52,118.470000,39.710000,8.00,河北唐山市市辖区、滦县交界,4.8
2012-05-28 04:50:22,83.320000,31.040000,6.00,西藏日喀则地区仲巴县,4.4
2012-05-22 05:38:35,77.050000,38.100000,9.00,新疆喀什地区泽普县、叶城县交界,4.7
2012-05-19 22:02:35,87.120000,33.860000,8.00,西藏那曲地区尼玛县,4.7
2012-05-13 07:05:23,88.530000,43.840000,8.00,新疆乌鲁木齐市、昌吉州阜康市、吉木萨尔县交界,4.2
2012-05-12 09:34:41,89.480000,38.240000,5.00,新疆巴音郭楞州若羌县,4.9
2012-05-11 18:18:07,102.000000,37.750000,3.00,甘肃张掖市肃南县、武威市天祝县、青海海北州门源县交界,4.9
2012-05-03 18:19:35,98.600000,40.600000,8.00,甘肃酒泉市金塔县,5.4
2012-04-26 06:49:56,82.520000,36.390000,6.00,新疆和田地区于田县、民丰县交界,4.2
2012-04-19 09:58:09,121.680000,24.170000,15.00,台湾花莲县附近海域,4.9
2012-04-18 22:47:58,77.160000,39.940000,9.00,新疆克孜勒苏州阿图什市、喀什地区伽师县交界,4.3
2012-04-10 16:08:37,82.350000,34.500000,10.00,西藏阿里地区日土县,4.8
2012-04-09 05:43:30,122.300000,24.100000,8.00,台湾花莲县海域,5.5
2012-03-25 18:06:14,88.950000,33.480000,5.00,西藏那曲地区尼玛县,4.2
2012-03-22 07:44:36,121.650000,23.190000,8.00,台湾台东县附近海域,4.0
2012-03-09 06:50:09,81.300000,39.400000,30.00,新疆和田地区洛浦县,6.0
2012-03-03 05:30:45,77.190000,40.520000,9.00,新疆克孜勒苏州阿图什市,4.2
2012-03-03 01:12:37,83.750000,34.010000,3.00,西藏阿里地区改则县,4.3
2012-03-02 21:40:10,74.300000,39.700000,10.00,新疆克孜勒苏州乌恰县,5.0
2012-03-02 00:05:29,74.180000,39.770000,7.00,新疆克孜勒苏州乌恰县,4.5
2012-02-26 10:34:59,120.750000,22.750000,20.00,台湾屏东县,6.0
2012-02-20 22:18:03,79.700000,35.780000,5.00,新疆和田地区和田县,4.8
2012-02-20 21:59:24,79.800000,35.900000,8.00,新疆和田地区和田县,4.8
2012-02-20 21:52:35,79.700000,35.790000,12.00,新疆和田地区和田县,4.5
2012-02-17 23:44:25,82.800000,32.400000,20.00,西藏阿里地区革吉县,5.2
2012-02-16 02:34:23,114.500000,23.950000,13.00,广东河源市东源县,4.8
2012-02-11 00:19:36,83.740000,44.270000,12.00,新疆塔城地区乌苏市,4.0
2012-02-10 02:57:02,93.100000,44.900000,7.00,新疆哈密市巴里坤县,5.3
2012-02-06 00:25:13,120.990000,22.460000,16.00,台湾台东县附近海域,4.2
2012-02-04 10:54:22,122.700000,24.660000,71.00,台湾宜兰县附近海域,4.5
2012-02-02 05:16:57,122.400000,40.500000,9.00,辽宁营口市盖州市、大石桥市、市辖区交界,4.3
2012-01-29 16:07:42,122.160000,25.350000,245.00,台湾台北县附近海域,4.0
2012-01-25 07:34:14,94.170000,43.330000,10.00,新疆哈密地区伊吾县,4.5
2012-01-08 14:20:08,87.500000,42.100000,7.00,新疆巴音郭楞州和硕县,5.0
2012-01-05 03:36:59,83.770000,41.280000,10.00,新疆阿克苏地区库车县,4.3
2012-01-04 14:59:57,121.600000,23.970000,13.00,台湾花莲县附近海域,4.3
2011-12-26 00:46:50,103.790000,31.370000,17.00,四川成都市彭州市,4.8
2011-12-23 07:42:50,86.430000,31.690000,3.00,西藏那曲地区尼玛县,4.2
2011-12-23 03:39:59,122.400000,24.100000,9.00,台湾花莲县附近海域,4.5
2011-12-14 13:39:24,94.460000,39.430000,6.00,甘肃酒泉市阿克塞县、青海海西州交界,4.1
2011-12-11 20:38:55,94.460000,39.400000,4.00,甘肃酒泉市阿克塞县、青海海西州交界,4.0
2011-12-06 04:37:44,103.190000,27.370000,5.00,云南昭通市巧家县、鲁甸县、昭阳区交界地区,4.0
2011-12-06 02:55:40,92.800000,32.500000,7.00,西藏那曲地区聂荣县,4.1
2011-12-05 20:30:44,121.290000,23.330000,5.00,台湾花莲县,4.0
2011-12-04 18:13:04,122.170000,24.660000,54.00,台湾宜兰县附近海域,4.1
2011-12-02 08:55:23,121.360000,23.030000,5.00,台湾台东县附近海域,4.5
2011-12-01 20:48:19,76.900000,38.400000,10.00,新疆喀什地区莎车县,5.2
2011-12-01 11:51:00,83.850000,31.730000,10.00,西藏阿里地区改则县,4.9
2011-11-28 23:06:50,97.600000,25.100000,7.00,云南德宏州盈江县,5.1
2011-11-12 09:38:41,122.180000,24.080000,8.00,台湾花莲县附近海域,4.0
2011-11-08 10:59:06,125.900000,27.200000,220.00,东海海域,7.0
2011-11-07 05:57:23,97.470000,30.160000,7.00,西藏昌都地区左贡县、八宿县交界,4.1
2011-11-02 01:18:02,104.220000,34.540000,7.00,甘肃定西市岷县、漳县交界,4.5
2011-11-01 08:22:39,82.360000,43.630000,8.00,新疆伊犁州新源县、尼勒克县交界,4.1
2011-11-01 08:21:28,82.400000,43.600000,28.00,新疆伊犁州巩留县,6.0
2011-11-01 05:58:16,105.300000,32.600000,20.00,四川广元市青川县,5.4
2011-10-30 11:23:42,123.100000,25.300000,223.00,先岛群岛以北海域,5.7
2011-10-28 09:40:49,104.760000,32.320000,12.00,四川绵阳市平武县、广元市青川县交界,4.0
2011-10-24 03:08:35,92.050000,31.790000,13.00,西藏那曲地区聂荣县,4.1
2011-10-21 04:52:35,81.530000,35.620000,6.00,新疆和田地区于田县、策勒县交界,4.7
2011-10-16 21:44:46,82.700000,44.300000,4.00,新疆博尔塔拉州精河县,5.0
2011-10-10 09:55:38,82.540000,36.190000,6.00,新疆和田地区于田县、民丰县交界,4.1
2011-10-09 23:54:24,120.970000,22.480000,6.00,台湾台东县附近海域,4.0
2011-10-05 22:40:49,87.280000,38.250000,10.00,新疆巴音郭楞州若羌县,4.7
2011-09-27 19:03:01,76.820000,36.670000,100.00,新疆喀什地区叶城县,4.2
2011-09-22 09:00:58,121.510000,23.870000,10.00,台湾花莲县,4.0
2011-09-22 06:18:31,121.730000,24.110000,10.00,台湾花莲县附近海域,4.7
2011-09-15 23:27:03,82.450000,36.450000,6.00,新疆和田地区于田县,5.5
2011-09-10 23:20:30,115.400000,29.700000,17.00,江西九江市瑞昌市、湖北黄石市阳新县交界地区,4.6
2011-09-09 11:26:58,121.020000,22.250000,8.00,台湾台东县附近海域,4.2
2011-09-04 12:13:43,103.620000,31.270000,15.00,四川成都市都江堰市、阿坝州汶川县交界,4.3
2011-08-31 19:22:32,120.830000,21.780000,8.00,台湾恒春县附近海域,4.3
2011-08-31 09:13:54,100.920000,40.070000,6.00,内蒙古阿拉善盟阿拉善右旗,4.8
2011-08-31 00:23:50,97.980000,24.730000,10.00,云南德宏州盈江县,4.2
2011-08-31 00:15:48,120.620000,20.420000,8.00,台湾恒春县附近海域,4.6
2011-08-25 17:35:12,121.900000,23.200000,8.00,台湾台东县附近海域,4.0
2011-08-12 06:07:32,121.520000,23.890000,8.00,台湾花莲县,4.0
2011-08-12 01:06:13,95.780000,37.700000,8.00,青海海西州,4.2
2011-08-11 18:06:29,77.200000,39.900000,8.00,新疆克孜勒苏州阿图什市,5.8
2011-08-09 19:50:16,98.700000,25.000000,11.00,云南保山市腾冲市,5.2
2011-08-09 13:55:28,89.220000,32.720000,9.00,西藏那曲地区尼玛县,4.1
2011-08-02 06:45:23,87.680000,33.870000,17.00,西藏那曲地区尼玛县,4.0
2011-08-02 03:40:56,87.800000,33.900000,10.00,西藏那曲市双湖县,5.1
2011-07-27 07:42:53,92.770000,35.860000,6.00,青海玉树州治多县、海西州格尔木市交界,4.0
2011-07-25 03:05:26,90.400000,46.000000,10.00,新疆阿勒泰地区青河县,5.2
2011-07-22 22:52:57,118.850000,49.850000,7.00,内蒙古呼伦贝尔市陈巴尔虎旗,4.2
2011-07-20 14:12:18,122.090000,24.190000,8.00,台湾花莲县附近海域,4.4
2011-07-19 22:01:09,121.610000,24.000000,8.00,台湾花莲县,4.0
2011-07-18 22:48:54,122.350000,23.750000,8.00,台湾花莲县附近海域,4.5
2011-07-17 12:43:43,89.500000,33.700000,7.00,西藏那曲地区安多县,4.3
2011-07-15 05:12:17,121.900000,24.300000,10.00,台湾花莲县附近海域,4.0
2011-07-12 19:17:09,121.520000,23.550000,8.00,台湾花莲县附近海域,4.8
2011-07-12 02:52:35,82.280000,41.970000,8.00,新疆阿克苏地区拜城县,4.3
2011-07-06 19:58:58,121.700000,24.350000,8.00,台湾花莲县附近海域,4.6
2011-07-06 13:22:56,121.880000,24.220000,8.00,台湾花莲县附近海域,4.1
2011-06-26 21:19:12,121.000000,23.900000,6.00,台湾南投县,4.6
2011-06-26 15:48:17,95.900000,32.400000,10.00,青海玉树州囊谦县,5.2
2011-06-22 19:55:53,89.590000,33.450000,5.00,西藏那曲地区尼玛县,4.2
2011-06-20 18:16:49,98.700000,25.100000,10.00,云南保山市腾冲市,5.2
2011-06-20 14:27:24,79.700000,30.900000,10.00,中尼交界,4.4
2011-06-10 09:25:20,121.510000,23.720000,4.00,台湾花莲县,4.4
2011-06-08 10:00:19,88.280000,42.940000,6.00,新疆吐鲁番地区托克逊县,4.1
2011-06-08 09:54:36,88.310000,42.950000,9.00,新疆吐鲁番地区托克逊县,4.2
2011-06-08 09:53:27,88.300000,43.000000,5.00,新疆吐鲁番市托克逊县,5.3
2011-06-05 13:21:44,104.140000,31.800000,14.00,四川阿坝州茂县、绵阳市北川县交界,4.3
2011-06-03 01:07:53,121.250000,22.300000,9.00,台湾台东县附近海域,4.6
2011-05-31 21:13:36,98.700000,25.040000,11.00,云南保山市腾冲县、隆阳区交界地区,4.5
2011-05-23 21:22:27,74.660000,39.480000,8.00,新疆克孜勒苏州乌恰县,4.2
2011-05-23 05:07:14,120.950000,24.050000,8.00,台湾南投县,4.3
2011-05-22 18:52:04,82.280000,41.950000,4.00,新疆阿克苏地区拜城县,4.5
2011-05-22 15:46:28,78.360000,36.330000,119.00,新疆和田地区皮山县,4.0
2011-05-22 09:34:12,121.700000,24.100000,10.00,台湾花莲县,5.2
2011-05-15 15:05:30,105.340000,32.590000,12.00,四川广元市青川县、甘肃陇南市文县交界,4.3
2011-05-13 14:48:11,82.330000,41.970000,7.00,新疆阿克苏地区拜城县,4.3
2011-05-10 23:26:04,131.200000,43.300000,560.00,吉林延边州珲春市,6.1
2011-05-07 08:21:08,103.820000,31.500000,16.00,四川德阳市什邡市、阿坝州茂县交界,4.1
2011-05-06 18:48:12,103.590000,31.260000,15.00,四川成都市都江堰市、阿坝州汶川县交界,4.1
2011-05-05 04:57:23,80.790000,30.660000,35.00,西藏阿里地区札达县,4.5
2011-05-02 13:48:39,98.940000,33.740000,10.00,青海果洛州达日县,4.4
2011-04-30 16:35:38,121.800000,24.700000,60.00,台湾宜兰县,5.0
2011-04-23 21:36:06,82.700000,45.500000,4.00,新疆塔城地区托里县、裕民县交界,4.2
2011-04-23 07:11:10,82.600000,45.450000,7.00,新疆塔城地区托里县、裕民县交界,4.7
2011-04-20 00:27:33,89.800000,34.300000,6.00,青海海西州格尔木市,4.7
2011-04-17 04:50:11,76.060000,38.240000,121.00,新疆克孜勒苏州阿克陶县,4.2
2011-04-16 09:11:10,124.100000,25.300000,130.00,先岛群岛东北海域,6.0
2011-04-15 15:44:43,102.940000,26.660000,18.00,四川凉山州会东县、云南昭通市巧家县交界,4.5
2011-04-10 17:02:41,100.900000,31.300000,7.00,四川甘孜州炉霍县,5.3
2011-04-02 12:24:52,76.790000,36.780000,99.00,新疆喀什地区叶城县,4.0
2011-04-01 13:07:11,104.010000,31.590000,22.00,四川德阳市绵竹市,4.0
2011-03-24 21:55:13,99.800000,20.800000,20.00,缅甸,7.2
2011-03-23 13:55:55,76.580000,36.380000,111.00,新疆喀什地区叶城县、塔什库尔干县交界,4.6
2011-03-23 08:03:06,104.010000,31.710000,7.00,四川阿坝州茂县,4.0
2011-03-20 16:00:50,121.400000,22.400000,30.00,台湾台东县海域,5.2
2011-03-17 23:34:30,79.090000,40.380000,8.00,新疆阿克苏地区柯坪县,4.6
2011-03-10 20:42:02,97.980000,24.740000,6.00,云南德宏州盈江县,4.3
2011-03-10 20:41:36,97.980000,24.740000,7.00,云南德宏州盈江县,4.5
2011-03-10 13:04:50,97.920000,24.690000,10.00,云南德宏州盈江县,4.5
2011-03-10 13:03:56,97.930000,24.700000,10.00,云南德宏州盈江县,4.7
2011-03-10 12:58:12,97.900000,24.700000,10.00,云南德宏州盈江县,5.8
2011-03-08 00:19:44,114.630000,33.990000,10.00,河南周口市太康县、扶沟县、西华县交界,4.3
2011-03-07 01:51:36,111.760000,39.010000,5.00,山西忻州市五寨县,4.2
2011-03-03 15:54:26,101.100000,33.860000,6.00,青海果洛州久治县、甘肃甘南州玛曲县交界,4.1
2011-03-02 09:18:34,75.250000,38.950000,7.00,新疆克孜勒苏州阿克陶县,4.2
2011-02-23 21:32:11,103.840000,34.250000,5.00,甘肃甘南州迭部县、定西市岷县交界,4.0
2011-02-23 02:25:50,90.490000,32.810000,7.00,西藏那曲地区安多县,4.1
2011-02-17 01:25:29,85.290000,32.630000,7.00,西藏阿里地区改则县,4.3
2011-02-15 15:18:15,121.100000,21.200000,10.00,台湾屏东县海域,5.1
2011-02-14 03:12:28,73.680000,39.470000,10.00,中、吉交界,4.8
2011-02-12 13:44:13,103.010000,27.140000,13.00,云南昭通市巧家县,4.4
2011-02-07 22:24:39,82.160000,36.170000,7.00,新疆和田地区于田县,4.7
2011-02-04 10:39:15,91.740000,38.720000,10.00,青海海西州、新疆巴音郭楞州若羌县交界,4.8
2011-02-01 16:16:32,121.800000,24.200000,7.00,台湾花莲县海域,5.3
2011-02-01 15:11:20,97.900000,24.700000,10.00,云南德宏州盈江县,4.8
2011-01-19 12:07:42,117.100000,30.660000,9.00,安徽安庆市市辖区、怀宁县交界,4.8
2011-01-16 08:30:13,104.480000,31.980000,15.00,四川绵阳市北川县,4.0
2011-01-15 08:43:42,125.980000,48.590000,6.00,黑龙江黑河市五大连池市,4.2
2011-01-14 22:50:34,97.940000,24.730000,10.00,云南德宏州盈江县,4.3
2011-01-12 09:19:50,123.900000,33.300000,10.00,黄海海域,5.0
2011-01-10 15:36:52,75.220000,37.520000,6.00,新疆喀什地区塔什库尔干县,4.2
2011-01-08 14:36:23,84.220000,42.070000,7.00,新疆巴音郭楞州轮台县,4.1
2011-01-08 07:34:10,131.100000,43.000000,560.00,吉林延边州珲春市,5.6
2011-01-02 07:33:34,97.910000,24.710000,10.00,云南德宏州盈江县,4.8
2011-01-01 15:31:58,97.920000,24.720000,10.00,云南德宏州盈江县,4.6
2011-01-01 09:56:04,75.200000,39.400000,10.00,新疆克孜勒苏州乌恰县,5.1
2010-12-30 03:01:35,86.630000,30.830000,30.00,西藏那曲地区尼玛县,4.4
2010-12-30 02:31:03,86.500000,30.800000,30.00,西藏那曲市尼玛县,5.0
2010-12-03 22:30:53,102.990000,27.120000,9.00,云南昭通市巧家县,4.3
2010-11-30 16:39:59,90.400000,29.800000,9.00,西藏拉萨市当雄县,5.2
2010-11-21 20:31:46,121.600000,23.900000,10.00,台湾花莲县,5.6
2010-11-17 12:37:10,94.350000,28.700000,4.00,西藏林芝地区墨脱县,4.3
2010-11-15 08:59:47,105.200000,32.560000,15.00,四川广元市青川县,4.5
2010-11-12 21:08:50,122.400000,24.100000,8.00,台湾花莲县海域,5.0
2010-11-08 21:01:20,120.350000,23.240000,6.00,台湾台南县、嘉义县交界,4.9
2010-11-06 10:12:51,87.500000,36.800000,10.00,新疆巴音郭楞州且末县,5.0
2010-10-31 23:12:34,82.600000,33.300000,8.00,西藏阿里地区改则县,4.1
2010-10-28 15:40:54,92.870000,28.250000,7.00,西藏山南地区隆子县,4.0
2010-10-25 10:55:49,103.320000,30.860000,17.00,四川阿坝州汶川县、成都市崇州市交界,4.0
2010-10-24 16:58:55,114.650000,34.070000,8.00,河南周口市太康县、扶沟县、西华县交界,4.7
2010-10-21 18:00:26,104.620000,32.170000,20.00,四川绵阳市平武县,4.1
2010-10-18 05:49:37,104.110000,28.060000,11.00,云南昭通市盐津县,4.6
2010-10-18 04:11:19,85.820000,28.310000,8.00,西藏日喀则地区聂拉木县,4.7
2010-10-07 17:11:00,90.880000,33.640000,10.00,青海海西州格尔木市,4.4
2010-10-06 12:50:58,104.910000,28.360000,10.00,四川宜宾市长宁县、兴文县交界,4.3
2010-10-06 11:26:07,85.290000,32.700000,9.00,西藏阿里地区改则县,4.5
2010-10-04 21:28:37,125.300000,24.200000,30.00,琉球群岛西南部,6.1
2010-10-04 18:45:34,105.750000,25.510000,10.00,贵州安顺市镇宁县、黔西南州贞丰县交界,4.2
2010-09-29 01:33:51,121.750000,24.140000,8.00,台湾花莲县附近海域,4.9
2010-09-22 09:04:32,84.060000,43.110000,7.00,新疆巴音郭楞州和静县、伊犁州新源县,4.0
2010-09-18 18:07:02,106.730000,25.200000,10.00,贵州黔南州罗甸县、广西河池市天峨县交界,4.4
2010-09-10 21:21:46,105.430000,29.360000,7.00,重庆市荣昌县、四川内江市隆昌县、泸州市泸县交界,4.7
2010-09-09 09:12:51,130.700000,42.600000,560.00,中、俄交界,4.6
2010-09-08 04:50:55,96.280000,33.280000,5.00,青海玉树州玉树县,4.5
2010-09-07 23:49:10,73.700000,39.500000,6.00,中、吉交界,4.6
2010-09-07 23:41:37,73.800000,39.500000,7.00,新疆克孜勒苏州乌恰县,5.6
2010-08-30 16:45:10,122.200000,25.000000,8.00,台湾宜兰县海域,5.3
2010-08-29 08:53:25,103.020000,27.130000,10.00,云南昭通市巧家县、四川凉山州宁南县交界地区,4.8
2010-08-22 02:47:59,121.950000,24.840000,9.00,台湾宜兰县,4.9
2010-08-22 00:37:59,121.510000,23.710000,27.00,台湾花莲县,4.7
2010-08-18 02:31:07,81.090000,35.310000,5.00,西藏阿里地区日土县、新疆和田地区策勒县,4.0
2010-08-10 22:04:05,94.820000,30.350000,7.00,西藏林芝地区波密县,4.1
2010-08-09 10:54:42,94.790000,30.290000,4.00,西藏林芝地区波密县,4.5
2010-07-31 02:03:29,94.850000,30.310000,6.00,西藏林芝地区波密县,4.1
2010-07-29 20:10:08,94.860000,30.400000,15.00,西藏林芝地区波密县,4.0
2010-07-28 00:38:52,94.850000,30.380000,7.00,西藏林芝地区波密县,4.1
2010-07-27 18:14:17,94.840000,30.360000,8.00,西藏林芝地区波密县,4.8
2010-07-25 11:52:10,120.600000,22.900000,10.00,台湾高雄市,5.2
2010-07-24 17:56:35,88.830000,33.210000,7.00,西藏那曲地区尼玛县,4.3
2010-07-18 21:03:24,122.430000,24.070000,7.00,台湾花莲县附近海域,4.8
2010-07-17 17:04:16,121.580000,23.570000,8.00,台湾花莲县附近海域,4.4
2010-07-13 12:07:02,96.290000,34.210000,6.00,青海玉树州曲麻莱县,4.3
2010-07-10 18:15:45,87.030000,29.350000,8.00,西藏日喀则地区昂仁县,4.6
2010-07-09 08:41:18,122.460000,24.690000,15.00,台湾宜兰县附近海域,4.7
2010-07-09 03:43:36,122.100000,24.300000,12.00,台湾宜兰县海域,5.0
2010-07-05 10:04:06,80.540000,30.970000,6.00,西藏阿里地区札达县,4.6
2010-07-03 03:11:31,120.650000,22.870000,10.00,台湾屏东县与高雄县交界,4.3
2010-07-02 21:00:20,87.760000,41.910000,7.00,新疆巴音郭楞州和硕县,4.7
2010-07-01 03:16:43,93.550000,38.480000,7.00,青海海西州,4.0
2010-06-30 21:09:08,93.880000,33.240000,5.00,青海玉树州杂多县,4.0
2010-06-30 16:31:39,104.830000,32.310000,15.00,四川绵阳市平武县、广元市青川县交界,4.5
2010-06-28 04:33:26,122.340000,25.030000,8.00,台湾台北海域,4.5
2010-06-27 02:05:51,121.320000,24.760000,8.00,台湾桃园县与台北县交界,4.0
2010-06-24 19:40:53,85.360000,32.930000,6.00,西藏阿里地区改则县,4.0
2010-06-22 16:46:01,106.200000,38.270000,6.00,宁夏银川市永宁县,4.5
2010-06-22 11:21:46,82.580000,41.950000,11.00,新疆阿克苏地区拜城县,4.1
2010-06-20 19:03:17,106.450000,39.890000,4.00,内蒙古阿拉善盟阿拉善左旗,4.3
2010-06-18 09:08:42,121.790000,24.180000,8.00,台湾花莲海域,4.5
2010-06-15 16:08:28,96.310000,33.380000,10.00,青海玉树州玉树县,4.2
2010-06-15 08:31:18,121.700000,24.100000,8.00,台湾花莲县海域,5.5
2010-06-15 01:17:44,121.650000,24.110000,7.00,台湾花莲县,4.2
2010-06-13 13:58:40,80.990000,34.480000,6.00,西藏阿里地区日土县,4.0
2010-06-10 14:38:03,74.700000,39.900000,8.00,新疆克孜勒苏州乌恰县,5.1
2010-06-09 00:09:23,83.260000,44.440000,10.00,新疆博尔塔拉州精河县,4.5
2010-06-07 00:42:42,96.200000,33.310000,10.00,青海玉树州玉树县,4.8
2010-06-05 20:58:13,112.630000,38.180000,5.00,山西太原市阳曲县,4.6
2010-06-04 06:31:10,77.080000,36.850000,103.00,新疆喀什地区叶城县,4.0
2010-06-04 04:47:02,96.200000,33.310000,7.00,青海玉树州玉树县,4.8
2010-06-03 13:46:56,96.310000,33.280000,4.00,青海玉树州玉树县,4.3
2010-06-03 13:35:44,96.300000,33.300000,7.00,青海玉树州玉树市,5.3
2010-06-03 00:41:29,76.020000,38.340000,143.00,新疆克孜勒苏州阿克陶县,4.0
2010-06-01 23:58:07,99.210000,24.850000,1.00,云南保山市施甸县、隆阳区交界地区,4.5
2010-06-01 23:13:08,80.960000,34.460000,6.00,西藏阿里地区日土县,4.2
2010-05-29 11:11:15,96.190000,33.330000,5.00,青海玉树州玉树县,4.1
2010-05-29 10:29:53,96.300000,33.300000,10.00,青海玉树州玉树市,5.7
2010-05-28 11:04:52,104.120000,31.810000,27.00,四川阿坝州茂县、绵阳市北川县交界,4.2
2010-05-26 16:53:07,129.900000,25.800000,10.00,琉球群岛,6.1
2010-05-25 14:11:52,103.700000,31.100000,10.00,四川成都市都江堰市,5.0
2010-05-23 11:02:17,78.280000,40.020000,10.00,新疆克孜勒苏州阿图什市、阿克苏地区柯坪县交界,4.2
2010-05-14 22:46:26,90.390000,29.730000,9.00,西藏拉萨市当雄县,4.7
2010-05-03 02:00:14,120.470000,22.960000,5.00,台湾台南县,4.0
2010-05-01 17:10:58,87.910000,35.380000,7.00,西藏那曲地区尼玛县,4.3
2010-04-29 00:48:35,96.520000,33.190000,6.00,青海玉树州玉树县,4.3
2010-04-28 04:22:25,101.450000,30.600000,16.00,四川甘孜州道孚县,4.5
2010-04-27 08:07:11,73.780000,39.700000,6.00,中、塔、吉交界,4.2
2010-04-17 08:58:56,92.800000,32.500000,10.00,西藏那曲市聂荣县,5.2
2010-04-15 22:26:36,93.000000,32.550000,10.00,西藏那曲地区聂荣县,4.5
2010-04-15 08:55:49,76.570000,40.100000,8.00,新疆克孜勒苏州阿图什市,4.0
2010-04-14 09:25:17,96.600000,33.200000,30.00,青海玉树州玉树市,6.3
2010-04-14 08:12:19,96.400000,33.040000,6.00,青海玉树州玉树县,4.7
2010-04-14 08:05:29,96.720000,32.920000,8.00,青海玉树州玉树县,4.3
2010-04-14 08:01:17,96.890000,33.000000,10.00,青海玉树州玉树县,4.8
2010-04-14 07:49:40,96.700000,33.100000,33.00,青海玉树州玉树市,7.1
2010-04-14 05:39:57,96.590000,33.110000,6.00,青海玉树州玉树县,4.7
2010-04-14 04:49:05,121.400000,23.100000,9.00,台湾台东县海域,5.0
2010-04-13 22:29:28,121.430000,23.060000,8.00,台湾台东县,4.4
2010-04-11 12:57:29,122.020000,23.400000,8.00,台湾花莲海域,4.8
2010-04-09 18:51:58,118.060000,39.470000,13.00,河北唐山市丰南区,4.1
2010-04-09 06:41:35,77.380000,36.660000,112.00,新疆喀什地区叶城县,4.1
2010-04-08 13:30:54,79.020000,41.270000,8.00,新疆阿克苏地区乌什县,4.1
2010-04-04 21:46:43,113.830000,39.900000,8.00,山西大同市阳高县、大同县交界,4.5
2010-04-03 04:26:30,100.230000,22.390000,10.00,云南普洱市澜沧县,4.0
2010-04-02 01:27:21,98.350000,24.960000,11.00,云南保山市腾冲县、德宏州梁河县交界地区,4.0
2010-03-24 10:44:50,92.800000,32.500000,7.00,西藏那曲市聂荣县,5.5
2010-03-24 10:06:11,93.000000,32.400000,8.00,西藏那曲市聂荣县,5.7
2010-03-23 23:52:21,103.360000,31.260000,17.00,四川阿坝州汶川县,4.0
2010-03-23 23:51:21,74.730000,37.530000,6.00,中、阿、塔交界,4.9
2010-03-23 23:02:05,74.720000,37.500000,7.00,中、塔交界,4.8
2010-03-23 18:53:24,84.190000,30.270000,8.00,西藏日喀则地区仲巴县,4.0
2010-03-20 14:23:24,90.090000,39.140000,11.00,新疆巴音郭楞州若羌县,4.2
2010-03-18 15:52:23,81.780000,34.370000,9.00,西藏阿里地区日土县,4.0
2010-03-16 04:40:29,81.930000,30.460000,4.00,西藏阿里地区普兰县,4.0
2010-03-16 04:17:18,81.900000,30.480000,2.00,西藏阿里地区普兰县,4.6
2010-03-10 22:32:27,86.700000,36.600000,10.00,新疆巴音郭楞州且末县,4.9
2010-03-10 18:54:53,131.510000,46.640000,7.00,黑龙江双鸭山市友谊县,4.2
2010-03-10 06:21:17,84.200000,30.220000,7.00,西藏日喀则地区仲巴县,4.4
2010-03-08 17:26:22,120.560000,23.440000,7.00,台湾嘉义县,4.5
2010-03-06 11:00:45,118.500000,39.700000,15.00,河北唐山市滦县、唐山市市辖区交界,4.2
2010-03-06 03:18:59,95.940000,35.060000,5.00,青海玉树州曲麻莱、海西州都兰交界,4.1
2010-03-04 16:16:13,120.700000,22.900000,7.00,台湾高雄市,5.2
2010-03-04 15:07:13,122.000000,22.930000,7.00,台湾台东海域,4.2
2010-03-04 08:18:50,120.600000,22.900000,6.00,台湾高雄市,6.7
2010-02-27 05:37:32,103.410000,31.160000,12.00,四川阿坝州汶川县,4.2
2010-02-27 04:31:22,128.600000,25.900000,33.00,琉球群岛,7.2
2010-02-26 12:42:32,86.800000,28.400000,33.00,西藏日喀则市定日县,5.0
2010-02-26 09:07:56,122.800000,23.800000,8.00,台湾花莲县海域,5.1
2010-02-25 20:18:37,82.710000,34.330000,10.00,西藏阿里地区改则县,4.6
2010-02-25 12:56:51,101.900000,25.400000,16.00,云南楚雄州禄丰市,5.1
2010-02-24 19:18:15,73.570000,39.440000,8.00,中、吉、塔交界,4.1
2010-02-23 20:13:27,91.250000,35.300000,6.00,青海玉树州治多县,4.3
2010-02-22 22:57:58,83.500000,30.700000,6.00,西藏日喀则地区仲巴县,4.3
2010-02-22 21:32:19,105.460000,29.360000,10.00,重庆市荣昌县、四川内江市隆昌县交界,4.2
2010-02-22 13:21:04,122.900000,24.100000,33.00,台湾花莲海域,5.1
2010-02-21 15:29:07,130.500000,42.480000,590.00,中、俄交界,4.5
2010-02-20 20:14:59,83.830000,30.710000,1.00,西藏日喀则地区仲巴县,4.0
2010-02-20 00:14:55,83.810000,30.680000,10.00,西藏日喀则地区仲巴县,4.5
2010-02-18 09:13:16,130.800000,42.600000,540.00,吉林延边州珲春市东部海域,6.5
2010-02-17 08:39:03,74.770000,39.520000,8.00,新疆克孜勒苏州乌恰县,4.1
2010-02-16 11:11:25,122.220000,24.150000,3.00,台湾花莲海域,4.0
2010-02-13 14:21:13,76.840000,39.440000,2.00,新疆喀什地区伽师县,4.2
2010-02-12 10:42:36,121.130000,23.930000,8.00,台湾南投县,4.7
2010-02-11 22:48:21,83.060000,39.660000,4.00,新疆阿克苏地区沙雅县,4.0
2010-02-09 13:02:10,120.980000,21.170000,6.00,台湾恒春海域,4.0
2010-02-08 15:57:21,86.320000,43.840000,7.00,新疆昌吉州呼图壁县、玛纳斯县交界,4.6
2010-02-07 14:10:00,123.700000,23.500000,33.00,琉球群岛西南部,6.3
2010-02-02 22:17:38,88.150000,35.570000,10.00,西藏那曲地区尼玛县,4.5
2010-01-31 05:36:56,105.700000,30.300000,10.00,四川遂宁市安居区,5.0
2010-01-24 10:36:14,110.760000,35.570000,12.00,山西运城市河津市、万荣县交界,4.8
2010-01-19 14:09:26,121.570000,23.950000,8.00,台湾花莲县,4.5
2010-01-16 13:44:18,88.460000,35.780000,7.00,西藏那曲地区尼玛县,4.8
2010-01-05 22:28:20,85.210000,31.970000,7.00,西藏那曲地区尼玛县与阿里地区改则县交界,4.3
2010-01-05 03:27:36,121.750000,24.270000,8.00,台湾花莲海域,4.8
2010-01-02 01:34:45,121.440000,23.910000,8.00,台湾花莲县,4.2
2010-01-01 10:22:29,84.000000,30.900000,10.00,西藏日喀则市仲巴县,5.0
2010-01-01 10:08:20,99.760000,26.300000,11.00,云南大理州剑川县,4.6
2009-12-30 14:22:20,123.450000,39.210000,10.00,黄海,4.0
2009-12-28 10:15:09,83.890000,30.630000,13.00,西藏日喀则地区仲巴县,4.5
2009-12-25 20:45:25,76.740000,37.850000,5.00,新疆喀什地区莎车县、叶城县交界,4.1
2009-12-21 13:15:10,96.700000,37.500000,10.00,青海海西州德令哈市,5.0
2009-12-21 05:31:12,123.010000,44.490000,8.00,吉林白城市通榆县、松原市长岭县、内蒙古通辽市科尔沁左翼中旗交界,4.7
2009-12-19 21:26:06,131.170000,45.300000,10.00,黑龙江鸡西市鸡东县,4.1
2009-12-19 21:02:13,121.700000,23.800000,30.00,台湾花莲县海域,6.7
2009-12-19 18:25:57,101.540000,38.490000,11.00,甘肃金昌市永昌县、张掖市山丹县交界,4.0
2009-12-14 20:14:43,74.730000,39.520000,6.00,新疆克孜勒苏州乌恰县,4.0
2009-12-14 00:03:58,94.500000,41.900000,4.00,新疆哈密市伊州区,5.1
2009-12-11 03:23:10,100.880000,27.080000,5.00,云南丽江市宁蒗县,4.0
2009-12-06 19:16:17,88.600000,33.300000,7.00,西藏那曲地区尼玛县,4.5
2009-12-06 12:33:10,77.440000,35.930000,12.00,新疆喀什地区叶城县,4.8
2009-12-05 01:43:40,104.210000,32.100000,16.00,四川绵阳市北川县,4.0
2009-12-04 00:57:06,106.790000,42.240000,3.00,内蒙古巴彦淖尔市乌拉特后旗,4.5
2009-12-01 06:13:57,84.380000,42.060000,7.00,新疆巴音郭楞州轮台县,4.3
2009-11-28 00:04:02,103.900000,31.300000,21.00,四川德阳市什邡市,5.0
2009-11-26 08:14:59,81.470000,35.170000,9.00,西藏阿里地区日土县、新疆和田地区于田县、策勒县交界,4.6
2009-11-23 15:25:21,103.230000,31.000000,21.00,四川阿坝州汶川县,4.8
2009-11-22 01:27:49,121.680000,24.300000,8.00,台湾花莲县与宜兰县交界,4.0
2009-11-21 15:51:01,106.550000,38.210000,9.00,宁夏银川市灵武市、内蒙古鄂尔多斯市鄂托克前旗交界,4.3
2009-11-20 00:09:19,105.600000,28.950000,7.00,四川泸州市合江县,4.0
2009-11-15 22:47:48,122.070000,24.950000,10.00,台湾宜兰海域,4.2
2009-11-15 12:37:41,79.230000,37.150000,5.00,新疆和田地区皮山县、墨玉县交界,4.1
2009-11-08 04:08:49,86.100000,29.400000,33.00,西藏日喀则市萨嘎县,5.6
2009-11-05 19:34:17,120.700000,23.900000,6.00,台湾南投县,5.4
2009-11-05 17:32:54,120.700000,23.900000,7.00,台湾南投县,5.9
2009-11-05 07:31:30,109.140000,34.480000,6.00,陕西西安市市辖区、高陵县交界,4.4
2009-11-05 05:56:09,95.800000,37.600000,6.00,青海海西州直辖区,5.1
2009-11-04 05:04:20,88.960000,33.780000,5.00,西藏那曲地区尼玛县,4.0
2009-11-02 05:07:16,100.700000,26.000000,10.00,云南大理州宾川县,5.0
2009-11-01 12:51:21,101.040000,24.790000,14.00,云南楚雄州楚雄市,4.1
2009-10-30 16:49:42,77.620000,40.730000,9.00,新疆克孜勒苏州阿合奇县,4.0
2009-10-30 15:03:41,130.100000,29.100000,60.00,琉球群岛,6.8
2009-10-29 21:28:00,105.190000,32.580000,10.00,四川广元市青川县、甘肃陇南市文县交界,4.8
2009-10-25 19:40:47,80.400000,34.900000,10.00,西藏阿里地区日土县,4.7
2009-10-23 07:05:03,121.430000,22.770000,7.00,台湾台东海域,4.3
2009-10-23 04:46:22,121.820000,24.310000,11.00,台湾花莲海域,4.3
2009-10-20 00:42:43,104.540000,32.050000,22.00,四川绵阳市北川县、平武县交界,4.9
2009-10-17 03:29:10,92.190000,35.240000,4.00,青海玉树州治多县,4.6
2009-10-16 10:56:35,77.010000,39.940000,6.00,新疆克孜勒苏州阿图什市、喀什地区伽师县交界,4.8
2009-10-04 22:02:16,121.940000,24.670000,7.00,台湾宜兰海域,4.1
2009-10-04 01:36:03,121.600000,23.700000,10.00,台湾花莲县海域,6.2
2009-10-02 21:49:09,96.100000,39.620000,10.00,甘肃酒泉市肃北县,4.9
2009-09-30 04:14:49,83.710000,41.950000,7.00,新疆阿克苏地区库车县,4.3
2009-09-29 14:01:20,83.260000,30.840000,10.00,西藏阿里地区改则县,4.8
2009-09-28 10:43:21,95.790000,35.750000,7.00,青海海西州都兰县,4.1
2009-09-28 07:18:33,121.690000,51.990000,6.00,内蒙古呼伦贝尔市根河市,4.0
2009-09-26 23:23:19,88.940000,47.640000,9.00,新疆阿勒泰地区福海县,4.3
2009-09-25 09:14:11,98.090000,24.930000,6.00,云南德宏州盈江县,4.2
2009-09-25 07:02:54,90.260000,46.660000,5.00,新疆阿勒泰地区青河县,4.5
2009-09-19 16:54:14,105.600000,32.800000,7.00,陕西汉中市宁强县,5.1
2009-09-18 15:02:11,95.680000,37.680000,5.00,青海海西州,4.9
2009-09-18 14:53:48,95.660000,37.660000,5.00,青海海西州,4.6
2009-09-18 08:43:23,95.660000,37.670000,8.00,青海海西州,4.3
2009-09-18 08:09:44,87.540000,50.380000,7.00,中、俄交界,4.0
2009-09-18 07:14:50,97.050000,41.650000,10.00,甘肃酒泉市肃北县,4.8
2009-09-17 17:24:17,96.030000,37.580000,7.00,青海海西州,4.2
2009-09-12 20:05:23,122.340000,24.030000,7.00,台湾花莲海域,4.2
2009-09-11 22:36:29,103.800000,31.500000,17.00,四川德阳市什邡市、阿坝州茂县、成都市彭州市交界,4.0
2009-09-10 08:20:10,95.840000,37.510000,7.00,青海海西州,4.7
2009-09-05 15:28:29,81.780000,34.250000,8.00,西藏阿里地区日土县,4.2
2009-09-04 16:12:55,95.830000,37.630000,7.00,青海海西州,4.1
2009-09-01 18:06:50,95.730000,37.680000,5.00,青海海西州,4.0
2009-09-01 11:10:55,73.500000,39.300000,7.00,中、塔、吉交界,4.0
2009-09-01 08:16:08,95.970000,37.700000,10.00,青海海西州,4.2
2009-09-01 06:27:49,95.920000,37.670000,6.00,青海海西州,4.4
2009-09-01 05:51:35,96.050000,37.650000,8.00,青海海西州,4.6
2009-08-31 18:15:27,95.900000,37.700000,10.00,青海海西州德令哈市,5.9
2009-08-31 01:15:51,95.700000,37.700000,7.00,青海海西州直辖区,5.0
2009-08-31 00:41:34,95.610000,37.640000,5.00,青海海西州,4.0
2009-08-30 02:43:50,95.800000,37.670000,7.00,青海海西州,4.1
2009-08-29 00:28:40,95.800000,37.700000,7.00,青海海西州德令哈市,5.0
2009-08-28 18:13:56,95.790000,37.670000,7.00,青海海西州,4.0
2009-08-28 12:28:39,95.790000,37.720000,6.00,青海海西州,4.3
2009-08-28 10:14:56,95.800000,37.600000,7.00,青海海西州直辖区,5.3
2009-08-28 09:52:06,95.800000,37.600000,7.00,青海海西州直辖区,6.4
2009-08-27 12:06:07,73.810000,39.590000,7.00,中、吉交界,4.0
2009-08-22 04:57:42,120.390000,22.420000,7.00,台湾屏东海域,4.6
2009-08-19 20:31:01,94.420000,37.450000,7.00,青海海西州格尔木市,4.0
2009-08-17 18:10:51,123.600000,23.300000,10.00,日本琉球群岛西南部,6.1
2009-08-17 08:05:47,123.700000,23.500000,33.00,日本琉球群岛西南部,6.5
2009-08-14 02:53:29,76.880000,35.760000,10.00,新疆喀什地区塔什库尔干县,4.0
2009-08-13 15:41:37,88.940000,34.130000,9.00,西藏那曲地区尼玛县,4.6
2009-08-10 20:42:53,130.590000,43.560000,570.00,吉林延边州汪清县、黑龙江牡丹江市东宁县交界,4.8
2009-08-09 12:02:07,81.700000,35.540000,5.00,新疆和田地区于田县,4.8
2009-08-08 21:26:18,105.490000,29.400000,11.00,重庆市荣昌县,4.0
2009-08-05 20:08:10,127.190000,42.270000,9.00,吉林白山市靖宇县、抚松县交界,4.6
2009-08-05 08:17:57,125.200000,24.200000,35.00,琉球群岛西南部,6.2
2009-08-04 06:18:13,103.590000,31.230000,16.00,四川成都市都江堰市,4.0
2009-08-02 19:34:46,121.010000,23.900000,10.00,台湾南投县,4.0
2009-08-01 05:54:38,104.080000,31.780000,18.00,四川阿坝州茂县,4.1
2009-07-30 00:53:02,120.250000,22.120000,10.00,台湾屏东县海域,5.3
2009-07-29 21:09:45,121.750000,24.400000,8.00,台湾花莲海域,4.3
2009-07-28 11:17:49,74.470000,39.790000,9.00,新疆克孜勒苏州乌恰县,4.3
2009-07-26 17:51:34,87.200000,34.190000,9.00,西藏那曲地区尼玛县,4.3
2009-07-26 14:10:57,121.400000,23.400000,9.00,台湾花莲县,5.3
2009-07-26 09:00:10,121.000000,23.700000,6.00,台湾南投县,5.3
2009-07-24 11:11:58,86.100000,31.300000,33.00,西藏那曲市尼玛县,5.6
2009-07-21 14:58:11,121.740000,24.100000,8.00,台湾花莲海域,4.1
2009-07-17 22:35:41,103.900000,31.380000,20.00,四川成都市彭州市、德阳市什邡市交界,4.5
2009-07-17 02:42:47,122.300000,24.040000,4.00,台湾花莲县海域,4.6
2009-07-16 18:48:10,122.300000,24.100000,10.00,台湾花莲县海域,5.2
2009-07-16 12:44:30,101.430000,38.860000,5.00,内蒙古阿拉善盟阿拉善右旗,4.5
2009-07-15 18:37:35,121.480000,23.890000,7.00,台湾花莲县,4.1
2009-07-14 04:28:52,122.200000,24.100000,6.00,台湾花莲县海域,5.0
2009-07-14 02:05:01,122.200000,24.100000,6.00,台湾花莲县海域,6.7
2009-07-13 00:01:19,101.040000,25.540000,8.00,云南楚雄州姚安县,4.7
2009-07-10 20:57:28,101.000000,25.570000,19.00,云南大理州祥云县、楚雄州姚安县交界,4.3
2009-07-10 17:02:00,101.000000,25.600000,14.00,云南楚雄州姚安县,5.2
2009-07-09 21:14:23,101.040000,25.540000,12.00,云南楚雄州姚安县,4.1
2009-07-09 19:19:13,101.100000,25.600000,10.00,云南楚雄州姚安县,6.0
2009-07-08 00:59:06,122.380000,24.020000,8.00,台湾花莲海域,4.1
2009-07-03 17:50:34,122.210000,24.100000,8.00,台湾花莲海域,4.2
2009-07-03 13:20:50,122.180000,24.060000,9.00,台湾花莲海域,4.3
2009-07-01 08:29:27,73.400000,39.700000,40.00,吉尔吉斯斯坦,5.0
2009-06-30 15:22:19,104.000000,31.500000,20.00,四川德阳市绵竹市,5.0
2009-06-30 13:40:24,103.980000,31.480000,17.00,四川德阳市什邡市、绵竹市交界,4.3
2009-06-30 02:03:50,104.100000,31.400000,20.00,四川德阳市绵竹市,5.6
2009-06-29 01:26:30,121.880000,24.180000,7.00,台湾花莲海域,4.0
2009-06-29 01:02:08,121.840000,24.160000,11.00,台湾花莲海域,4.2
2009-06-28 17:52:44,121.830000,24.210000,10.00,台湾以东海中,4.6
2009-06-28 17:34:54,121.820000,24.170000,7.00,台湾花莲县海域,5.1
2009-06-28 13:44:37,121.830000,24.160000,7.00,台湾花莲海域,4.1
2009-06-25 05:09:52,122.260000,24.090000,10.00,台湾花莲海域,4.4
2009-06-22 18:48:26,120.420000,23.440000,7.00,台湾嘉义县,4.0
2009-06-21 12:46:26,90.290000,36.060000,6.00,青海玉树州治多县,4.2
2009-06-20 11:44:28,122.520000,24.100000,7.00,台湾花莲海域,4.1
2009-06-18 01:17:43,120.630000,23.460000,6.00,台湾嘉义县,4.0
2009-06-12 01:59:20,82.910000,42.090000,10.00,新疆阿克苏地区库车县,4.0
2009-06-08 23:19:56,123.280000,39.160000,6.00,黄海海域,4.1
2009-06-07 10:50:08,92.180000,38.980000,6.00,新疆巴音郭楞州若羌县、青海海西州交界,4.6
2009-06-06 17:44:40,86.320000,31.000000,10.00,西藏那曲地区尼玛县,4.3
2009-06-05 19:13:18,82.580000,39.680000,2.00,新疆阿克苏地区沙雅县,4.5
2009-06-04 14:44:46,81.600000,32.850000,3.00,西藏阿里地区革吉县,4.0
2009-06-04 10:54:46,81.700000,32.930000,5.00,西藏阿里地区日土县,4.5
2009-06-01 13:27:41,87.840000,30.210000,11.00,西藏日喀则地区谢通门县,4.1
2009-05-30 05:28:04,86.210000,30.870000,6.00,西藏日喀则地区昂仁县,4.1
2009-05-27 06:27:34,119.460000,21.820000,12.00,台湾恒春海域,4.3
2009-05-21 20:33:54,77.600000,36.400000,96.00,新疆喀什地区叶城县,5.2
2009-05-15 22:31:01,121.810000,24.240000,5.00,台湾花莲海域,4.4
2009-05-14 23:49:28,104.760000,32.330000,13.00,四川绵阳市平武县,4.2
2009-05-12 10:27:38,84.780000,42.320000,17.00,新疆巴音郭楞州和静县,4.1
2009-05-10 22:47:41,125.280000,46.810000,7.00,黑龙江绥化市安达市,4.5
2009-04-29 16:26:57,73.950000,39.680000,8.00,新疆克孜勒苏州乌恰县,4.1
2009-04-22 17:26:07,77.400000,40.100000,7.00,新疆克孜勒苏州阿图什市,5.0
2009-04-19 12:08:18,78.300000,41.300000,7.00,新疆克孜勒苏州阿合奇县,5.5
2009-04-19 10:43:09,86.100000,34.740000,4.00,西藏那曲地区尼玛县,4.3
2009-04-18 11:56:32,130.700000,42.700000,540.00,吉林延边州珲春市东部海域,5.3
2009-04-17 20:37:47,121.580000,24.050000,8.00,台湾花莲海域,4.5
2009-04-14 04:37:10,99.790000,25.990000,12.00,云南大理州洱源县,4.4
2009-04-06 00:47:03,104.260000,31.860000,17.00,四川绵阳市北川县,4.6
2009-04-05 06:03:50,101.640000,23.240000,5.00,云南思茅市墨江县,4.2
2009-04-04 20:53:08,81.590000,34.810000,1.00,西藏阿里地区日土县,4.3
2009-04-03 19:56:34,82.570000,34.000000,35.00,西藏阿里地区改则县,4.2
2009-04-03 08:15:05,82.500000,33.700000,17.00,西藏阿里地区日土县,4.2
2009-04-01 10:34:41,82.460000,33.770000,8.00,西藏阿里地区改则县,4.6
2009-03-28 19:11:18,112.930000,38.900000,5.00,山西忻州市原平市,4.2
2009-03-24 11:39:16,87.200000,42.300000,8.00,新疆巴音郭楞州和硕县,4.3
2009-03-22 20:48:51,104.200000,26.950000,10.00,贵州毕节地区威宁县,4.7
2009-03-20 14:48:52,124.840000,43.380000,19.00,吉林四平市伊通县、公主岭市交界,4.3
2009-03-19 13:43:30,104.900000,32.200000,19.00,四川广元市青川县、绵阳市平武县、绵阳市江油市交界,4.2
2009-03-18 08:29:26,83.150000,30.420000,4.00,西藏日喀则地区仲巴县,4.2
2009-03-17 02:40:52,77.100000,35.800000,5.00,新疆喀什地区塔什库尔干县,4.1
2009-03-12 16:25:38,105.040000,32.420000,10.00,四川广元市青川县,4.7
2009-03-04 00:21:46,104.850000,31.900000,10.00,四川绵阳市江油市,4.2
2009-03-01 13:32:52,74.220000,39.650000,7.00,新疆克孜勒苏州乌恰县,4.0
2009-02-28 17:02:48,81.500000,35.500000,6.00,新疆和田地区于田县、西藏阿里地区日土县交界,4.0
2009-02-28 16:43:34,81.600000,35.400000,8.00,西藏阿里地区日土县、新疆和田地区策勒县交界,4.3
2009-02-25 22:11:06,82.700000,30.900000,11.00,西藏阿里地区革吉县,4.4
2009-02-20 18:02:56,78.600000,40.800000,3.00,新疆阿克苏地区柯坪县,4.0
2009-02-20 18:02:29,78.700000,40.700000,6.00,新疆阿克苏地区柯坪县,5.2
2009-02-18 18:11:43,83.920000,30.830000,24.00,西藏日喀则地区仲巴县,4.8
2009-02-17 12:42:55,75.600000,39.900000,19.00,新疆克孜勒苏州乌恰县,4.0
2009-02-17 07:13:51,75.620000,38.750000,8.00,新疆克孜勒苏州阿克陶县,4.4
2009-02-15 21:52:59,83.800000,36.500000,8.00,新疆和田地区民丰县,4.3
2009-02-14 07:32:40,84.640000,46.800000,8.00,新疆塔城地区额敏县,4.6
2009-02-10 05:24:36,121.170000,22.600000,9.00,台湾台东海域,4.7
2009-02-10 02:33:51,121.120000,22.700000,7.00,台湾台东海域,4.0
2009-02-08 23:17:10,103.810000,31.410000,17.00,四川成都市彭州市、德阳市什邡市交界,4.2
2009-02-08 05:21:05,103.160000,30.910000,22.00,四川阿坝州汶川县,4.3
2009-02-01 01:36:38,105.260000,32.530000,16.00,四川广元市青川县,4.5
2009-01-27 14:05:57,77.150000,36.960000,6.00,新疆喀什地区塔什库尔干县,4.0
2009-01-27 09:02:53,81.890000,35.090000,9.00,西藏阿里地区日土县,4.0
2009-01-25 09:47:45,80.820000,43.370000,5.00,新疆伊犁州察布查尔县,5.0
2009-01-24 21:48:22,122.110000,24.860000,7.00,台湾宜兰海域,4.0
2009-01-24 21:46:33,122.020000,24.920000,7.00,台湾宜兰海域,4.0
2009-01-20 12:03:00,101.250000,22.140000,5.00,云南西双版纳州景洪市,4.2
2009-01-15 02:23:36,103.220000,31.270000,15.00,四川阿坝州汶川县,5.1
2009-01-07 13:22:17,104.400000,32.090000,19.00,四川绵阳市平武县、北川县交界,4.2
2009-01-04 11:53:53,122.110000,24.100000,6.00,台湾花莲海域,4.1
2009-01-04 06:04:34,121.850000,24.170000,5.00,台湾花莲县海域,5.0
2009-01-02 19:00:10,104.210000,31.920000,19.00,四川绵阳市北川县,4.7
2009-01-02 09:39:51,119.770000,21.690000,8.00,台湾恒春海域,4.2
2008-12-30 09:31:27,122.150000,24.770000,6.00,台湾宜兰海域,4.3
2008-12-29 23:07:04,90.350000,34.080000,10.00,青海唐古拉山,4.2
2008-12-29 14:18:21,105.030000,32.320000,17.00,四川青川,4.5
2008-12-28 09:45:47,92.220000,39.120000,6.00,新疆若羌,4.6
2008-12-26 20:05:44,106.750000,25.530000,9.00,贵州省黔南布依族州罗甸县,4.0
2008-12-26 04:20:47,97.800000,24.020000,8.00,云南瑞丽,4.5
2008-12-25 08:26:37,88.750000,27.320000,8.00,中不交界,4.0
2008-12-23 08:33:17,103.130000,31.330000,13.00,四川理县,4.1
2008-12-23 08:04:40,120.470000,23.000000,10.00,台湾高雄市,5.2
2008-12-19 01:39:24,96.480000,36.820000,8.00,青海都兰,4.1
2008-12-11 21:16:03,81.550000,35.170000,9.00,西藏日土,4.6
2008-12-11 20:31:30,81.330000,35.170000,16.00,西藏日土,4.9
2008-12-11 20:31:04,81.450000,35.330000,7.00,西藏日土,4.8
2008-12-10 02:53:11,105.370000,32.570000,15.00,四川广元市青川县,5.0
2008-12-08 16:59:10,82.100000,29.900000,8.00,西藏日喀则市仲巴县,5.2
2008-12-08 05:18:37,122.100000,23.900000,20.00,台湾花莲县海域,5.2
2008-12-07 11:02:21,104.400000,31.670000,5.00,四川安县,4.0
2008-12-06 18:24:34,95.730000,37.830000,9.00,青海大柴旦,4.1
2008-12-06 17:24:58,86.120000,44.120000,60.00,新疆玛纳斯,4.1
2008-12-04 21:57:39,103.370000,31.350000,7.00,四川汶川,4.1
2008-12-02 13:11:42,87.930000,27.230000,4.00,中印尼交界,4.2
2008-12-02 11:16:56,121.430000,23.420000,30.00,台湾台东县,5.1
2008-12-01 06:16:08,93.280000,34.270000,8.00,青海治多,4.0
2008-11-27 23:49:46,73.850000,39.600000,4.00,中塔吉交界,4.1
2008-11-26 05:50:57,83.920000,31.250000,6.00,西藏仲巴,4.3
2008-11-25 05:49:24,81.400000,35.270000,7.00,西藏日土,4.6
2008-11-25 05:48:41,81.400000,35.430000,10.00,新疆策勒,4.0
2008-11-24 15:23:43,106.250000,36.320000,25.00,宁夏固原市市辖区,4.0
2008-11-23 18:19:01,103.520000,31.250000,19.00,四川汶川,4.1
2008-11-22 16:01:16,110.780000,31.000000,8.00,湖北省宜昌市秭归县,4.1
2008-11-18 13:29:23,83.750000,30.250000,10.00,西藏仲巴,4.6
2008-11-18 07:52:16,88.300000,29.680000,7.00,西藏谢通门,4.8
2008-11-16 06:59:50,104.630000,32.220000,22.00,四川绵阳市平武县,5.1
2008-11-14 14:33:32,105.420000,32.820000,16.00,四川青川,4.0
2008-11-14 11:27:05,103.000000,31.970000,5.00,四川黑水,4.3
2008-11-14 06:53:25,122.900000,40.650000,10.00,辽宁省鞍山市海城市,4.3
2008-11-14 04:16:28,95.780000,37.550000,9.00,青海大柴旦,4.2
2008-11-14 04:15:53,96.000000,37.700000,6.00,青海大柴旦,4.2
2008-11-12 20:09:30,95.970000,37.730000,10.00,青海大柴旦,4.9
2008-11-12 05:56:05,96.020000,37.830000,10.00,青海海西州德令哈市,5.1
2008-11-10 11:47:23,95.750000,37.580000,3.00,青海大柴旦,4.6
2008-11-10 09:22:06,95.730000,37.630000,10.00,青海海西州直辖区,6.3
2008-11-10 03:22:43,73.630000,39.500000,6.00,中塔吉交界,4.0
2008-11-08 09:30:39,73.820000,39.580000,1.00,中塔吉交界,4.0
2008-11-07 17:21:15,74.080000,39.500000,10.00,新疆乌恰,4.0
2008-11-06 23:01:41,103.430000,30.980000,16.00,四川汶川,4.1
2008-11-06 22:23:49,74.020000,39.500000,8.00,新疆乌恰,4.8
2008-11-04 22:22:21,73.920000,39.630000,6.00,中塔吉交界,4.5
2008-11-04 20:43:13,104.500000,32.100000,28.00,四川平武,4.3
2008-10-31 16:38:16,120.180000,23.120000,9.00,台湾台南,4.1
2008-10-31 10:06:10,104.370000,31.830000,22.00,四川北川,4.3
2008-10-31 05:05:15,81.220000,35.330000,11.00,新疆策勒,4.0
2008-10-30 18:44:55,73.300000,39.800000,6.00,中塔吉交界,4.6
2008-10-25 06:58:31,83.820000,31.350000,6.00,西藏仲巴,4.2
2008-10-25 01:50:32,103.880000,31.380000,26.00,四川彭州,4.0
2008-10-24 05:56:04,105.230000,32.520000,20.00,四川青川,4.1
2008-10-23 13:50:43,73.830000,39.520000,5.00,中塔吉交界,4.7
2008-10-23 00:46:06,77.930000,40.750000,9.00,新疆阿合奇,4.1
2008-10-21 15:25:28,104.130000,31.750000,15.00,四川茂县,4.1
2008-10-21 05:50:59,73.830000,39.530000,4.00,中塔吉交界,4.0
2008-10-20 22:26:27,91.230000,35.350000,10.00,青海治多,4.2
2008-10-18 17:28:58,73.670000,39.470000,3.00,中塔吉交界,4.1
2008-10-17 08:55:30,81.450000,41.370000,6.00,新疆温宿,4.5
2008-10-16 17:46:16,103.670000,31.250000,15.00,四川都江堰,4.1
2008-10-16 10:08:43,103.520000,31.280000,19.00,四川汶川,4.1
2008-10-14 00:05:20,73.670000,39.420000,8.00,新疆克孜勒苏州阿克陶县,5.3
2008-10-13 17:23:30,73.600000,39.450000,8.00,新疆克孜勒苏州阿克陶县,5.3
2008-10-11 05:18:43,90.450000,29.800000,13.00,西藏当雄,4.0
2008-10-11 04:08:57,83.880000,31.580000,6.00,西藏改则,4.0
2008-10-11 01:39:04,73.820000,39.600000,5.00,中塔吉交界,4.0
2008-10-10 00:29:50,104.820000,29.420000,23.00,四川自贡,4.3
2008-10-09 22:43:17,73.780000,39.600000,12.00,中塔吉交界,4.3
2008-10-09 11:13:40,73.770000,39.470000,8.00,中塔吉交界,4.7
2008-10-08 22:07:18,90.400000,29.800000,9.00,西藏拉萨市当雄县,5.4
2008-10-08 07:13:14,73.580000,39.450000,8.00,中塔吉交界,4.0
2008-10-08 02:29:42,101.930000,25.480000,5.00,云南元谋,4.0
2008-10-06 20:10:32,90.400000,29.600000,10.00,西藏拉萨市当雄县,5.2
2008-10-06 18:17:08,90.450000,29.770000,8.00,西藏当雄,4.1
2008-10-06 17:30:43,73.650000,39.500000,3.00,中塔吉交界,4.3
2008-10-06 16:30:46,90.300000,29.800000,8.00,西藏拉萨市当雄县,6.6
2008-10-06 15:50:26,73.700000,39.470000,4.00,新疆阿克陶,4.7
2008-10-06 05:45:58,73.700000,39.670000,4.00,中塔吉交界,4.5
2008-10-06 00:52:49,73.520000,39.400000,11.00,中塔吉交界,4.3
2008-10-06 00:36:14,73.650000,39.550000,16.00,中塔吉交界,4.3
2008-10-06 00:11:12,73.680000,39.400000,33.00,新疆克孜勒苏州阿克陶县,5.7
2008-10-06 00:05:15,73.700000,39.620000,5.00,中塔吉交界,4.1
2008-10-06 00:00:30,73.430000,39.470000,4.00,中塔吉交界,4.5
2008-10-05 23:55:17,73.370000,39.420000,13.00,新疆克孜勒苏州阿克陶县,6.3
2008-10-05 23:52:50,74.030000,39.450000,33.00,新疆克孜勒苏州乌恰县,6.8
2008-10-05 02:28:49,103.170000,30.950000,23.00,四川汶川,4.0
2008-10-04 23:55:33,103.920000,31.500000,17.00,四川什邡,4.0
2008-10-04 20:11:46,104.070000,31.830000,24.00,四川茂县,4.5
2008-10-01 10:39:28,88.950000,40.380000,107.00,新疆若羌,4.5
2008-09-30 09:16:37,101.920000,26.230000,13.00,四川会理,4.1
2008-09-26 04:17:30,83.630000,30.930000,11.00,西藏仲巴,4.5
2008-09-25 19:19:08,84.000000,32.000000,9.00,西藏仲巴,4.0
2008-09-25 09:47:14,83.600000,30.800000,20.00,西藏日喀则市仲巴县,6.0
2008-09-20 00:29:29,103.500000,31.300000,6.00,四川汶川,4.0
2008-09-19 02:37:18,95.130000,29.330000,8.00,西藏墨脱,4.1
2008-09-16 01:09:55,83.750000,31.320000,10.00,西藏仲巴,4.3
2008-09-12 17:51:30,84.030000,30.580000,32.00,西藏仲巴,4.0
2008-09-12 01:38:59,105.620000,32.950000,6.00,甘肃陇南市康县,5.5
2008-09-11 18:30:21,103.650000,31.300000,21.00,四川都江堰,4.2
2008-09-11 12:52:26,83.300000,30.280000,10.00,西藏仲巴,4.2
2008-09-11 10:53:45,105.130000,32.430000,15.00,四川省广元市青川县,4.4
2008-09-11 00:05:29,83.280000,30.370000,10.00,西藏仲巴,4.5
2008-09-10 19:55:34,122.200000,25.130000,,台湾台北海域,4.7
2008-09-10 09:28:12,83.600000,31.000000,33.00,西藏日喀则市仲巴县,5.2
2008-09-10 09:14:37,83.600000,31.000000,33.00,西藏日喀则市仲巴县,5.1
2008-09-09 15:43:13,122.370000,24.670000,96.00,台湾宜兰县海域,5.2
2008-09-03 05:11:46,83.330000,30.120000,14.00,西藏仲巴,4.3
2008-09-01 19:24:06,83.520000,30.570000,10.00,西藏仲巴,4.2
2008-09-01 01:14:17,83.380000,30.230000,6.00,西藏仲巴,4.1
2008-08-31 19:00:29,101.920000,26.200000,15.00,四川会理,4.2
2008-08-31 17:34:49,101.920000,26.220000,7.00,四川会理,4.8
2008-08-31 16:31:11,101.900000,26.220000,10.00,四川攀枝花市仁和区,5.6
2008-08-31 16:25:54,83.830000,42.720000,6.00,新疆和静,4.1
2008-08-31 12:06:44,97.950000,24.900000,8.00,云南盈江,4.1
2008-08-31 05:31:16,83.480000,30.600000,5.00,西藏仲巴,4.8
2008-08-31 05:20:28,83.520000,30.600000,9.00,西藏仲巴,4.0
2008-08-30 20:46:46,83.850000,42.720000,10.00,新疆巴音郭楞州和静县,5.3
2008-08-30 16:30:50,101.920000,26.280000,10.00,四川攀枝花市仁和区,6.1
2008-08-30 10:10:01,83.470000,30.530000,5.00,西藏仲巴,4.3
2008-08-29 17:43:19,83.280000,30.320000,7.00,西藏仲巴,4.6
2008-08-29 14:18:19,83.430000,30.680000,9.00,西藏仲巴,4.1
2008-08-29 11:52:22,83.230000,30.350000,8.00,西藏仲巴,4.1
2008-08-28 03:28:21,83.250000,30.270000,10.00,西藏仲巴,4.3
2008-08-27 10:04:44,83.500000,30.570000,14.00,西藏仲巴,4.6
2008-08-27 09:35:36,83.470000,30.730000,6.00,西藏仲巴,4.1
2008-08-27 07:54:26,83.230000,30.380000,3.00,西藏仲巴,4.7
2008-08-26 15:46:49,91.130000,31.800000,13.00,西藏安多,4.1
2008-08-26 08:21:38,83.270000,30.380000,6.00,西藏仲巴,4.0
2008-08-26 04:40:49,83.830000,31.450000,9.00,西藏仲巴,4.5
2008-08-26 03:13:56,83.400000,30.370000,33.00,西藏日喀则市仲巴县,5.0
2008-08-26 00:47:03,83.470000,30.630000,12.00,西藏仲巴,4.1
2008-08-25 22:22:51,83.570000,30.650000,13.00,西藏仲巴,4.2
2008-08-25 22:16:07,83.530000,30.670000,7.00,西藏仲巴,4.8
2008-08-25 21:39:01,83.600000,31.000000,10.00,西藏日喀则市仲巴县,5.2
2008-08-25 21:22:00,83.650000,30.930000,10.00,西藏日喀则市仲巴县,6.8
2008-08-22 22:10:21,83.720000,41.900000,8.00,新疆库车,4.5
2008-08-22 20:06:15,97.970000,24.980000,10.00,云南盈江,4.7
2008-08-22 13:23:18,77.150000,36.800000,102.00,新疆叶城,4.0
2008-08-21 20:24:32,97.950000,25.080000,10.00,云南德宏州盈江县,5.9
2008-08-21 20:20:52,97.920000,25.100000,7.00,云南盈江,4.9
2008-08-20 17:00:24,86.500000,32.400000,7.00,西藏尼玛,4.2
2008-08-20 06:53:24,91.920000,33.030000,4.00,青海唐古拉山,4.1
2008-08-20 05:35:10,97.930000,25.120000,10.00,云南德宏州盈江县,5.0
2008-08-18 22:11:10,92.020000,33.900000,10.00,青海唐古拉山,4.9
2008-08-18 10:22:22,103.430000,31.280000,20.00,四川汶川,4.0
2008-08-15 01:06:39,103.220000,31.020000,18.00,四川汶川,4.7
2008-08-13 16:45:42,105.370000,32.600000,10.00,四川省广元市青川县,4.0
2008-08-13 05:03:21,104.220000,31.830000,31.00,四川北川,4.9
2008-08-11 22:10:18,81.350000,35.130000,8.00,西藏日土,4.7
2008-08-11 06:53:49,91.870000,32.270000,11.00,西藏安多,4.5
2008-08-11 01:57:12,92.180000,32.970000,28.00,青海唐古拉山,4.0
2008-08-10 12:38:09,105.120000,32.470000,10.00,四川省广元市青川县,4.0
2008-08-10 00:31:36,105.200000,32.570000,10.00,四川省广元市青川县,4.2
2008-08-10 00:12:35,105.080000,32.420000,10.00,四川省广元市青川县,4.0
2008-08-09 20:10:19,105.480000,32.750000,10.00,四川省广元市青川县、甘肃省陇南市文县交界,4.3
2008-08-09 08:19:01,81.550000,35.200000,10.00,西藏日土,4.1
2008-08-09 06:05:16,121.270000,21.880000,,台湾恒春海域,4.3
2008-08-09 05:49:03,84.000000,31.850000,7.00,西藏改则,4.2
2008-08-08 21:12:19,103.870000,31.480000,22.00,四川什邡,4.2
2008-08-07 16:15:34,104.600000,32.130000,10.00,四川绵阳市平武县,5.0
2008-08-06 12:47:05,105.450000,32.820000,10.00,四川省广元市青川县、陕西省汉中市宁强县交界,4.3
2008-08-06 11:42:26,105.450000,32.680000,10.00,四川省广元市青川县,4.4
2008-08-06 07:55:06,105.470000,32.820000,15.00,四川省广元市青川县,4.5
2008-08-06 05:59:46,92.030000,33.150000,10.00,青海唐古拉山,4.6
2008-08-05 17:49:19,105.450000,32.770000,10.00,四川广元市青川县,6.1
2008-08-02 21:36:00,105.380000,32.600000,10.00,四川省广元市青川县,4.1
2008-08-02 21:25:45,105.630000,32.750000,10.00,陕西省汉中市宁强县、四川省广元市青川县交界,4.2
2008-08-02 02:55:48,121.500000,24.070000,,台湾花莲,4.2
2008-08-02 02:12:17,105.170000,32.500000,10.00,四川省广元市青川县,4.9
2008-08-01 16:32:45,104.650000,32.080000,20.00,四川绵阳市平武县,6.1
2008-07-29 21:40:57,81.320000,41.680000,16.00,新疆拜城,4.1
2008-07-29 07:52:08,103.850000,31.350000,13.00,四川彭州,4.0
2008-07-29 04:34:31,85.120000,32.070000,11.00,西藏尼玛,4.0
2008-07-27 19:18:18,92.020000,33.080000,6.00,青海唐古拉山,4.3
2008-07-25 21:39:52,105.480000,32.800000,10.00,四川省广元市青川县、陕西省汉中市宁强县交界,4.2
2008-07-25 04:54:15,103.320000,30.830000,22.00,四川汶川,4.2
2008-07-24 15:09:29,105.480000,32.830000,10.00,四川广元市青川县,6.0
2008-07-24 13:30:09,105.500000,32.830000,10.00,四川省广元市青川县、陕西省汉中市宁强县交界,4.9
2008-07-24 03:54:46,105.500000,32.830000,10.00,四川广元市青川县,5.6
2008-07-23 05:25:55,95.250000,30.000000,15.00,西藏波密,4.3
2008-07-18 20:46:58,87.380000,37.400000,,新疆且末,4.9
2008-07-18 09:26:02,105.150000,32.420000,10.00,四川青川县,4.1
2008-07-18 00:40:41,104.100000,31.680000,29.00,四川安县,4.7
2008-07-17 06:58:22,92.100000,33.200000,33.00,青海海西州格尔木市,5.3
2008-07-16 23:07:11,95.570000,39.430000,5.00,甘肃肃北,4.3
2008-07-16 18:13:51,89.130000,33.730000,10.00,西藏尼玛,4.3
2008-07-15 17:26:21,104.000000,31.570000,15.00,四川德阳市绵竹市,5.0
2008-07-15 03:56:33,104.030000,31.620000,39.00,四川绵竹,4.3
2008-07-13 22:58:29,120.770000,21.050000,10.00,台湾屏东县海域,6.0
2008-07-12 14:11:45,121.920000,24.250000,,台湾花莲海域,4.1
2008-07-12 05:35:08,120.880000,21.230000,33.00,台湾屏东县海域,5.2
2008-07-11 11:07:48,122.150000,25.180000,,台湾台北海域,4.6
2008-07-10 07:19:51,104.950000,32.230000,13.00,四川江油,4.0
2008-07-10 00:04:18,81.080000,35.280000,,西藏日土,4.1
2008-07-08 20:12:57,103.920000,31.380000,28.00,四川什邡,4.5
2008-07-07 14:32:52,123.000000,47.100000,10.00,黑龙江龙江县,4.6
2008-07-06 02:50:13,104.070000,31.550000,30.00,四川绵竹,4.0
2008-07-05 18:24:22,91.830000,33.180000,6.00,青海唐古拉山,4.0
2008-07-05 15:00:45,104.120000,31.600000,13.00,四川绵竹,4.2
2008-07-05 09:39:27,81.100000,35.220000,,西藏日土,4.3
2008-07-05 09:36:24,117.830000,24.600000,10.00,福建厦门市、龙海县交界地区,4.4
2008-07-05 06:10:54,104.120000,31.780000,24.00,四川茂县,4.1
2008-07-05 05:35:33,96.580000,28.700000,1.00,西藏察隅,4.0
2008-07-03 04:23:00,88.280000,35.820000,33.00,西藏那曲市双湖县,5.1
2008-07-02 03:57:53,103.870000,31.370000,28.00,四川什邡,4.3
2008-06-29 20:47:28,88.300000,35.770000,33.00,西藏那曲市双湖县,5.5
2008-06-29 07:55:20,104.520000,32.100000,17.00,四川平武,4.1
2008-06-28 05:42:12,104.920000,32.320000,17.00,四川平武,4.3
2008-06-28 02:20:54,103.270000,31.530000,1.00,四川理县,4.3
2008-06-23 05:38:32,105.070000,32.420000,10.00,四川青川县,4.1
2008-06-22 20:02:15,92.480000,33.030000,6.00,青海唐古拉山,4.0
2008-06-20 06:42:30,91.950000,33.180000,10.00,青海唐古拉山,4.1
2008-06-20 06:36:55,91.930000,33.200000,5.00,青海唐古拉山,4.7
2008-06-20 04:27:45,103.500000,31.200000,17.00,四川汶川,4.3
2008-06-19 18:25:58,105.480000,32.780000,33.00,四川青川与陕西宁强交界,4.4
2008-06-19 12:48:16,104.300000,31.820000,20.00,四川北川,4.1
2008-06-19 10:55:29,103.430000,31.180000,19.00,四川汶川,4.1
2008-06-18 20:59:32,102.280000,29.150000,14.00,四川石棉,4.3
2008-06-18 18:17:25,86.450000,43.720000,37.00,新疆呼图壁,4.3
2008-06-18 16:12:15,91.970000,33.150000,33.00,青海海西州格尔木市,5.0
2008-06-18 13:23:34,91.180000,35.270000,33.00,青海玉树州治多县,5.4
2008-06-17 13:51:45,105.580000,32.780000,33.00,陕西宁强县,4.5
2008-06-17 13:14:34,104.130000,31.700000,14.00,四川安县,4.1
2008-06-16 22:44:49,80.800000,43.420000,14.00,新疆察布查尔,4.2
2008-06-16 17:04:37,83.400000,45.220000,38.00,新疆托里,4.0
2008-06-15 08:11:22,103.670000,31.230000,9.00,四川都江堰,4.5
2008-06-15 07:29:24,120.480000,23.000000,,台湾高雄,4.1
2008-06-11 06:23:20,103.250000,30.900000,33.00,四川阿坝州汶川县,5.0
2008-06-11 00:27:29,105.800000,32.870000,33.00,陕西宁强县,4.3
2008-06-10 22:15:39,91.900000,33.030000,33.00,青海海西州格尔木市,5.4
2008-06-10 19:36:48,92.220000,33.280000,8.00,青海唐古拉山,4.6
2008-06-10 19:04:18,91.900000,33.300000,33.00,青海海西州格尔木市,5.1
2008-06-10 18:04:58,91.900000,33.200000,33.00,青海海西州格尔木市,5.5
2008-06-10 14:05:04,122.600000,49.070000,14.00,内蒙古呼伦贝尔市鄂伦春旗,5.2
2008-06-09 21:44:45,97.750000,24.650000,2.00,云南盈江,4.0
2008-06-09 15:28:36,103.720000,31.350000,33.00,四川成都市彭州市,5.0
2008-06-09 05:44:32,92.080000,33.230000,5.00,青海唐古拉山,4.1
2008-06-09 01:56:24,92.420000,33.320000,33.00,青海海西州格尔木市,5.0
2008-06-08 18:51:17,104.250000,31.880000,5.00,四川北川,4.7
2008-06-08 06:14:29,105.130000,32.530000,33.00,四川青川县,4.7
2008-06-07 18:42:05,105.650000,32.420000,33.00,四川广元市,4.6
2008-06-07 15:32:48,105.130000,32.520000,33.00,四川青川县,4.0
2008-06-07 14:28:35,105.370000,32.580000,33.00,四川青川县,4.3
2008-06-07 08:48:10,103.430000,31.200000,23.00,四川汶川,4.3
2008-06-06 22:38:46,103.300000,31.120000,24.00,四川汶川,4.2
2008-06-05 14:02:32,105.500000,32.700000,33.00,四川青川县,4.3
2008-06-05 12:41:08,105.000000,32.370000,33.00,四川广元市青川县,5.0
2008-06-05 05:21:39,103.380000,31.200000,15.00,四川汶川,4.0
2008-06-05 01:26:41,105.050000,32.330000,33.00,四川青川县,4.0
2008-06-04 23:25:01,88.830000,43.820000,22.00,新疆吉木萨尔,4.1
2008-06-03 11:09:28,104.530000,31.980000,1.00,四川北川,4.3
2008-06-02 21:57:21,74.850000,39.580000,26.00,新疆乌恰,4.0
2008-06-02 00:59:22,121.630000,24.920000,96.00,台湾新北市,5.0
2008-06-01 11:23:58,104.000000,31.620000,20.00,四川绵竹,4.0
2008-06-01 09:57:22,121.130000,20.300000,,巴坦群岛海域,6.3
2008-05-31 15:34:22,105.400000,32.650000,33.00,四川青川县,4.0
2008-05-31 14:22:43,105.020000,32.400000,33.00,四川青川县,4.0
2008-05-30 23:35:57,81.100000,44.870000,33.00,新疆温泉,4.1
2008-05-29 15:10:19,103.700000,31.350000,25.00,四川彭州,4.2
2008-05-29 12:48:43,105.370000,32.620000,33.00,四川青川县,4.6
2008-05-28 01:35:11,105.380000,32.650000,33.00,四川青川县,4.7
2008-05-27 22:14:00,103.420000,31.300000,21.00,四川汶川,4.0
2008-05-27 21:59:36,105.180000,32.550000,33.00,四川青川县,4.7
2008-05-27 16:37:53,105.650000,32.780000,33.00,陕西汉中市宁强县,5.7
2008-05-27 16:03:24,105.500000,32.870000,33.00,陕西汉中市宁强县,5.4
2008-05-26 08:39:48,103.320000,30.820000,21.00,四川崇州,4.3
2008-05-25 17:34:07,104.950000,33.020000,12.00,甘肃文县,4.9
2008-05-25 16:21:47,105.330000,32.550000,33.00,四川广元市青川县,6.4
2008-05-25 12:27:05,104.520000,31.970000,21.00,四川北川,4.0
2008-05-24 01:53:35,105.180000,32.530000,33.00,四川青川县,4.1
2008-05-24 01:24:26,81.450000,35.300000,,西藏日土,4.1
2008-05-24 00:10:25,104.950000,32.270000,33.00,四川江油市,4.0
2008-05-23 08:05:04,103.570000,31.170000,21.00,四川都江堰,4.2
2008-05-23 01:37:37,103.600000,31.270000,16.00,四川都江堰,4.5
2008-05-22 23:00:13,104.380000,31.870000,10.00,四川北川,4.1
2008-05-22 19:22:27,105.420000,32.680000,33.00,四川青川县,4.0
2008-05-22 15:18:43,103.570000,31.230000,2.00,四川汶川、都江堰交界,4.7
2008-05-22 10:34:18,103.480000,31.330000,2.00,四川汶川,4.0
2008-05-22 04:36:27,104.770000,32.230000,15.00,四川平武,4.3
2008-05-21 23:29:53,105.050000,32.400000,33.00,四川青川县,4.3
2008-05-21 21:59:06,103.850000,31.400000,41.00,四川什邡,4.0
2008-05-21 17:33:14,105.120000,32.470000,33.00,四川青川县,4.5
2008-05-20 16:14:25,81.700000,35.550000,,新疆于田,4.5
2008-05-20 15:21:08,103.900000,31.370000,26.00,四川彭州,4.1
2008-05-20 12:17:57,103.330000,30.770000,1.00,四川崇庆,4.1
2008-05-20 11:42:29,105.350000,32.620000,33.00,四川青川县,4.0
2008-05-20 01:52:36,104.930000,32.270000,33.00,四川绵阳市平武县,5.0
2008-05-19 14:06:55,105.250000,32.550000,33.00,四川广元市青川县,5.4
2008-05-19 12:08:59,105.020000,32.180000,33.00,四川江油市,4.8
2008-05-18 20:37:02,103.200000,31.380000,2.00,四川理县,4.1
2008-05-18 17:25:09,103.430000,31.320000,2.00,四川汶川,4.0
2008-05-18 11:51:43,103.400000,31.020000,2.00,四川汶川,4.0
2008-05-18 08:45:56,104.020000,31.850000,17.00,四川茂县,4.1
2008-05-18 01:08:23,104.900000,32.250000,33.00,四川绵阳市平武县,6.0
2008-05-17 21:32:13,104.620000,32.130000,18.00,四川平武,4.2
2008-05-17 08:29:00,103.920000,31.500000,30.00,四川什邡,4.1
2008-05-17 07:23:07,103.680000,31.300000,19.00,四川彭州,4.0
2008-05-17 06:33:11,104.980000,32.300000,33.00,四川江油市,4.2
2008-05-17 04:30:04,81.350000,35.220000,,西藏日土,4.2
2008-05-17 04:29:03,103.330000,31.330000,27.00,四川汶川,4.2
2008-05-17 04:16:52,103.480000,31.320000,33.00,四川阿坝州汶川县,5.0
2008-05-17 04:15:21,104.870000,32.300000,5.00,四川平武,4.0
2008-05-17 04:00:14,105.370000,32.650000,33.00,四川青川县,4.1
2008-05-17 01:22:21,103.670000,31.220000,21.00,四川彭州,4.0
2008-05-17 00:48:20,81.400000,35.220000,,西藏日土,4.1
2008-05-17 00:14:46,103.420000,31.180000,33.00,四川阿坝州汶川县,5.1
2008-05-16 18:51:44,103.620000,31.270000,,四川彭州,4.2
2008-05-16 18:20:49,105.130000,32.520000,33.00,四川青川县,4.0
2008-05-16 18:17:14,103.480000,31.230000,19.00,四川汶川,4.0
2008-05-16 14:34:40,105.130000,32.470000,33.00,四川青川县,4.3
2008-05-16 13:25:49,103.180000,31.350000,33.00,四川阿坝州理县,5.9
2008-05-16 11:34:25,103.950000,31.470000,42.00,四川绵竹,4.7
2008-05-16 11:10:01,105.270000,32.550000,33.00,四川青川县,4.0
2008-05-16 06:34:32,104.320000,31.870000,,四川北川,4.0
2008-05-16 06:10:34,103.900000,31.350000,31.00,四川什邡,4.3
2008-05-16 05:55:47,104.650000,32.280000,,四川平武,4.5
2008-05-15 21:04:08,105.580000,32.780000,33.00,四川广元市,4.4
2008-05-15 13:27:47,104.350000,31.970000,23.00,四川北川,4.1
2008-05-15 08:09:28,104.320000,31.830000,17.00,四川北川,4.0
2008-05-15 06:10:09,103.600000,31.220000,29.00,四川都江堰,4.6
2008-05-15 05:01:08,104.130000,31.720000,33.00,四川阿坝州茂县,5.0
2008-05-15 01:33:22,103.450000,31.320000,26.00,四川汶川,4.2
2008-05-15 01:17:22,103.830000,31.450000,38.00,四川什邡,4.0
2008-05-14 21:29:45,105.030000,32.370000,33.00,四川江油市,4.5
2008-05-14 18:00:33,105.050000,32.400000,33.00,四川青川县,4.8
2008-05-14 17:26:44,103.900000,31.420000,33.00,四川德阳市什邡市,5.1
2008-05-14 13:54:57,104.050000,31.930000,22.00,四川北川,4.7
2008-05-14 11:07:47,103.220000,30.970000,32.00,四川汶川,4.1
2008-05-14 10:54:36,103.380000,31.320000,33.00,四川阿坝州汶川县,5.6
2008-05-14 09:56:40,103.520000,31.250000,21.00,四川都江堰,4.3
2008-05-14 09:09:19,103.850000,31.370000,30.00,四川什邡,4.3
2008-05-14 08:08:12,103.470000,31.020000,21.00,四川都江堰,4.5
2008-05-14 06:03:31,103.620000,31.250000,21.00,四川彭州,4.1
2008-05-14 04:50:31,103.420000,31.120000,21.00,四川汶川,4.0
2008-05-14 03:51:52,103.270000,31.000000,17.00,四川汶川,4.3
2008-05-14 03:30:16,103.300000,31.050000,15.00,四川汶川,4.2
2008-05-14 02:27:53,121.080000,22.730000,33.00,台湾台东县,5.1
2008-05-14 01:44:05,103.600000,31.300000,19.00,四川都江堰,4.0
2008-05-14 00:23:50,104.250000,31.680000,,四川安县,4.3
2008-05-14 00:03:56,103.670000,31.250000,24.00,四川彭州,4.0
2008-05-13 23:10:32,105.400000,32.620000,33.00,四川青川县,4.1
2008-05-13 21:31:32,105.020000,32.280000,33.00,四川青川县,4.5
2008-05-13 21:13:03,105.250000,32.570000,33.00,四川青川县,4.4
2008-05-13 20:51:36,105.000000,32.320000,33.00,四川青川县,4.6
2008-05-13 18:36:40,103.630000,31.250000,27.00,四川彭州,4.2
2008-05-13 18:20:14,104.270000,31.780000,22.00,四川安县,4.0
2008-05-13 18:16:06,104.220000,31.750000,,四川安县,4.3
2008-05-13 16:20:50,103.720000,31.380000,,四川彭州,4.9
2008-05-13 16:11:01,105.170000,32.550000,33.00,四川青川县,4.1
2008-05-13 15:53:04,104.880000,32.300000,33.00,四川青川县,4.8
2008-05-13 15:51:33,105.170000,32.500000,33.00,四川青川县,4.4
2008-05-13 15:19:16,105.020000,32.370000,33.00,四川青川县,4.8
2008-05-13 15:07:11,103.200000,30.950000,33.00,四川阿坝州汶川县,6.1
2008-05-13 14:38:16,103.750000,31.380000,32.00,四川彭州,4.2
2008-05-13 13:37:18,103.450000,31.030000,,四川汶川,4.2
2008-05-13 13:36:35,105.130000,32.520000,33.00,四川青川县,4.4
2008-05-13 13:25:51,105.170000,32.480000,33.00,四川青川县,4.2
2008-05-13 12:50:22,103.480000,31.320000,29.00,四川汶川,4.0
2008-05-13 11:48:45,103.750000,31.270000,22.00,四川彭州,4.3
2008-05-13 11:00:38,103.550000,31.220000,15.00,四川都江堰,4.5
2008-05-13 10:59:32,103.320000,31.000000,15.00,四川汶川,4.1
2008-05-13 10:33:38,103.530000,31.230000,23.00,四川都江堰,4.2
2008-05-13 10:15:17,103.920000,31.580000,29.00,四川什邡,4.6
2008-05-13 09:32:01,103.300000,30.930000,,四川汶川,4.1
2008-05-13 08:54:05,105.320000,32.530000,33.00,四川青川县,4.3
2008-05-13 08:22:17,103.780000,31.300000,31.00,四川彭州,4.2
2008-05-13 07:54:46,103.500000,31.300000,33.00,四川阿坝州汶川县,5.1
2008-05-13 07:46:23,103.350000,31.280000,33.00,四川阿坝州汶川县,5.3
2008-05-13 07:43:52,103.800000,31.270000,32.00,四川彭州,4.1
2008-05-13 06:57:46,122.320000,24.050000,,台湾花莲海域,4.2
2008-05-13 06:28:35,103.500000,31.020000,21.00,四川都江堰,4.0
2008-05-13 06:24:41,104.880000,32.350000,,四川青川,4.5
2008-05-13 04:51:29,105.250000,32.530000,33.00,四川青川县,4.7
2008-05-13 04:45:32,104.250000,31.750000,33.00,四川绵阳市安州区,5.2
2008-05-13 04:08:50,103.820000,31.420000,33.00,四川成都市彭州市,5.7
2008-05-13 03:53:18,103.520000,31.200000,15.00,四川都江堰,4.5
2008-05-13 02:55:25,105.050000,32.120000,33.00,四川江油市,4.4
2008-05-13 02:46:15,105.000000,32.350000,33.00,四川青川县,4.4
2008-05-13 02:43:29,103.600000,31.170000,,四川都江堰,4.0
2008-05-13 01:54:31,103.420000,31.280000,19.00,四川阿坝州汶川县,5.0
2008-05-13 01:52:23,104.300000,31.870000,39.00,四川北川,4.3
2008-05-13 01:29:04,103.380000,31.300000,14.00,四川汶川,4.7
2008-05-13 01:21:51,104.350000,31.800000,43.00,四川北川,4.0
2008-05-13 01:03:11,103.400000,31.200000,,四川汶川,4.6
2008-05-13 00:52:55,103.500000,31.120000,22.00,四川汶川,4.1
2008-05-13 00:34:16,104.920000,32.400000,33.00,四川青川县,4.2
2008-05-12 23:28:56,103.330000,31.000000,33.00,四川阿坝州汶川县,5.0
2008-05-12 23:16:56,103.250000,31.070000,4.00,四川汶川,4.0
2008-05-12 23:05:43,103.470000,31.320000,21.00,四川汶川,4.8
2008-05-12 23:05:29,103.570000,31.250000,17.00,四川阿坝州汶川县,5.0
2008-05-12 22:46:09,105.500000,32.730000,33.00,四川广元市青川县,5.1
2008-05-12 22:15:26,104.570000,32.150000,2.00,四川平武,4.3
2008-05-12 21:40:54,103.380000,31.030000,33.00,四川阿坝州汶川县,5.1
2008-05-12 21:36:06,105.480000,32.930000,,甘肃武都,4.0
2008-05-12 20:23:29,105.250000,32.570000,33.00,甘肃文县,4.5
2008-05-12 20:15:40,104.320000,31.830000,3.00,四川北川,4.5
2008-05-12 20:13:46,103.450000,31.350000,13.00,四川汶川,4.3
2008-05-12 20:11:56,103.750000,31.370000,38.00,四川彭州,4.3
2008-05-12 20:06:33,105.500000,32.200000,15.00,四川剑阁县,4.1
2008-05-12 20:06:15,104.950000,32.330000,,四川江油,4.1
2008-05-12 20:04:39,105.200000,32.550000,15.00,四川青川县,4.2
2008-05-12 19:52:22,105.220000,32.580000,15.00,四川青川县,4.7
2008-05-12 19:41:08,104.980000,32.350000,36.00,四川青川,4.3
2008-05-12 19:33:17,105.330000,32.550000,25.00,四川青川,4.2
2008-05-12 19:28:35,103.770000,31.270000,26.00,四川彭州,4.0
2008-05-12 19:10:58,103.420000,31.300000,33.00,四川阿坝州汶川县,6.0
2008-05-12 18:23:40,103.280000,30.930000,15.00,四川阿坝州汶川县,5.0
2008-05-12 18:02:36,105.000000,32.370000,,四川青川,4.5
2008-05-12 17:42:26,103.920000,31.550000,33.00,四川德阳市绵竹市,5.2
2008-05-12 17:31:16,103.400000,31.320000,,四川汶川,4.2
2008-05-12 17:07:03,103.580000,31.250000,33.00,四川成都市都江堰市,5.0
2008-05-12 16:59:36,103.370000,31.100000,17.00,四川汶川,4.0
2008-05-12 16:50:36,105.120000,32.380000,42.00,四川青川,4.1
2008-05-12 16:47:29,105.500000,32.100000,33.00,四川剑阁县,4.8
2008-05-12 16:36:25,103.200000,30.970000,34.00,四川汶川,4.1
2008-05-12 16:35:03,103.480000,31.300000,37.00,四川汶川,4.2
2008-05-12 16:26:12,103.870000,31.500000,17.00,四川什邡,4.5
2008-05-12 16:21:47,104.100000,31.300000,33.00,四川德阳市绵竹市,5.2
2008-05-12 16:10:57,103.420000,31.120000,21.00,四川汶川,4.5
2008-05-12 16:08:03,103.250000,30.850000,22.00,四川汶川,4.0
2008-05-12 15:58:19,103.420000,30.870000,17.00,四川崇州,4.1
2008-05-12 15:47:28,103.530000,31.100000,16.00,四川都江堰,4.1
2008-05-12 15:45:33,103.780000,31.320000,26.00,四川彭州,4.2
2008-05-12 15:44:15,103.570000,31.230000,21.00,四川都江堰,4.1
2008-05-12 15:40:03,103.620000,31.200000,,四川都江堰,4.8
2008-05-12 15:34:48,103.550000,31.280000,10.00,四川阿坝州汶川县,5.0
2008-05-12 15:31:07,103.400000,30.920000,13.00,四川崇州,4.8
2008-05-12 15:25:19,103.480000,31.100000,21.00,四川汶川,4.1
2008-05-12 15:13:43,103.200000,30.930000,,四川汶川,4.6
2008-05-12 14:43:15,103.650000,31.250000,33.00,四川成都市都江堰市,6.0
2008-05-12 14:41:55,104.650000,32.100000,,四川平武,4.7
2008-05-12 14:28:04,103.400000,31.000000,14.00,四川阿坝州汶川县,8.0
2008-05-11 03:42:01,122.370000,23.980000,33.00,台湾花莲县海域,5.6
2008-05-06 13:25:34,81.270000,35.370000,,新疆策勒,4.5
2008-05-06 04:55:12,104.520000,25.950000,8.00,贵州盘县,4.0
2008-04-24 06:09:14,121.630000,22.970000,,台湾台东海域,4.2
2008-04-24 06:04:16,121.620000,23.020000,,台湾台东海域,4.3
2008-04-24 02:28:45,121.680000,22.950000,33.00,台湾台东县海域,6.1
2008-04-23 14:24:39,121.920000,24.200000,,台湾花莲海域,4.2
2008-04-21 08:25:28,81.350000,35.300000,,西藏日土,4.2
2008-04-21 05:42:22,101.920000,37.880000,36.00,甘肃肃南,4.0
2008-04-20 21:14:49,82.820000,46.020000,33.00,新疆塔城地区裕民县,5.1
2008-04-18 11:01:51,80.970000,35.180000,,西藏日土,4.6
2008-04-15 07:12:35,99.200000,39.050000,3.00,甘肃肃南,4.0
2008-04-14 23:39:44,121.250000,22.950000,,台湾台东,4.3
2008-04-10 15:17:18,74.800000,39.630000,8.00,新疆乌恰,4.8
2008-04-07 08:08:08,122.400000,24.880000,,台湾宜兰以东海域,4.3
2008-04-06 20:36:07,122.500000,24.980000,,台湾宜兰以东海域,4.6
2008-03-30 16:32:29,101.900000,37.880000,33.00,甘肃张掖市肃南县,5.0
2008-03-30 09:18:14,122.180000,21.100000,,巴坦群岛海域,4.2
2008-03-26 18:39:24,81.650000,35.520000,,新疆和田地区于田县,5.5
2008-03-25 22:18:11,81.480000,35.400000,,新疆策勒,4.2
2008-03-24 23:28:43,81.470000,35.730000,,新疆于田,4.2
2008-03-24 23:24:41,110.080000,32.570000,10.00,湖北竹山县,4.2
2008-03-24 19:34:11,81.780000,35.450000,,新疆于田,4.3
2008-03-24 16:16:38,81.480000,35.620000,,新疆策勒,4.5
2008-03-24 15:58:29,81.870000,35.570000,,新疆于田,4.8
2008-03-24 10:28:11,81.700000,35.380000,,新疆于田,4.7
2008-03-24 04:56:12,81.570000,35.820000,,新疆和田地区于田县,5.2
2008-03-24 04:21:36,81.620000,35.480000,,新疆于田,4.2
2008-03-23 21:44:35,81.620000,35.420000,,新疆于田,4.0
2008-03-23 15:00:04,81.320000,35.120000,,西藏日土,4.1
2008-03-23 11:49:35,81.300000,35.650000,,新疆策勒,4.3
2008-03-23 07:58:14,81.550000,35.920000,,新疆于田,4.0
2008-03-22 04:52:13,81.230000,34.970000,,西藏日土,4.7
2008-03-22 04:19:58,81.750000,35.450000,,新疆于田,4.2
2008-03-22 02:06:44,81.480000,35.480000,,新疆策勒,4.7
2008-03-22 01:11:42,81.730000,35.670000,,新疆于田,4.0
2008-03-21 20:58:06,82.130000,35.670000,,新疆于田,4.0
2008-03-21 20:36:56,97.670000,24.580000,33.00,云南德宏州盈江县,5.0
2008-03-21 20:02:53,81.480000,35.330000,,新疆和田地区策勒县,5.0
2008-03-21 19:09:26,81.620000,35.270000,,新疆于田,4.2
2008-03-21 18:34:10,81.730000,35.730000,,新疆于田,4.0
2008-03-21 18:31:15,81.400000,35.180000,,西藏日土,4.3
2008-03-21 14:34:58,81.350000,35.520000,,新疆策勒,4.2
2008-03-21 14:16:04,81.520000,35.830000,,新疆于田,4.8
2008-03-21 12:52:32,81.620000,35.550000,,新疆于田,4.1
2008-03-21 12:03:24,81.620000,35.480000,,新疆于田,4.9
2008-03-21 09:46:55,81.300000,35.550000,,新疆策勒,4.2
2008-03-21 09:12:29,81.620000,35.420000,,新疆于田,4.0
2008-03-21 09:08:52,81.350000,35.650000,,新疆策勒,4.7
2008-03-21 08:48:54,81.430000,35.650000,,新疆策勒,4.3
2008-03-21 08:30:05,81.220000,35.300000,,西藏日土,4.5
2008-03-21 08:29:53,81.170000,35.830000,,新疆策勒,4.2
2008-03-21 08:26:13,81.520000,35.670000,,新疆和田地区于田县,5.8
2008-03-21 08:10:38,81.370000,35.480000,,新疆和田地区策勒县,5.2
2008-03-21 07:55:01,81.520000,35.580000,,新疆策勒,4.7
2008-03-21 07:54:22,81.300000,35.430000,,新疆策勒,4.1
2008-03-21 07:50:05,81.620000,35.480000,,新疆于田,4.8
2008-03-21 07:29:44,81.600000,35.630000,,新疆于田,4.2
2008-03-21 07:12:01,81.430000,35.620000,,新疆和田地区策勒县,5.6
2008-03-21 07:09:20,81.520000,35.670000,,新疆于田,4.1
2008-03-21 07:05:01,81.480000,35.620000,,新疆策勒,4.1
2008-03-21 07:01:40,81.520000,35.670000,,新疆于田,4.2
2008-03-21 06:57:27,81.430000,35.620000,,新疆策勒,4.2
2008-03-21 06:50:31,81.570000,35.570000,,新疆和田地区策勒县,5.2
2008-03-21 06:49:56,81.470000,35.720000,,新疆和田地区于田县,5.0
2008-03-21 06:38:53,81.320000,35.520000,,新疆和田地区策勒县,5.2
2008-03-21 06:35:10,81.250000,35.580000,,新疆和田地区策勒县,5.6
2008-03-21 06:33:03,81.430000,35.800000,33.00,新疆和田地区于田县,7.3
2008-03-10 05:45:13,114.720000,34.930000,10.00,河南封丘、长垣与兰考交界,4.3
2008-03-06 21:57:55,118.670000,26.370000,10.00,福建宁德市古田县,4.2
2008-03-05 21:50:13,77.520000,40.200000,20.00,新疆阿图什,4.1
2008-03-05 06:42:32,120.630000,23.270000,,台湾高雄,4.0
2008-03-05 04:40:55,103.550000,35.700000,23.00,甘肃东乡,4.1
2008-03-05 01:31:47,120.720000,23.230000,10.00,台湾高雄市,5.1
2008-03-03 21:49:42,121.170000,20.170000,,巴坦群岛海域,4.9
2008-03-01 00:58:06,122.350000,24.170000,,台湾花莲海域,4.3
2008-02-27 01:49:59,101.920000,30.100000,5.00,四川康定,4.6
2008-02-20 15:09:30,90.030000,47.000000,29.00,新疆青河,4.2
2008-02-20 00:57:10,120.880000,20.550000,,台湾恒春海域,4.2
2008-02-18 10:44:44,99.780000,25.720000,14.00,云南漾濞,4.3
2008-02-18 04:33:02,121.500000,23.300000,33.00,台湾台东县海域,5.5
2008-02-11 05:02:59,95.270000,31.970000,8.00,西藏丁青,4.1
2008-02-01 05:06:45,104.880000,28.330000,5.00,四川长宁,4.3
2008-01-31 07:48:13,95.000000,31.970000,4.00,西藏丁青,4.0
2008-01-23 02:43:36,85.200000,32.400000,33.00,西藏阿里地区改则县,5.5
2008-01-18 07:06:58,100.250000,38.350000,12.00,青海祁连,4.1
2008-01-17 15:18:39,84.270000,43.680000,15.00,新疆尼勒克,4.0
2008-01-17 14:25:42,84.270000,43.650000,24.00,新疆尼勒克,4.7
2008-01-16 19:54:47,85.200000,32.500000,33.00,西藏阿里地区改则县,6.0
2008-01-09 16:26:47,85.200000,32.500000,33.00,西藏阿里地区改则县,6.9
2007-12-30 17:55:25,84.830000,36.150000,,新疆且末,4.9
2007-12-25 02:48:34,120.630000,24.130000,,台湾台中,4.0
2007-12-21 08:45:02,77.000000,39.670000,25.00,新疆伽师,4.0
2007-12-17 15:30:39,74.620000,39.680000,8.00,新疆乌恰,4.2
2007-12-05 09:41:43,121.070000,23.130000,,台湾台东,4.6
2007-12-04 20:31:17,111.720000,21.930000,10.00,广东阳西,4.0
2007-12-04 04:49:10,83.380000,43.450000,34.00,新疆新源,4.2
2007-11-29 05:05:13,121.800000,24.820000,,台湾宜兰,4.3
2007-11-28 18:38:29,81.620000,41.830000,16.00,新疆拜城,4.2
2007-11-22 08:18:25,75.870000,40.100000,27.00,新疆乌恰,4.2
2007-11-19 14:46:03,73.700000,38.720000,107.00,新疆阿克陶,4.1
2007-11-13 13:57:29,79.920000,36.720000,,新疆和田,4.7
2007-11-08 06:54:16,122.030000,25.120000,,台湾台北海域,4.1
2007-10-22 15:23:46,81.200000,44.570000,33.00,新疆博乐,4.5
2007-10-22 08:13:37,78.070000,35.120000,,克什米尔,4.1
2007-10-17 22:39:59,121.450000,23.650000,,台湾花莲,4.7
2007-10-14 09:05:39,76.100000,37.680000,105.00,新疆塔什库尔干,4.1
2007-10-11 11:05:03,121.550000,24.850000,,台湾台北,4.2
2007-09-22 14:27:05,121.770000,24.550000,,台湾宜兰,4.0
2007-09-11 08:34:18,86.220000,37.750000,,新疆且末,4.9
2007-09-07 02:51:45,105.530000,23.380000,10.00,云南文山州富宁县,4.1
2007-09-07 01:55:22,122.030000,24.350000,,台湾宜兰海域,4.3
2007-09-07 01:51:26,122.030000,24.380000,33.00,台湾宜兰县海域,6.3
2007-09-01 11:35:51,97.770000,39.320000,11.00,甘肃肃南,4.3
2007-08-29 11:00:18,121.330000,21.830000,15.00,台湾屏东县海域,5.5
2007-08-29 09:15:28,121.350000,21.920000,,台湾恒春海域,4.2
2007-08-29 07:28:22,117.770000,25.480000,10.00,福建省泉州市永春县,4.5
2007-08-22 01:30:01,74.670000,39.300000,21.00,新疆乌恰,4.0
2007-08-09 08:55:48,121.100000,22.650000,10.00,台湾台东县海域,5.5
2007-07-27 13:18:11,77.270000,39.630000,19.00,新疆伽师,4.3
2007-07-25 18:06:08,77.100000,39.700000,26.00,新疆伽师,4.3
2007-07-23 21:40:00,121.520000,23.870000,33.00,台湾花莲县,5.5
2007-07-23 05:28:29,78.900000,37.400000,42.00,新疆皮山,4.1
2007-07-22 17:34:32,101.300000,38.350000,19.00,甘肃山丹,4.9
2007-07-20 18:06:53,82.300000,42.920000,20.00,新疆伊犁州特克斯县,5.7
2007-07-17 11:24:14,107.030000,25.100000,10.00,广西天峨,4.0
2007-07-17 07:42:52,121.430000,23.720000,,台湾花莲,4.1
2007-07-10 08:03:44,74.500000,39.720000,22.00,新疆乌恰,4.7
2007-07-04 10:27:45,76.520000,38.470000,27.00,新疆阿克陶,4.1
2007-06-21 12:08:16,121.300000,21.320000,,台湾恒春海域,4.6
2007-06-18 12:23:56,101.070000,34.170000,20.00,甘肃玛曲,4.7
2007-06-04 15:32:18,89.480000,47.550000,21.00,新疆富蕴,4.2
2007-06-03 12:21:25,75.270000,39.400000,24.00,新疆乌恰,4.1
2007-06-03 05:34:56,101.020000,23.050000,33.00,云南普洱市宁洱县,6.4
2007-06-01 05:02:28,90.850000,33.100000,33.00,西藏安多,4.0
2007-05-29 17:38:08,77.870000,40.430000,16.00,新疆阿合奇,4.1
2007-05-23 01:02:50,98.000000,38.900000,7.00,甘肃肃南,4.0
2007-05-17 07:48:22,81.370000,35.050000,,西藏日土,4.2
2007-05-16 19:03:50,90.100000,31.800000,,西藏班戈,4.6
2007-05-16 17:24:37,74.630000,39.730000,15.00,新疆乌恰,4.2
2007-05-08 08:45:28,82.100000,34.500000,,西藏日土,4.3
2007-05-07 19:59:49,97.730000,31.400000,33.00,西藏昌都市江达县,5.6
2007-05-06 09:28:57,81.750000,34.350000,,西藏改则、日土间,4.3
2007-05-06 09:27:07,82.000000,34.350000,,西藏改则、日土间,4.6
2007-05-06 01:38:21,89.950000,34.900000,,青海治多、西藏班戈,4.7
2007-05-06 01:34:29,82.000000,34.450000,,西藏日土、改则交界,4.3
2007-05-05 17:11:14,81.850000,34.450000,,西藏改则,4.7
2007-05-05 16:51:42,81.900000,34.300000,33.00,西藏阿里地区日土县,6.1
2007-04-26 07:47:08,77.830000,40.380000,13.00,新疆阿合奇,4.3
2007-04-24 04:47:30,81.370000,36.080000,,新疆策勒,4.2
2007-04-22 18:03:48,133.830000,48.430000,14.00,俄罗斯,4.0
2007-04-22 14:19:18,79.300000,37.450000,19.00,新疆皮山,4.0
2007-04-16 06:20:08,74.630000,39.520000,25.00,新疆乌恰,4.7
2007-04-11 11:47:27,78.220000,36.100000,,新疆皮山,4.0
2007-03-29 17:13:53,87.980000,43.480000,28.00,新疆乌鲁木齐,4.0
2007-03-28 10:57:41,99.420000,25.620000,5.00,云南云龙,4.1
2007-03-17 05:51:16,89.100000,35.700000,,青藏交界,4.5
2007-03-16 02:30:07,89.100000,36.100000,,青藏交界,4.1
2007-03-13 10:23:19,117.730000,26.720000,10.00,福建顺昌（余震）,4.6
2007-03-13 10:22:58,117.730000,26.720000,10.00,福建顺昌,4.7
2007-03-09 11:30:37,99.800000,25.750000,12.00,云南漾濞,4.1
2007-03-05 21:59:41,89.300000,35.500000,,青藏交界,4.1
2007-02-25 09:49:41,90.700000,33.300000,25.00,青海海西州格尔木市,5.3
2007-02-19 05:04:59,120.300000,21.850000,15.00,台湾屏东县海域,5.2
2007-02-18 07:34:27,79.180000,40.800000,26.00,新疆柯坪,4.0
2007-02-13 07:11:59,79.500000,37.080000,,新疆墨玉,4.5
2007-02-04 15:14:06,98.350000,38.170000,,青海天峻,4.3
2007-02-03 06:32:21,91.800000,38.000000,33.00,青海海西州茫崖市,5.5
2007-02-03 02:25:26,99.730000,25.920000,13.00,云南洱源,4.0
2007-01-25 18:59:16,121.930000,22.780000,15.00,台湾台东县海域,5.5
2007-01-16 11:10:34,122.420000,24.050000,15.00,台湾花莲县海域,5.0
2007-01-13 17:50:59,121.350000,21.430000,,台湾恒春海域,4.1
2007-01-09 22:49:46,104.000000,37.080000,16.00,甘肃景泰,4.2
2006-12-27 10:30:36,120.330000,22.220000,15.00,台湾屏东县海域,5.3
2006-12-27 01:35:12,120.420000,21.980000,15.00,台湾屏东县海域,5.0
2006-12-26 23:41:41,120.200000,22.320000,15.00,台湾屏东县海域,5.0
2006-12-26 20:34:11,120.600000,21.900000,33.00,台湾屏东县海域,6.7
2006-12-26 20:26:19,120.480000,21.870000,15.00,台湾屏东县海域,7.2
2006-12-24 09:58:28,74.420000,39.900000,17.00,新疆乌恰,4.8
2006-12-24 01:28:24,122.150000,24.880000,10.00,台湾宜兰县海域,5.0
2006-12-14 19:10:35,122.150000,24.980000,,台湾台北海域,4.0
2006-12-14 01:02:18,119.700000,21.130000,,台湾恒春海域,4.0
2006-12-11 07:25:28,82.570000,45.100000,37.00,新疆博乐,4.1
2006-12-11 06:48:34,94.170000,27.500000,,西藏米林南,4.2
2006-11-25 16:50:31,78.400000,35.350000,,新疆和田,4.2
2006-11-24 21:19:39,77.600000,39.470000,26.00,新疆伽师,4.0
2006-11-23 19:04:43,83.450000,44.250000,15.00,新疆塔城地区乌苏市,5.1
2006-11-18 19:08:47,120.030000,20.780000,15.00,台湾屏东县海域,5.0
2006-11-16 09:50:20,121.980000,23.250000,,台湾台东海域,4.0
2006-11-14 06:29:27,122.130000,23.550000,,台湾花莲海域,4.0
2006-11-13 16:02:46,119.930000,20.900000,15.00,台湾屏东县海域,5.1
2006-11-10 06:28:49,75.530000,35.870000,,克什米尔,4.1
2006-11-05 09:19:51,95.750000,31.670000,,西藏丁青北,4.2
2006-11-04 14:24:15,74.420000,37.370000,,阿富汗,4.1
2006-11-03 14:21:36,119.680000,43.550000,15.00,内蒙古巴林右旗,4.2
2006-11-01 23:14:52,82.550000,43.330000,42.00,新疆新源,4.1
2006-10-31 18:37:24,101.130000,22.150000,1.00,云南勐腊,4.1
2006-10-30 10:46:39,81.230000,44.420000,33.00,新疆霍城,4.0
2006-10-27 18:52:06,113.080000,31.480000,33.00,湖北随州,4.2
2006-10-15 18:00:05,83.550000,42.080000,31.00,新疆库车,4.0
2006-10-12 22:46:29,122.420000,24.080000,33.00,台湾花莲县海域,5.8
2006-10-11 14:43:54,119.950000,20.950000,15.00,台湾屏东县海域,5.7
2006-10-11 09:26:13,119.880000,21.030000,15.00,台湾屏东县海域,5.3
2006-10-11 09:24:18,119.870000,20.830000,15.00,台湾屏东县海域,5.3
2006-10-11 07:17:12,120.050000,20.700000,11.00,南海海域,4.2
2006-10-09 19:43:32,119.950000,20.720000,15.00,台湾屏东县海域,5.1
2006-10-09 19:08:25,119.930000,20.780000,15.00,台湾屏东县海域,5.7
2006-10-09 18:01:47,119.930000,20.850000,33.00,台湾屏东县海域,6.3
2006-10-02 13:27:36,99.620000,35.600000,,青海兴海,4.1
2006-10-01 14:36:17,121.530000,24.120000,,台湾花莲,4.2
2006-09-17 01:12:28,109.550000,21.420000,8.00,北部湾,4.0
2006-09-14 10:44:09,76.900000,36.780000,32.00,新疆叶城,4.5
2006-09-12 02:12:21,78.500000,35.320000,25.00,新疆和田地区和田县,5.4
2006-09-08 22:50:19,74.570000,37.320000,,阿富汗,4.5
2006-09-06 15:51:43,76.970000,40.330000,17.00,新疆阿图什,4.1
2006-08-30 16:05:46,77.470000,39.550000,24.00,新疆伽师,4.8
2006-08-29 09:14:17,104.150000,27.980000,8.00,云南盐津,4.2
2006-08-26 16:48:03,102.780000,27.320000,5.00,四川布拖,4.1
2006-08-25 13:51:43,104.100000,28.030000,15.00,云南昭通市盐津县,5.1
2006-08-18 10:56:09,88.530000,48.330000,20.00,新疆阿勒泰,4.5
2006-08-12 07:51:06,121.300000,22.630000,,台湾台东海域,4.8
2006-08-11 01:52:03,74.650000,37.320000,,阿富汗,4.0
2006-08-02 10:10:06,80.600000,34.370000,,西藏日土,4.1
2006-08-01 14:07:04,120.000000,27.670000,15.00,浙江文成与泰顺间,4.1
2006-08-01 11:04:41,104.830000,28.330000,15.00,四川兴文、长宁县间,4.2
2006-07-28 15:40:12,122.400000,24.080000,15.00,台湾花莲县海域,6.0
2006-07-28 02:12:49,121.070000,20.130000,,巴坦群岛海域,4.0
2006-07-26 05:18:50,117.620000,32.530000,8.00,安徽定远县,4.2
2006-07-23 20:44:33,96.050000,33.030000,30.00,青海玉树,4.6
2006-07-22 09:10:23,104.130000,28.020000,15.00,云南昭通市盐津县,5.1
2006-07-22 07:43:22,96.120000,33.080000,20.00,青海玉树,4.1
2006-07-21 10:23:00,103.880000,37.120000,24.00,甘肃景泰,4.1
2006-07-21 03:10:12,83.280000,44.600000,36.00,新疆精河,4.0
2006-07-19 17:53:08,96.350000,33.030000,15.00,青海玉树州玉树市,5.6
2006-07-18 04:41:54,96.280000,33.070000,15.00,青海玉树州玉树市,5.0
2006-07-16 00:17:33,101.120000,23.950000,16.00,云南镇沅,4.1
2006-07-04 11:56:24,116.280000,38.900000,15.00,河北廊坊市文安县,5.1
2006-06-21 00:52:57,104.900000,33.070000,33.00,甘肃陇南市文县,5.0
2006-06-13 00:14:39,121.600000,22.320000,,台湾台东海域,4.0
2006-06-08 19:34:54,77.480000,40.530000,12.00,新疆阿图什,4.5
2006-06-04 17:06:00,121.280000,22.880000,,台湾台东海域,4.3
2006-06-04 10:24:11,99.080000,30.820000,15.00,四川白玉,4.1
2006-05-28 09:19:36,119.830000,20.820000,8.00,南海,4.0
2006-05-28 07:32:18,119.770000,20.920000,11.00,南海,4.2
2006-05-25 10:47:18,76.170000,36.200000,,新疆塔什库尔干,4.1
2006-05-24 23:33:20,100.980000,30.920000,15.00,四川道孚,4.0
2006-05-07 09:53:01,120.620000,21.800000,33.00,台湾屏东县海域,5.0
2006-05-03 08:26:30,121.480000,48.870000,33.00,内蒙古牙克石市,4.2
2006-04-29 02:01:24,80.570000,41.720000,40.00,新疆温宿,4.8
2006-04-28 17:05:05,121.650000,24.000000,10.00,台湾花莲县海域,5.4
2006-04-27 17:47:02,83.750000,41.150000,20.00,新疆库车,4.2
2006-04-27 08:49:17,90.000000,31.330000,,西藏班戈,4.0
2006-04-24 01:24:32,83.850000,42.720000,15.00,新疆和静,4.0
2006-04-20 05:05:05,90.300000,31.500000,15.00,西藏那曲市班戈县,5.6
2006-04-18 09:26:00,120.300000,23.480000,,台湾嘉义,4.0
2006-04-16 06:40:40,121.280000,22.930000,15.00,台湾台东县海域,5.9
2006-04-14 17:27:27,89.700000,35.400000,15.00,青海玉树州治多县,5.6
2006-04-10 00:54:31,94.130000,39.080000,12.00,青海冷湖,4.0
2006-04-09 17:23:58,115.400000,35.670000,10.00,河南范县、濮阳间,4.2
2006-04-05 03:30:06,122.530000,24.570000,,台湾宜兰海域,4.6
2006-04-01 18:40:20,121.130000,22.880000,,台湾台东,4.2
2006-04-01 18:02:02,121.130000,22.850000,15.00,台湾台东县,6.5
2006-03-31 20:23:23,124.050000,44.600000,15.00,吉林松原市前郭尔罗斯县,5.0
2006-03-31 02:31:33,92.900000,32.300000,25.00,青藏交界,4.2
2006-03-30 07:38:38,95.400000,35.500000,10.00,青海玉树州曲麻莱县,5.2
2006-03-27 03:20:39,104.320000,34.120000,12.00,甘肃宕昌,4.5
2006-03-22 15:51:36,77.530000,40.530000,12.00,新疆阿图什,4.2
2006-03-09 20:43:01,95.000000,31.330000,,西藏丁青西南,4.1
2006-03-09 12:07:28,120.520000,23.720000,,台湾云林,4.8
2006-03-05 23:11:06,94.580000,31.780000,20.00,西藏巴青,4.2
2006-02-26 10:13:13,89.800000,35.500000,33.00,青海玉树州治多县,5.5
2006-02-24 09:55:50,122.120000,24.870000,,台湾宜兰海域,4.2
2006-02-16 15:06:41,88.170000,43.050000,31.00,新疆托克逊,4.0
2006-02-11 13:04:09,92.250000,27.200000,,西藏德让宗,4.0
2006-02-09 03:24:48,120.000000,27.680000,10.00,浙江文成,4.1
2006-02-02 09:04:03,84.180000,44.180000,28.00,新疆乌苏,4.0
2006-02-01 12:47:18,90.330000,33.650000,,青藏交界,4.0
2006-01-28 15:02:03,100.830000,26.200000,4.00,云南永胜,4.3
2006-01-23 12:18:57,122.200000,24.070000,,台湾花莲海域,4.1
2006-01-22 15:07:39,122.080000,24.100000,,台湾花莲海域,4.0
2006-01-12 09:05:05,101.550000,23.300000,15.00,云南普洱市墨江县,5.0
2006-01-09 01:01:37,121.350000,23.250000,,台湾花莲,4.3
2006-01-08 13:43:31,121.250000,34.800000,,黄海,4.3
2006-01-06 21:44:08,94.020000,36.570000,25.00,青海格尔木,4.1
2006-01-06 07:14:27,75.780000,40.080000,41.00,新疆乌恰,4.5
2005-12-29 06:17:28,121.120000,23.000000,,台湾台东,4.0
2005-12-21 16:31:52,93.130000,35.800000,20.00,青海格尔木,4.0
2005-12-16 13:15:33,121.530000,22.050000,,台湾恒春海域,4.0
2005-11-30 06:41:50,121.780000,24.850000,,台湾宜兰,4.6
2005-11-26 12:55:40,115.720000,29.700000,15.00,江西九江、瑞昌间,4.8
2005-11-26 11:20:31,121.280000,23.200000,,台湾花莲,4.2
2005-11-26 09:25:25,115.720000,29.700000,15.00,江西九江、瑞昌间,4.1
2005-11-26 08:49:49,115.720000,29.720000,15.00,江西九江市柴桑区,5.7
2005-11-16 21:39:01,122.350000,24.100000,,台湾花莲海域,4.1
2005-11-14 14:14:47,79.020000,41.150000,20.00,新疆乌什,4.0
2005-11-11 06:09:34,98.820000,24.850000,8.00,云南保山,4.3
2005-10-30 22:24:32,101.570000,30.470000,5.00,四川道孚,4.0
2005-10-27 19:18:59,107.500000,23.580000,33.00,广西平果县,4.4
2005-10-20 20:51:08,82.550000,41.820000,18.00,新疆拜城,4.7
2005-10-09 05:33:33,84.450000,43.750000,36.00,新疆乌苏,4.0
2005-10-08 05:25:55,93.170000,35.300000,17.00,青海曲麻莱,4.0
2005-10-06 05:47:16,98.570000,24.820000,3.00,云南腾冲,4.3
2005-10-01 21:51:37,122.320000,24.030000,,台湾花莲,4.2
2005-09-27 02:50:50,121.380000,23.280000,15.00,台湾台东县,5.3
2005-09-26 21:48:33,102.020000,22.320000,,云南江城东南,4.5
2005-09-26 08:05:13,82.520000,41.820000,14.00,新疆拜城,4.7
2005-09-24 00:49:50,121.300000,23.120000,,台湾花莲,4.1
2005-09-23 14:23:56,121.320000,23.120000,,台湾台东,4.0
2005-09-23 13:22:48,82.520000,41.800000,31.00,新疆拜城,4.8
2005-09-23 13:08:24,82.570000,41.770000,9.00,新疆拜城,4.2
2005-09-23 13:06:33,75.180000,38.470000,152.00,新疆阿克陶,4.2
2005-09-23 13:00:54,82.550000,41.820000,19.00,新疆拜城,4.9
2005-09-19 11:27:53,120.900000,49.800000,15.00,内蒙古陈巴尔虎旗牙克石市间,4.7
2005-09-07 17:23:22,101.930000,25.500000,4.00,云南元谋,4.0
2005-09-07 09:52:04,103.600000,38.400000,23.00,内蒙古阿左旗,4.0
2005-09-06 09:16:16,122.130000,24.080000,15.00,台湾花莲县海域,6.0
2005-09-05 21:14:39,103.720000,27.180000,10.00,云南昭通,4.6
2005-09-05 09:13:53,118.150000,22.780000,,台湾海峡南部,4.1
2005-09-01 19:38:08,118.150000,22.780000,,台湾海峡南部,4.1
2005-09-01 11:12:30,85.050000,44.050000,33.00,新疆乌苏,4.6
2005-08-27 20:08:42,79.380000,37.220000,34.00,新疆墨玉,4.0
2005-08-26 19:00:48,79.400000,37.130000,31.00,新疆墨玉,4.3
2005-08-26 07:20:00,79.330000,37.000000,44.00,新疆墨玉,4.2
2005-08-26 05:08:08,79.400000,37.130000,33.00,新疆和田地区墨玉县,5.2
2005-08-25 06:32:32,79.780000,39.830000,33.00,新疆喀什地区巴楚县,5.1
2005-08-20 20:50:52,88.170000,31.220000,54.00,西藏谢通门,4.6
2005-08-18 02:37:04,99.780000,21.070000,32.00,勐海西南,4.3
2005-08-16 06:44:04,81.230000,35.200000,,西藏日土,4.0
2005-08-13 12:58:58,104.070000,23.620000,15.00,云南文山州文山市,5.3
2005-08-05 22:14:14,103.150000,26.550000,20.00,云南曲靖市会泽县,5.3
2005-08-05 21:45:12,103.130000,26.550000,21.00,云南会泽,4.7
2005-07-26 21:37:04,121.370000,24.350000,,台湾台中,4.3
2005-07-25 23:43:34,125.050000,46.980000,15.00,黑龙江大庆市林甸县,5.1
2005-07-23 09:09:30,82.230000,33.670000,32.00,西藏阿鲁错,4.0
2005-07-20 21:06:06,122.370000,24.750000,10.00,台湾宜兰县海域,5.3
2005-07-20 00:26:44,104.020000,23.570000,,云南文山,4.0
2005-07-17 14:12:41,93.350000,26.420000,26.00,错那东南,4.5
2005-07-16 08:00:51,121.980000,23.450000,,台湾大港口,4.2
2005-07-07 07:10:13,131.530000,48.180000,11.00,萝北东北,4.2
2005-07-05 20:23:39,93.620000,32.100000,10.00,西藏索县,4.2
2005-07-05 02:32:33,117.950000,21.370000,11.00,南海,4.4
2005-06-18 17:31:05,121.650000,23.930000,5.00,台湾花莲,4.8
2005-06-17 10:26:54,121.120000,21.230000,24.00,台湾兰屿,4.7
2005-06-17 09:32:53,121.230000,21.270000,29.00,台湾兰屿,4.2
2005-06-10 17:44:36,121.720000,23.970000,9.00,台湾花莲,4.5
2005-06-10 15:22:41,93.830000,45.070000,10.00,巴里坤东北,4.0
2005-06-10 09:32:44,121.920000,23.970000,8.00,台湾花莲,4.9
2005-06-08 00:45:45,121.850000,23.970000,10.00,台湾花莲县海域,5.5
2005-06-05 09:16:27,120.620000,23.630000,,台湾云林,4.1
2005-06-02 04:06:06,94.620000,28.880000,33.00,西藏林芝市墨脱县,5.9
2005-06-02 00:02:02,122.000000,24.700000,50.00,台湾宜兰县海域,5.4
2005-06-01 12:12:39,89.480000,35.680000,38.00,西藏可可西里山,4.7
2005-05-30 06:17:22,121.350000,23.370000,,台湾玉里,4.2
2005-05-16 03:21:49,92.670000,31.620000,29.00,西藏那曲,4.1
2005-05-13 08:04:20,121.620000,24.080000,,台湾花莲,4.0
2005-05-11 12:13:07,85.170000,30.600000,37.00,西藏仲巴,4.1
2005-05-10 22:28:12,83.730000,42.070000,9.00,新疆库车,4.1
2005-05-09 19:02:19,121.830000,37.620000,21.00,黄海烟台,4.0
2005-05-09 00:42:24,90.250000,30.080000,97.00,西藏羊八井,4.0
2005-05-06 06:04:01,83.870000,41.870000,27.00,新疆库车,4.3
2005-05-04 08:40:50,121.680000,24.020000,,台湾花莲,4.1
2005-04-30 22:48:48,121.630000,24.080000,15.00,台湾花莲县海域,5.4
2005-04-27 19:43:10,98.200000,36.830000,,青海乌兰,4.2
2005-04-19 22:51:00,101.920000,25.500000,12.00,云南元谋,4.1
2005-04-15 21:21:13,81.880000,41.900000,15.00,新疆拜城,4.3
2005-04-10 13:59:43,83.680000,30.350000,55.00,西藏仲巴,4.1
2005-04-09 10:44:19,104.370000,34.130000,19.00,甘肃宕昌,4.5
2005-04-09 03:51:36,83.670000,30.520000,10.00,西藏仲巴,4.7
2005-04-08 05:42:09,83.750000,30.320000,10.00,西藏仲巴,4.7
2005-04-08 05:41:41,83.680000,30.580000,33.00,西藏日喀则市仲巴县,5.2
2005-04-08 04:04:04,83.670000,30.480000,33.00,西藏日喀则市仲巴县,6.5
2005-04-06 16:44:44,78.770000,41.450000,33.00,新疆阿克苏地区乌什县,5.1
2005-04-04 00:25:20,118.620000,22.480000,,台湾海峡南部,4.6
2005-04-03 01:21:38,99.050000,21.880000,,孟连南,4.1
2005-03-27 04:32:13,87.920000,28.270000,69.00,西藏定吉,4.5
2005-03-25 22:02:53,89.470000,35.620000,33.00,西藏可可西里山,4.0
2005-03-24 15:37:59,77.720000,39.970000,15.00,新疆巴楚,4.3
2005-03-23 10:13:01,132.070000,48.700000,8.00,嘉荫东,4.3
2005-03-20 07:26:25,122.150000,24.220000,,台湾花莲,4.1
2005-03-15 01:44:51,99.080000,25.070000,2.00,云南保山,4.6
2005-03-10 05:13:33,81.630000,41.680000,17.00,新疆拜城,4.2
2005-03-06 11:22:44,83.770000,30.620000,49.00,西藏隆格尔,4.1
2005-03-06 03:16:26,121.700000,24.750000,,台湾宜兰,4.2
2005-03-06 03:06:51,121.900000,24.700000,15.00,台湾宜兰县海域,6.3
2005-02-27 21:27:28,107.600000,41.300000,15.00,内蒙古乌拉特中旗,4.4
2005-02-19 04:18:18,121.630000,23.370000,33.00,台湾台东县海域,5.6
2005-02-15 20:41:42,89.500000,47.700000,19.00,新疆富蕴,4.8
2005-02-15 19:33:57,79.320000,41.700000,35.00,新疆乌什,4.6
2005-02-15 19:16:16,79.380000,41.750000,15.00,新疆阿克苏地区乌什县,5.1
2005-02-15 07:38:38,79.370000,41.720000,33.00,新疆阿克苏地区乌什县,6.2
2005-02-08 11:35:05,86.080000,27.730000,10.00,聂拉木南,4.2
2005-02-08 10:42:12,75.350000,39.420000,26.00,新疆疏附,4.2
2005-02-05 19:00:52,121.830000,24.220000,,台湾苏澳,4.5
2005-02-03 07:53:06,121.800000,24.270000,,台湾花莲,4.0
2005-02-01 16:01:55,100.700000,22.570000,9.00,云南思茅,4.5
2005-02-01 09:59:59,121.800000,24.330000,15.00,台湾宜兰县海域,5.0
2005-01-26 00:30:30,100.720000,22.630000,15.00,云南普洱市思茅区,5.0
2005-01-24 20:22:39,122.930000,51.820000,15.00,黑龙江大兴安岭呼中区,4.2
2005-01-21 22:28:22,122.180000,24.670000,,台湾宜兰,4.9
2005-01-20 15:47:15,120.750000,23.580000,,台湾嘉义,4.6
2005-01-11 08:58:22,121.420000,23.670000,,台湾花莲,4.1
2005-01-09 04:22:13,90.350000,34.400000,,青海格尔木,4.1
2005-01-07 23:50:08,98.800000,25.170000,5.00,云南保山,4.3
2005-01-05 06:05:18,101.550000,32.280000,5.00,四川马尔康,4.6
2005-01-01 20:11:21,77.030000,39.550000,23.00,新疆伽师,4.0
2004-12-26 15:30:12,101.530000,24.700000,15.00,云南楚雄州双柏县,5.0
2004-12-26 09:18:12,100.600000,25.850000,,云南宾川,4.6
2004-12-16 08:10:02,122.100000,24.130000,,台湾花莲,4.3
2004-12-06 14:52:26,93.130000,32.520000,48.00,西藏聂荣,4.1
2004-12-02 20:54:17,77.450000,39.950000,31.00,新疆伽师,4.5
2004-12-01 19:45:45,92.730000,32.130000,37.00,西藏聂荣,4.5
2004-11-27 13:25:47,98.020000,25.170000,12.00,云南盈江,4.6
2004-11-21 07:09:28,108.180000,30.220000,20.00,重庆市石柱县,4.1
2004-11-20 04:05:07,92.170000,32.200000,,西藏聂荣,4.6
2004-11-19 05:38:10,83.050000,44.030000,28.00,新疆精河,4.3
2004-11-15 08:05:46,123.670000,32.500000,,黄海,4.2
2004-11-11 10:16:41,122.070000,24.400000,15.00,台湾宜兰县海域,5.7
2004-11-10 22:48:03,122.300000,24.100000,,台湾花莲,4.7
2004-11-09 03:38:10,122.530000,24.030000,15.00,台湾花莲县海域,5.0
2004-11-08 23:54:58,122.620000,23.970000,15.00,台湾花莲县海域,6.5
2004-10-31 08:08:04,83.170000,42.800000,19.00,新疆新源,4.0
2004-10-26 22:39:55,89.470000,43.550000,16.00,新疆奇台,4.0
2004-10-26 19:13:06,92.880000,31.850000,,西藏聂荣,4.5
2004-10-26 10:30:42,81.220000,31.020000,10.00,西藏札达,4.3
2004-10-26 10:11:35,81.150000,31.020000,33.00,西藏阿里地区普兰县,5.7
2004-10-19 06:11:41,99.080000,25.100000,10.00,云南保山市隆阳区,5.0
2004-10-17 23:35:45,77.520000,35.350000,,克什米尔,4.0
2004-10-15 12:08:47,123.000000,24.400000,96.00,先岛群岛海域,6.2
2004-10-12 15:18:30,75.550000,39.870000,26.00,新疆乌恰,4.1
2004-10-12 15:18:25,97.270000,29.520000,49.00,西藏左贡,4.0
2004-10-08 00:14:12,77.450000,40.300000,19.00,新疆伽师,4.6
2004-10-06 06:27:10,81.580000,41.750000,19.00,新疆拜城,4.0
2004-10-04 13:30:20,101.020000,33.430000,,青海久治,4.3
2004-10-03 17:56:07,101.920000,25.500000,10.00,云南元谋,4.5
2004-09-28 16:53:57,74.370000,39.770000,3.00,新疆乌恰,4.0
2004-09-28 01:05:41,95.570000,29.780000,38.00,西藏波密,4.8
2004-09-24 01:28:38,96.330000,31.120000,22.00,西藏洛隆,4.1
2004-09-17 02:31:19,111.870000,21.770000,10.00,广东阳江,4.9
2004-09-12 16:48:05,81.570000,29.500000,11.00,普兰西南,4.0
2004-09-07 20:15:50,103.920000,34.730000,33.00,甘肃定西市岷县,5.0
2004-09-03 03:47:55,81.380000,44.270000,32.00,新疆伊宁,4.0
2004-08-26 21:54:27,104.930000,33.830000,21.00,甘肃礼县,4.5
2004-08-26 02:45:27,96.530000,37.470000,,青海德令哈,4.7
2004-08-25 21:54:45,81.050000,45.370000,37.00,温泉北,4.7
2004-08-25 10:22:51,83.350000,30.370000,33.00,西藏仲巴,4.0
2004-08-24 18:05:37,92.180000,32.530000,25.00,西藏那曲市安多县,5.8
2004-08-21 17:07:11,88.080000,29.930000,26.00,西藏谢通门,4.1
2004-08-20 04:49:59,104.730000,44.320000,5.00,乌后旗西北,4.0
2004-08-15 23:36:57,131.020000,43.380000,538.00,吉林珲春,4.1
2004-08-10 18:26:14,103.600000,27.170000,15.00,云南昭通市鲁甸县,5.6
2004-08-06 12:22:03,106.400000,38.100000,10.00,宁夏灵武,4.0
2004-07-29 06:22:14,83.570000,30.750000,10.00,西藏仲巴,4.9
2004-07-23 09:25:32,87.950000,29.880000,11.00,西藏谢通门,4.3
2004-07-12 22:38:21,83.770000,30.730000,15.00,西藏隆格尔,4.6
2004-07-12 07:57:53,83.630000,30.720000,15.00,西藏隆格尔,4.7
2004-07-12 07:24:04,83.670000,30.820000,15.00,西藏隆格尔,4.0
2004-07-12 07:08:44,83.670000,30.680000,33.00,西藏日喀则市仲巴县,6.7
2004-07-06 15:31:56,122.030000,24.930000,10.00,台湾宜兰县海域,5.4
2004-07-06 05:46:01,89.220000,34.030000,10.00,西藏班戈,4.0
2004-07-04 14:01:25,89.320000,34.150000,10.00,西藏班戈,4.3
2004-07-04 02:16:29,89.320000,34.030000,10.00,西藏班戈,4.2
2004-07-03 22:36:06,89.480000,34.130000,10.00,西藏班戈,4.2
2004-07-03 22:10:48,89.330000,34.080000,33.00,西藏那曲市双湖县,5.2
2004-06-30 23:33:01,88.430000,30.080000,,西藏谢通门,4.2
2004-06-29 16:11:35,92.620000,35.730000,15.00,青海玉树州治多县,5.3
2004-06-17 05:25:22,104.630000,29.100000,13.00,四川宜宾,4.0
2004-06-12 19:17:21,95.370000,39.620000,,甘肃肃北,4.5
2004-06-10 23:58:05,121.120000,22.770000,,台湾台东,4.2
2004-06-10 19:24:03,100.050000,39.030000,18.00,甘肃临泽,4.0
2004-06-10 15:36:03,100.070000,39.050000,21.00,甘肃临泽,4.0
2004-06-07 05:39:06,94.780000,43.500000,19.00,新疆哈密,4.7
2004-06-06 08:09:07,121.080000,22.480000,,台湾台东,4.2
2004-06-05 19:40:23,100.070000,39.100000,21.00,甘肃临泽,4.0
2004-06-04 10:36:04,83.230000,44.580000,34.00,新疆精河,4.0
2004-06-04 10:24:30,122.930000,23.870000,,花莲东,4.1
2004-06-03 19:50:46,89.150000,34.170000,10.00,西藏玛尼东南,4.2
2004-06-03 00:56:30,121.300000,23.650000,,台湾大港口,4.3
2004-05-31 14:41:08,89.220000,34.030000,10.00,西藏玛尼东南,4.0
2004-05-30 16:24:28,118.850000,24.080000,,福建厦门,4.0
2004-05-26 05:47:41,122.670000,30.250000,15.00,浙江舟山,4.3
2004-05-25 06:00:58,97.230000,27.030000,10.00,察隅西南,4.5
2004-05-24 15:09:15,77.980000,40.880000,20.00,新疆阿合奇,4.0
2004-05-23 22:46:23,89.320000,34.030000,3.00,西藏玛尼东南,4.9
2004-05-23 15:38:11,89.300000,34.300000,33.00,西藏那曲市安多县,5.3
2004-05-23 12:07:49,88.700000,34.500000,,西藏玛尼东南,4.0
2004-05-23 10:22:19,89.280000,34.020000,10.00,西藏玛尼东南,4.7
2004-05-23 10:20:58,89.220000,34.020000,10.00,西藏玛尼东南,4.9
2004-05-20 02:23:44,77.520000,40.200000,24.00,新疆伽师,4.5
2004-05-19 15:04:11,121.300000,22.830000,15.00,台湾台东县海域,6.7
2004-05-16 14:04:07,121.750000,23.230000,15.00,台湾台东县海域,5.4
2004-05-15 13:07:50,121.670000,24.900000,,台湾台北,4.0
2004-05-11 07:27:28,96.400000,37.720000,20.00,青海海西州德令哈市,5.9
2004-05-10 04:06:48,121.500000,24.650000,,台湾宜兰,4.3
2004-05-09 14:02:21,120.570000,23.500000,,台湾嘉义,4.0
2004-05-08 16:02:55,121.550000,21.970000,25.00,台湾屏东县海域,5.6
2004-05-08 04:17:48,120.530000,23.000000,,台湾高雄,4.1
2004-05-04 19:36:05,96.570000,37.520000,20.00,青海海西州德令哈市,5.1
2004-05-04 13:05:00,96.570000,37.430000,20.00,青海海西州德令哈市,5.5
2004-05-04 07:04:20,97.620000,24.820000,17.00,盈江西,4.3
2004-05-01 15:56:06,121.500000,24.070000,15.00,台湾花莲县,5.2
2004-05-01 15:08:13,78.370000,35.730000,26.00,新疆喀喇昆仑山口,4.2
2004-04-24 23:20:29,121.480000,24.020000,,台湾花莲,4.1
2004-04-22 18:02:20,89.130000,33.950000,25.00,西藏那曲市双湖县,5.0
2004-04-06 18:30:32,89.200000,33.930000,4.00,西藏玛尼东南,4.9
2004-04-03 10:51:11,81.120000,29.830000,76.00,普兰以南,4.1
2004-04-01 11:09:51,89.250000,34.230000,10.00,西藏玛尼东南,4.0
2004-04-01 10:54:17,89.320000,34.080000,10.00,西藏玛尼东南,4.1
2004-03-30 15:51:21,89.200000,34.000000,22.00,西藏玛尼东南,4.5
2004-03-29 12:26:45,89.200000,34.000000,33.00,西藏玛尼东南,4.1
2004-03-29 09:07:15,89.200000,34.000000,12.00,西藏玛尼东南,4.4
2004-03-29 06:27:29,89.300000,34.200000,33.00,西藏那曲市安多县,5.0
2004-03-29 06:05:46,89.400000,34.300000,33.00,西藏那曲市安多县,5.0
2004-03-28 13:26:08,89.200000,34.000000,10.00,西藏玛尼东南,4.1
2004-03-28 04:05:56,89.200000,34.000000,20.00,西藏玛尼东南,4.8
2004-03-28 02:47:32,89.400000,34.000000,33.00,西藏那曲市双湖县,6.3
2004-03-28 02:47:12,89.200000,34.000000,10.00,西藏玛尼东南,4.6
2004-03-28 02:45:30,89.400000,34.200000,33.00,西藏那曲市安多县,5.8
2004-03-26 05:14:55,101.270000,25.900000,12.00,云南大姚,4.1
2004-03-24 23:57:53,109.480000,40.480000,8.00,内蒙古达拉特旗,4.0
2004-03-24 09:53:45,118.250000,45.380000,10.00,内蒙古锡林郭勒盟东乌珠穆沁旗,5.9
2004-03-17 05:23:21,96.670000,37.570000,33.00,青海海西州德令哈市,5.2
2004-03-15 15:57:41,78.150000,36.570000,152.00,新疆喀喇昆仑山口,4.2
2004-03-14 07:57:08,89.120000,48.400000,15.00,阿勒泰东北,4.3
2004-03-13 13:03:51,121.320000,23.150000,,台湾台东,4.0
2004-03-07 21:29:47,91.400000,31.700000,15.00,西藏那曲市安多县,5.6
2004-03-06 19:54:42,92.000000,33.400000,,青海唐古拉山,4.9
2004-03-04 16:15:21,100.970000,34.080000,,甘肃玛曲,4.8
2004-03-03 00:02:25,91.250000,31.330000,,西藏班戈,4.1
2004-03-02 20:30:14,96.620000,37.630000,,青海德令哈,4.7
2004-03-02 15:13:33,96.630000,37.630000,,青海德令哈,4.3
2004-03-02 01:41:19,80.500000,30.370000,58.00,札达南,4.3
2004-02-27 20:53:17,87.780000,28.120000,86.00,西藏德吉,4.2
2004-02-26 12:33:08,122.820000,24.130000,10.00,先岛群岛海域,5.1
2004-02-25 04:21:51,96.680000,37.500000,33.00,青海海西州德令哈市,5.0
2004-02-23 18:18:47,121.930000,23.600000,,台湾花莲,4.2
2004-02-23 04:16:00,75.280000,39.050000,38.00,新疆公格尔山,4.2
2004-02-20 12:27:31,82.020000,47.600000,58.00,塔城西北,4.5
2004-02-18 09:23:44,87.750000,27.370000,20.00,德吉南,4.2
2004-02-16 07:23:13,78.700000,36.850000,55.00,新疆和田,4.7
2004-02-16 06:27:04,121.770000,24.100000,,台湾花莲,4.2
2004-02-15 21:32:05,120.900000,23.930000,,台湾南投,4.6
2004-02-10 13:39:43,83.300000,32.730000,59.00,西藏改则,4.3
2004-02-06 14:34:25,79.570000,37.480000,13.00,新疆和田,4.3
2004-02-04 11:24:01,121.970000,23.600000,33.00,台湾花莲县海域,5.1
2004-01-29 03:34:51,120.920000,23.050000,,台湾台东,4.1
2004-01-29 03:13:25,121.020000,22.920000,10.00,台湾台东县,5.0
2004-01-28 14:37:13,77.120000,39.350000,19.00,新疆伽师,4.0
2004-01-23 21:39:55,79.100000,41.580000,32.00,新疆乌什,4.0
2004-01-20 16:34:08,118.780000,39.730000,10.00,河北滦县,4.2
2004-01-13 17:29:01,121.800000,24.000000,,台湾花莲,4.1
2004-01-06 11:13:29,86.030000,30.530000,46.00,西藏那木丁,4.1
2004-01-05 19:07:24,121.350000,22.930000,,台湾台东,4.1
2004-01-03 21:14:29,85.930000,27.730000,17.00,聂拉木南,4.5
2003-12-29 21:41:50,121.830000,24.480000,78.00,台湾苏澳,4.6
2003-12-25 21:31:28,73.130000,38.530000,141.00,帕米尔,4.2
2003-12-24 07:54:55,125.680000,26.320000,10.00,东海海域,5.1
2003-12-24 07:15:29,125.770000,26.320000,10.00,东海海域,5.4
2003-12-24 07:01:12,125.820000,26.280000,10.00,东海海域,5.1
2003-12-18 13:33:28,121.050000,22.870000,,台湾台东,4.2
2003-12-18 00:27:23,121.250000,22.730000,15.00,台湾台东县海域,5.0
2003-12-16 22:13:21,121.330000,23.180000,,台湾台东,4.0
2003-12-16 21:56:59,121.330000,23.180000,,台湾台东,4.3
2003-12-12 21:39:47,94.680000,37.800000,,青海大柴旦,4.9
2003-12-12 06:57:16,121.200000,23.070000,,台湾台东,4.1
2003-12-12 06:53:30,121.230000,23.070000,,台湾台东,4.6
2003-12-12 06:49:28,121.280000,23.050000,,台湾台东,4.5
2003-12-11 08:01:50,121.320000,22.900000,15.00,台湾台东县海域,5.3
2003-12-10 16:46:45,121.300000,22.950000,15.00,台湾台东县海域,5.0
2003-12-10 14:41:29,121.250000,23.020000,,台湾台东,4.0
2003-12-10 13:20:26,121.200000,23.050000,,台湾台东,4.6
2003-12-10 12:38:11,121.350000,23.130000,10.00,台湾台东县,7.0
2003-12-09 06:04:05,121.400000,23.420000,,台湾玉里,4.2
2003-12-06 14:34:56,121.300000,23.200000,,台湾富里,4.1
2003-12-05 15:56:39,73.930000,39.230000,9.00,新疆乌恰西,4.1
2003-12-05 11:42:56,96.730000,33.870000,,青海称多,4.3
2003-12-05 07:04:16,87.800000,36.630000,33.00,新疆阿尔格山,4.0
2003-12-03 07:26:46,101.270000,30.870000,,四川道孚,4.5
2003-12-01 22:30:00,80.470000,42.950000,20.00,新疆昭苏,4.3
2003-12-01 10:06:47,80.500000,43.000000,29.00,新疆昭苏,4.8
2003-12-01 09:38:28,80.100000,43.100000,15.00,哈萨克斯坦,6.1
2003-11-26 21:38:59,103.630000,27.200000,33.00,云南昭通市鲁甸县,5.0
2003-11-25 13:40:32,111.630000,36.170000,15.00,山西洪洞,4.9
2003-11-23 08:16:01,82.180000,42.050000,43.00,新疆拜城,4.5
2003-11-22 05:01:07,102.880000,24.650000,10.00,云南澄江,4.1
2003-11-17 09:35:48,87.920000,50.150000,,俄罗斯,5.6
2003-11-15 02:49:43,103.620000,27.170000,15.00,云南昭通市鲁甸县,5.1
2003-11-14 23:54:03,121.500000,24.220000,,台湾花莲,4.0
2003-11-13 10:35:09,103.930000,34.750000,10.00,甘肃甘南州卓尼县,5.2
2003-11-12 08:02:36,121.750000,24.550000,,台湾宜兰,4.6
2003-11-09 13:35:51,121.620000,24.830000,,台湾台北,4.0
2003-11-06 21:58:43,120.420000,23.150000,,台湾台南,4.5
2003-11-05 05:43:33,100.830000,26.530000,9.00,云南永胜,4.3
2003-11-01 02:09:22,101.220000,25.930000,3.00,云南大姚,4.7
2003-10-28 10:31:34,92.170000,32.670000,33.00,西藏唐古拉山,4.1
2003-10-25 22:34:42,100.950000,38.350000,10.00,甘肃民乐,4.1
2003-10-25 22:30:34,100.950000,38.350000,10.00,甘肃民乐,4.5
2003-10-25 21:30:27,100.930000,38.330000,11.00,甘肃民乐,4.1
2003-10-25 21:29:39,100.970000,38.330000,11.00,甘肃民乐,4.0
2003-10-25 21:25:25,100.950000,38.350000,12.00,甘肃民乐,4.3
2003-10-25 20:48:03,100.970000,38.320000,15.00,甘肃张掖市民乐县,5.8
2003-10-25 20:41:36,100.930000,38.350000,33.00,甘肃张掖市民乐县,6.1
2003-10-25 15:55:13,80.900000,35.620000,,新疆于田,4.1
2003-10-23 08:25:49,88.100000,49.600000,,俄罗斯,5.4
2003-10-17 13:30:20,87.750000,50.300000,,俄罗斯,5.7
2003-10-17 09:38:25,119.570000,43.920000,8.00,内蒙古巴林左旗,4.2
2003-10-17 06:41:33,101.270000,25.970000,7.00,云南大姚,4.2
2003-10-16 20:28:04,101.300000,25.920000,10.00,云南楚雄州大姚县,6.1
2003-10-13 13:26:39,87.750000,50.200000,,俄罗斯,5.9
2003-10-11 18:33:11,84.650000,43.120000,35.00,新疆新源,4.0
2003-10-11 16:46:37,84.620000,43.070000,27.00,新疆新源,4.6
2003-10-11 09:36:04,84.650000,43.080000,36.00,新疆新源,4.9
2003-10-10 11:29:17,98.250000,39.530000,23.00,甘肃肃南,4.1
2003-10-10 00:06:01,87.800000,50.200000,,俄罗斯,5.4
2003-10-07 23:27:17,133.770000,44.900000,9.00,密山东南,4.2
2003-10-01 11:48:44,88.070000,50.100000,,俄罗斯,5.2
2003-10-01 11:03:09,88.250000,50.200000,,俄罗斯,5.0
2003-10-01 09:03:25,87.720000,50.180000,10.00,俄罗斯,7.3
2003-09-30 16:27:07,87.970000,50.050000,,俄罗斯,5.4
2003-09-30 07:03:36,82.380000,40.120000,35.00,新疆塔里木盆地,4.3
2003-09-29 23:27:00,88.020000,50.120000,,俄罗斯,5.0
2003-09-28 02:52:47,87.900000,50.000000,,俄罗斯,6.9
2003-09-27 23:31:19,87.870000,50.270000,,俄罗斯,5.0
2003-09-27 21:38:04,88.000000,49.830000,,俄罗斯,5.0
2003-09-27 21:16:41,88.020000,50.150000,,俄罗斯,5.6
2003-09-27 21:03:03,88.220000,50.370000,,俄罗斯,5.2
2003-09-27 19:58:04,88.020000,50.050000,,俄罗斯,5.8
2003-09-27 19:33:25,87.820000,50.020000,16.00,俄罗斯,7.9
2003-09-20 13:13:19,99.450000,27.780000,,云南中甸,4.3
2003-09-16 04:38:42,88.670000,48.030000,20.00,新疆阿勒泰,4.0
2003-09-12 20:34:19,77.720000,40.370000,15.00,新疆阿合奇,4.3
2003-09-11 06:55:05,121.230000,22.880000,,台湾台东,4.8
2003-09-07 11:20:18,90.030000,34.070000,33.00,青海唐古拉山,4.0
2003-09-03 14:14:40,77.280000,39.550000,26.00,新疆伽师,4.1
2003-09-02 08:04:34,75.200000,38.580000,23.00,新疆公格尔山,4.1
2003-09-02 07:16:33,75.130000,38.570000,15.00,新疆克孜勒苏州阿克陶县,5.9
2003-09-01 07:08:00,132.270000,43.380000,481.00,俄罗斯,6.0
2003-08-31 06:26:44,91.670000,46.980000,30.00,富蕴东南,4.0
2003-08-26 09:32:32,89.530000,47.250000,18.00,新疆富蕴,4.0
2003-08-23 20:05:09,78.920000,41.300000,20.00,新疆乌什,4.1
2003-08-21 18:58:10,101.300000,27.430000,5.00,四川盐源,4.0
2003-08-21 10:17:51,101.270000,27.420000,10.00,四川凉山州盐源县,5.0
2003-08-18 18:00:17,101.220000,25.920000,8.00,云南大姚,4.3
2003-08-18 17:37:26,95.970000,29.680000,33.00,西藏墨脱,4.0
2003-08-18 17:03:04,95.600000,29.570000,33.00,西藏林芝市墨脱县,5.7
2003-08-16 18:58:43,119.870000,43.920000,15.00,内蒙古赤峰市阿鲁科尔沁旗,5.9
2003-08-16 10:03:00,90.730000,32.950000,60.00,西藏唐古拉山,4.1
2003-08-12 23:59:41,101.030000,26.000000,9.00,云南大姚,4.5
2003-08-12 00:30:12,121.600000,24.780000,60.00,台湾宜兰,4.6
2003-08-06 20:23:04,121.630000,23.950000,,台湾花莲县海域,5.0
2003-08-05 20:49:05,101.230000,25.930000,,云南大姚,4.5
2003-08-04 18:53:24,120.350000,22.150000,,台湾恒春西,4.0
2003-08-03 19:35:20,121.670000,24.080000,,台湾花莲,4.7
2003-07-31 02:36:32,122.350000,24.080000,,台湾花莲,4.3
2003-07-28 22:21:38,80.450000,35.900000,,新疆和田,4.1
2003-07-24 12:29:54,76.950000,39.480000,29.00,新疆伽师,4.1
2003-07-24 07:52:41,101.270000,25.930000,10.00,云南大姚,4.2
2003-07-23 17:15:18,73.930000,38.400000,155.00,帕米尔,4.1
2003-07-21 23:16:32,101.230000,25.950000,15.00,云南楚雄州大姚县,6.2
2003-07-18 18:17:21,98.330000,39.070000,16.00,甘肃肃南,4.5
2003-07-18 10:41:20,121.580000,24.700000,,台湾宜兰,4.0
2003-07-18 04:10:00,119.200000,18.400000,,南海海域,5.1
2003-07-13 23:06:29,121.870000,24.480000,,台湾南澳,4.0
2003-07-10 09:33:57,102.470000,27.780000,5.00,四川昭觉,4.1
2003-07-09 10:31:20,89.900000,36.300000,15.00,新疆新疆阿尔格山,4.6
2003-07-07 15:16:52,89.320000,34.530000,10.00,西藏玛尼东南,4.3
2003-07-07 14:55:45,89.470000,34.300000,33.00,西藏那曲市安多县,6.1
2003-07-04 19:48:03,121.220000,22.100000,,台湾恒春,4.0
2003-07-03 13:53:51,86.270000,43.800000,32.00,新疆石河子,4.3
2003-07-02 15:44:09,104.070000,37.080000,16.00,甘肃景泰,4.5
2003-06-18 22:24:18,116.750000,47.770000,5.00,新巴尔虎右旗南,4.1
2003-06-17 22:46:18,102.300000,27.870000,5.00,四川西昌,4.1
2003-06-17 06:38:00,121.470000,23.700000,,台湾花莲,4.3
2003-06-17 02:33:35,121.450000,23.730000,,台湾花莲县,5.1
2003-06-12 21:41:15,121.870000,24.500000,,台湾宜兰,4.1
2003-06-12 11:58:52,121.470000,23.650000,,台湾花莲,4.0
2003-06-11 14:59:50,89.470000,48.500000,15.00,阿勒泰东北,4.3
2003-06-10 16:40:31,121.470000,23.670000,15.00,台湾花莲县,6.0
2003-06-10 11:23:18,111.470000,40.570000,10.00,内蒙古托克托,4.1
2003-06-09 13:08:05,121.830000,24.470000,,台湾苏澳,4.8
2003-06-09 09:52:53,121.800000,24.470000,33.00,台湾宜兰县,5.8
2003-06-05 00:28:42,77.620000,39.520000,33.00,新疆喀什地区伽师县,5.2
2003-05-31 00:21:46,77.200000,39.380000,24.00,新疆伽师,4.1
2003-05-29 22:18:52,81.000000,36.170000,20.00,新疆于田,4.9
2003-05-29 05:42:24,88.100000,34.400000,15.00,西藏玛尼,4.3
2003-05-25 12:31:55,77.530000,39.480000,29.00,新疆麦盖提,4.5
2003-05-25 03:32:36,92.400000,32.700000,33.00,西藏那曲市安多县,5.0
2003-05-24 19:28:00,92.300000,32.600000,33.00,西藏安多,4.5
2003-05-21 02:34:33,93.100000,32.800000,,青海玉树州杂多县,5.0
2003-05-20 14:18:20,73.920000,38.620000,122.00,新疆乌孜别里山口,4.1
2003-05-18 11:28:25,122.350000,25.120000,,台湾基隆东,4.1
2003-05-15 09:17:40,122.330000,25.120000,,台湾新北市海域,5.0
2003-05-14 03:30:42,79.120000,37.330000,22.00,新疆和田,4.5
2003-05-12 11:10:16,79.030000,37.430000,19.00,新疆和田,4.0
2003-05-10 19:19:58,77.120000,39.350000,24.00,新疆伽师,4.1
2003-05-04 23:44:36,77.170000,39.400000,15.00,新疆喀什地区伽师县,5.8
2003-05-03 14:12:51,96.620000,37.480000,,青海德令哈,4.7
2003-05-02 11:25:59,120.070000,21.980000,,台湾恒春,4.1
2003-04-30 21:05:58,77.550000,39.470000,18.00,新疆麦盖提,4.1
2003-04-24 06:37:31,108.330000,33.180000,0.00,陕西石泉县,4.5
2003-04-23 22:41:34,78.200000,40.500000,19.00,新疆阿合奇,4.1
2003-04-21 13:51:26,96.820000,37.530000,,青海德令哈,4.9
2003-04-20 03:41:31,96.420000,37.350000,,青海德令哈,4.9
2003-04-18 03:48:49,79.150000,40.820000,12.00,新疆柯坪,4.0
2003-04-18 01:11:46,96.450000,37.620000,,青海德令哈,4.9
2003-04-17 19:29:53,96.430000,37.370000,,青海德令哈,4.7
2003-04-17 08:48:41,96.570000,37.650000,15.00,青海海西州德令哈市,6.6
2003-04-09 00:55:08,93.180000,26.120000,40.00,邦迪拉南,4.1
2003-04-03 14:59:32,120.430000,23.170000,,台湾台南,4.1
2003-04-03 03:08:42,122.320000,24.080000,,台湾花莲,4.0
2003-04-01 21:27:24,81.070000,45.330000,23.00,温泉东北,4.3
2003-03-31 07:15:45,77.400000,39.520000,10.00,新疆喀什地区伽师县,5.2
2003-03-30 19:10:53,123.630000,37.870000,,黄海辽宁沈阳,4.7
2003-03-26 02:51:24,89.220000,27.270000,33.00,亚东南,4.6
2003-03-24 22:05:51,77.870000,39.570000,19.00,新疆麦盖提,4.3
2003-03-24 06:34:53,81.670000,41.350000,65.00,新疆拜城,4.1
2003-03-23 04:38:43,124.400000,34.920000,0.00,黄海,4.8
2003-03-18 08:33:26,73.070000,39.380000,15.00,乌孜别里山口西北,4.1
2003-03-17 23:56:50,77.900000,39.380000,19.00,新疆麦盖提,4.0
2003-03-17 12:20:35,86.770000,34.300000,33.00,西藏玛尼,4.2
2003-03-16 06:59:25,77.270000,39.600000,,新疆喀什地区伽师县,5.0
2003-03-16 05:06:59,77.450000,39.530000,27.00,新疆伽师,4.0
2003-03-13 23:07:07,88.880000,41.820000,35.00,新疆托克逊,4.2
2003-03-13 04:36:45,77.470000,39.580000,20.00,新疆伽师,4.0
2003-03-13 03:50:53,77.470000,39.580000,19.00,新疆伽师,4.2
2003-03-12 12:47:52,77.430000,39.550000,15.00,新疆喀什地区伽师县,5.9
2003-03-12 12:15:12,77.600000,39.450000,20.00,新疆麦盖提,4.1
2003-03-07 04:55:51,77.570000,39.520000,28.00,新疆麦盖提,4.0
2003-03-05 07:58:08,77.600000,39.450000,17.00,新疆麦盖提,4.1
2003-03-05 07:56:24,77.200000,39.430000,23.00,新疆伽师,4.0
2003-03-01 10:09:56,77.270000,39.500000,21.00,新疆伽师,4.3
2003-02-27 19:09:16,77.300000,39.580000,22.00,新疆伽师,4.1
2003-02-27 05:38:04,77.470000,39.550000,21.00,新疆伽师,4.2
2003-02-26 20:29:48,77.250000,39.570000,23.00,新疆伽师,4.3
2003-02-25 20:16:52,77.250000,39.400000,17.00,新疆伽师,4.1
2003-02-25 18:54:43,77.620000,39.450000,19.00,新疆麦盖提,4.0
2003-02-25 14:00:18,77.570000,39.530000,30.00,新疆麦盖提,4.0
2003-02-25 11:52:44,77.370000,39.570000,33.00,新疆喀什地区伽师县,5.5
2003-02-25 05:18:45,77.200000,39.650000,33.00,新疆喀什地区伽师县,5.0
2003-02-25 00:33:20,77.500000,39.550000,31.00,新疆伽师,4.1
2003-02-24 23:49:04,77.680000,39.380000,14.00,新疆伽师,4.2
2003-02-24 22:23:58,77.480000,39.520000,24.00,新疆伽师,4.1
2003-02-24 19:22:35,77.500000,39.550000,26.00,新疆伽师,4.2
2003-02-24 13:00:35,77.180000,39.320000,28.00,新疆伽师,4.0
2003-02-24 11:20:00,77.470000,39.730000,23.00,新疆伽师,4.0
2003-02-24 10:14:10,77.500000,39.570000,14.00,新疆伽师,4.5
2003-02-24 10:03:46,77.270000,39.620000,33.00,新疆喀什地区伽师县,6.8
2003-02-20 12:09:58,81.200000,44.480000,40.00,新疆温泉,4.6
2003-02-14 01:34:17,85.700000,43.900000,,新疆塔城地区沙湾市,5.4
2003-02-14 01:32:00,85.850000,44.000000,16.00,新疆石河子,4.0
2003-02-11 18:36:22,93.800000,32.600000,33.00,青海玉树州杂多县,5.1
2003-02-08 15:19:36,121.350000,21.180000,,台湾恒春,4.7
2003-02-05 06:03:05,76.530000,35.570000,,克什米尔,4.1
2003-01-17 21:23:32,120.570000,23.620000,,台湾云林,4.1
2003-01-17 06:15:33,89.930000,32.600000,,西藏那曲市双湖县,5.0
2003-01-16 19:36:49,88.000000,29.800000,12.00,西藏谢通门,4.8
2003-01-14 10:44:29,91.430000,36.070000,33.00,青海昆仑山,4.5
2003-01-04 19:13:27,77.070000,39.400000,4.00,新疆伽师,4.3
2003-01-04 19:07:16,77.020000,39.670000,,新疆喀什地区伽师县,5.4
2002-12-25 20:57:10,75.400000,39.600000,10.00,新疆喀什地区疏附县,5.7
2002-12-25 15:01:29,121.580000,24.570000,,台湾宜兰,4.1
2002-12-24 18:23:39,96.630000,30.600000,33.00,西藏八宿,4.2
2002-12-24 05:45:44,74.030000,38.430000,153.00,帕米尔,4.2
2002-12-17 04:36:45,97.380000,39.830000,,甘肃玉门,4.0
2002-12-16 02:45:55,74.550000,39.350000,15.00,新疆乌恰,4.5
2002-12-14 22:25:41,97.370000,39.730000,,甘肃玉门,4.3
2002-12-14 21:27:29,97.330000,39.820000,22.00,甘肃酒泉市玉门市,5.9
2002-12-09 04:54:13,124.830000,50.880000,5.00,内蒙古鄂伦春旗,4.7
2002-12-06 01:34:06,81.470000,41.720000,18.00,新疆拜城,4.0
2002-12-02 17:37:34,98.770000,39.520000,,甘肃酒泉,4.0
2002-11-30 10:52:02,95.200000,28.800000,,西藏墨脱,4.0
2002-11-30 00:49:08,90.520000,29.630000,,西藏曲水,4.6
2002-11-29 02:53:32,82.530000,47.770000,30.00,塔城西北,4.5
2002-11-27 06:11:45,95.550000,32.200000,,青海杂多,4.3
2002-11-26 23:29:46,122.350000,23.880000,,台湾花莲,4.0
2002-11-25 14:11:01,99.900000,30.830000,,四川新龙,4.6
2002-11-17 05:59:10,98.620000,34.830000,,青海玛多,4.3
2002-11-10 08:07:05,121.630000,24.920000,,台湾台北,4.2
2002-11-09 12:23:27,92.670000,38.580000,,青海茫崖,4.1
2002-11-07 14:34:44,113.920000,34.950000,,河南郑州,4.0
2002-11-06 07:39:45,86.570000,31.020000,41.00,西藏尼玛西南,4.3
2002-11-05 06:30:38,75.170000,35.670000,,克什米尔,4.0
2002-11-02 00:03:55,77.670000,40.320000,16.00,新疆阿合奇,4.0
2002-11-01 22:02:48,94.030000,46.080000,10.00,老爷庙东北,4.2
2002-10-27 04:28:48,96.120000,35.180000,15.00,青海玉树州曲麻莱县,5.4
2002-10-21 06:32:57,121.770000,24.250000,,台湾花莲,4.0
2002-10-21 05:25:51,121.800000,24.220000,,台湾花莲,4.1
2002-10-20 23:51:59,117.350000,44.670000,5.00,内蒙古西乌珠穆沁旗,4.0
2002-10-20 23:46:13,117.330000,44.680000,0.00,内蒙古西乌珠穆沁旗,4.8
2002-10-19 19:11:33,102.230000,25.880000,,云南武定,4.1
2002-10-19 15:24:40,92.770000,36.120000,,青海格尔木,4.3
2002-10-18 16:04:56,121.850000,24.180000,,台湾花莲,4.0
2002-10-18 14:43:18,121.850000,24.180000,,台湾花莲,4.5
2002-10-12 05:07:10,88.220000,31.220000,60.00,西藏申扎,4.2
2002-10-07 11:01:47,87.150000,43.370000,32.00,新疆乌鲁木齐,4.6
2002-10-07 07:38:33,121.980000,24.330000,,台湾宜兰,4.0
2002-10-02 14:51:08,99.300000,35.920000,,青海共和,4.2
2002-09-30 16:35:11,120.600000,23.370000,,台湾嘉义县,5.1
2002-09-28 01:14:37,93.630000,33.380000,,青海玉树州杂多县,5.2
2002-09-27 13:07:48,120.870000,24.230000,,台湾台中,4.0
2002-09-25 06:43:24,121.100000,22.720000,,台湾台东县,5.0
2002-09-22 07:39:56,78.230000,37.400000,44.00,新疆叶城,4.3
2002-09-18 12:13:20,90.100000,36.400000,,青海昆仑山,4.2
2002-09-16 08:03:32,122.220000,25.050000,,台湾新北市海域,5.5
2002-09-15 16:39:31,129.900000,44.700000,586.00,黑龙江牡丹江市穆棱市,5.6
2002-09-15 09:06:51,122.270000,24.100000,15.00,台湾花莲县海域,5.0
2002-09-10 16:38:15,121.770000,24.900000,,台湾基隆,4.1
2002-09-08 06:59:32,121.470000,24.570000,,台湾宜兰,4.2
2002-09-06 19:01:59,120.700000,23.800000,33.00,台湾南投县,5.0
2002-09-04 07:50:43,73.450000,38.220000,,帕米尔,4.0
2002-09-03 01:52:53,112.580000,37.850000,0.00,山西省寿阳县,4.7
2002-09-01 15:07:32,122.600000,24.000000,33.00,台湾花莲县海域,5.5
2002-09-01 13:56:19,122.180000,24.100000,,台湾花莲县海域,5.6
2002-08-31 20:40:35,87.850000,29.830000,33.00,西藏谢通门,4.5
2002-08-30 04:05:51,121.550000,24.880000,96.00,台湾新北市,5.0
2002-08-29 01:05:29,121.330000,22.300000,,台湾台东县海域,5.4
2002-08-26 23:32:12,122.150000,24.270000,,台湾花莲,4.1
2002-08-22 08:30:21,78.630000,40.720000,11.00,新疆阿合奇,4.2
2002-08-17 03:53:54,100.820000,27.830000,,四川盐源,4.0
2002-08-15 07:28:56,121.800000,24.450000,,台湾宜兰,4.2
2002-08-10 17:03:16,121.680000,24.200000,,台湾花莲县海域,5.0
2002-08-08 19:42:02,100.020000,30.870000,,四川甘孜州新龙县,5.3
2002-08-07 07:30:01,87.870000,29.920000,33.00,西藏谢通门,4.1
2002-08-03 15:57:41,115.600000,40.500000,0.00,河北怀来,4.0
2002-07-23 20:48:01,122.270000,35.620000,,黄海云南文山,4.7
2002-07-18 23:52:52,98.630000,21.700000,10.00,孟连南,4.2
2002-07-18 17:50:38,98.550000,21.670000,,孟连西南,4.3
2002-07-18 12:52:31,119.930000,22.100000,,台湾屏东,4.0
2002-07-18 03:14:42,122.120000,23.500000,,台湾花莲,4.3
2002-07-18 00:57:21,122.170000,24.020000,,台湾花莲,4.0
2002-07-13 20:07:07,122.620000,23.980000,,台湾花莲,4.3
2002-07-11 15:36:20,122.250000,24.080000,10.00,台湾花莲县海域,5.9
2002-07-09 11:08:05,88.000000,29.880000,33.00,西藏谢通门,4.2
2002-06-30 09:25:03,83.530000,42.170000,43.00,新疆库车,4.2
2002-06-29 14:54:36,94.300000,34.100000,,青海玉树州治多县,5.9
2002-06-29 01:19:31,130.600000,43.500000,540.00,吉林延边州汪清县,7.2
2002-06-27 19:37:20,92.770000,36.330000,,青海格尔木,4.1
2002-06-25 10:04:42,80.900000,41.680000,19.00,新疆拜城,4.2
2002-06-21 22:15:45,81.070000,33.580000,,西藏日土,4.0
2002-06-17 10:55:28,94.070000,33.970000,,青海治多,4.2
2002-06-14 15:22:24,121.430000,23.650000,,台湾花莲,4.7
2002-06-14 04:40:27,122.070000,24.880000,,台湾宜兰县海域,5.4
2002-06-06 09:35:52,81.250000,30.450000,33.00,西藏普兰,4.2
2002-06-04 22:47:16,81.430000,30.470000,33.00,西藏普兰,4.1
2002-06-04 22:36:04,81.430000,30.580000,33.00,西藏阿里地区普兰县,5.7
2002-06-02 10:58:01,92.880000,35.820000,33.00,青海格尔木,4.2
2002-05-31 05:11:41,90.700000,33.050000,,青海青藏交界,4.6
2002-05-31 02:14:11,73.200000,39.600000,11.00,乌孜别里山口西北,4.7
2002-05-30 14:53:37,121.920000,24.850000,,台湾宜兰,4.8
2002-05-30 01:54:15,95.450000,36.950000,,青海格尔木,4.7
2002-05-29 00:45:17,122.100000,24.030000,,台湾花莲县海域,6.2
2002-05-28 19:24:35,84.650000,43.720000,31.00,新疆乌苏,4.1
2002-05-28 12:00:17,95.970000,34.020000,,青海治多,4.2
2002-05-28 05:24:24,103.280000,23.880000,,云南开远,4.1
2002-05-22 17:12:45,95.420000,36.920000,,青海格尔木,4.6
2002-05-22 17:12:13,74.450000,39.750000,24.00,新疆乌恰,4.0
2002-05-20 17:49:45,121.820000,24.530000,,台湾宜兰,4.2
2002-05-19 07:09:20,117.980000,39.370000,,河北丰南,4.2
2002-05-15 12:42:41,121.830000,24.720000,,台湾宜兰,4.1
2002-05-15 11:59:17,121.830000,24.720000,,台湾宜兰,4.0
2002-05-15 11:46:02,121.900000,24.750000,,台湾宜兰县海域,6.5
2002-05-14 16:07:40,82.070000,42.320000,43.00,新疆拜城,4.3
2002-05-13 09:52:06,103.080000,25.280000,0.00,云南嵩明,4.9
2002-05-10 19:08:55,122.730000,23.800000,,台湾花莲东,4.0
2002-05-10 12:17:12,121.270000,22.470000,,台湾台东海外,4.5
2002-04-28 21:23:49,122.830000,24.080000,33.00,先岛群岛海域,5.1
2002-04-26 01:30:10,81.520000,35.600000,5.00,新疆于田,4.0
2002-04-22 23:14:28,122.080000,24.300000,,台湾南澳,4.3
2002-04-22 03:34:35,114.420000,37.270000,10.00,河北隆尧县,4.8
2002-04-20 16:48:00,121.570000,22.930000,,台湾台东,4.7
2002-04-17 06:52:31,128.450000,40.930000,,长白东南,4.0
2002-04-12 13:04:46,102.600000,22.320000,,金平南,4.2
2002-04-12 04:19:31,73.500000,39.600000,,乌孜别里山口西北,4.0
2002-04-10 14:30:18,102.500000,27.530000,4.00,四川普格,4.1
2002-04-08 07:20:44,121.880000,24.280000,,台湾南澳,4.2
2002-04-04 21:04:48,121.780000,24.350000,,台湾南澳,4.1
2002-04-04 02:06:07,122.020000,24.270000,,台湾花莲县海域,5.4
2002-04-03 14:47:38,122.070000,24.280000,,台湾花莲,4.5
2002-04-03 03:57:21,87.000000,29.280000,33.00,西藏拉孜,4.1
2002-03-31 14:52:50,122.200000,24.170000,,台湾花莲县海域,7.5
2002-03-23 12:56:26,87.920000,29.770000,33.00,西藏谢通门,4.2
2002-03-22 21:49:40,83.880000,43.800000,31.00,新疆新源,4.1
2002-03-17 20:39:17,80.720000,34.220000,33.00,西藏松西,4.0
2002-03-13 02:57:41,84.180000,42.000000,28.00,新疆轮台,4.2
2002-03-12 07:26:50,85.870000,42.380000,30.00,新疆和静,4.5
2002-03-11 01:53:44,93.170000,32.830000,33.00,青海唐古拉山,4.0
2002-03-07 23:50:19,84.420000,29.620000,70.00,西藏仲巴,4.1
2002-03-04 17:04:26,121.400000,23.820000,,台湾花莲,4.0
2002-02-12 12:00:36,121.470000,23.930000,,台湾花莲,4.0
2002-02-12 11:42:58,121.470000,23.930000,,台湾花莲,4.1
2002-02-12 11:27:24,121.500000,23.930000,10.00,台湾花莲县,5.7
2002-02-09 09:24:55,120.980000,20.930000,,台湾恒春南,4.0
2002-02-08 06:21:05,84.600000,44.070000,25.00,新疆乌苏,4.6
2002-02-08 02:44:52,92.670000,38.280000,9.00,青海茫崖,4.6
2002-02-03 03:34:48,99.030000,21.430000,,孟连南,4.0
2002-01-29 10:24:26,121.330000,23.080000,,台湾台东,4.0
2002-01-20 06:14:15,101.530000,21.330000,3.00,云南勐腊,4.8
2002-01-15 02:10:32,120.780000,24.500000,,台湾苗栗,4.1
2002-01-09 01:00:38,120.800000,24.430000,,台湾苗栗县,5.1
2002-01-05 04:30:19,95.170000,32.480000,,青海杂多,4.3
2001-12-31 05:51:05,93.520000,34.130000,,青海唐古拉地区,4.2
2001-12-28 08:41:42,122.720000,24.050000,10.00,台湾花莲县海域,5.5
2001-12-27 16:34:51,121.130000,22.750000,,台湾台东,4.3
2001-12-25 13:44:48,76.650000,35.350000,,克什米尔,4.5
2001-12-23 05:40:27,122.800000,24.200000,,先岛群岛海域,5.2
2001-12-22 07:05:52,86.630000,43.780000,30.00,新疆呼图壁,4.0
2001-12-20 02:36:22,122.930000,23.880000,10.00,台湾花莲东,4.1
2001-12-19 09:06:57,75.670000,40.020000,32.00,新疆乌恰,4.0
2001-12-19 08:42:03,122.700000,23.820000,10.00,台湾花莲东,4.1
2001-12-18 18:34:42,122.880000,23.880000,10.00,台湾花莲东,4.5
2001-12-18 13:13:34,123.030000,24.020000,10.00,花莲以东,4.8
2001-12-18 12:57:46,122.830000,23.930000,10.00,台湾花莲东,4.5
2001-12-18 12:46:58,122.850000,24.030000,10.00,台湾花莲东,4.6
2001-12-18 12:02:52,122.200000,24.170000,,台湾花莲县海域,7.5
2001-12-17 14:58:41,77.300000,39.670000,25.00,新疆伽师,4.1
2001-12-11 15:31:42,93.770000,45.050000,2.00,巴里坤东北,4.1
2001-12-08 12:12:51,93.300000,36.000000,10.00,青海海西州格尔木市,5.4
2001-12-05 22:13:30,97.020000,43.530000,,哈密东北,4.6
2001-12-03 06:41:14,88.170000,27.150000,33.00,定结南,4.7
2001-12-01 20:25:19,93.920000,35.580000,10.00,青海格尔木,4.7
2001-11-30 18:43:12,91.080000,36.120000,,新疆巴音郭楞州若羌县,5.1
2001-11-29 15:34:13,122.150000,24.020000,,台湾花莲东,4.1
2001-11-28 01:56:56,81.770000,29.600000,33.00,普兰东南,4.6
2001-11-27 16:53:54,81.620000,29.630000,33.00,普兰东南,4.9
2001-11-25 16:47:25,93.700000,35.720000,10.00,青海格尔木,4.2
2001-11-24 13:46:24,122.030000,25.470000,256.00,台湾基隆东,4.5
2001-11-24 04:57:14,87.530000,48.770000,20.00,新疆友谊峰,4.1
2001-11-23 11:43:06,103.280000,34.170000,20.00,甘肃迭部,4.0
2001-11-22 16:34:08,93.800000,35.900000,,青海格尔木,4.0
2001-11-20 07:57:08,104.600000,40.080000,,内蒙古阿拉善左旗,4.3
2001-11-20 01:45:22,93.630000,35.720000,,青海玉树州治多县,5.6
2001-11-19 10:22:17,93.870000,35.830000,10.00,青海格尔木,4.2
2001-11-19 07:24:51,93.870000,35.730000,10.00,青海格尔木,4.3
2001-11-19 05:59:53,93.680000,35.720000,10.00,青海玉树州治多县,5.7
2001-11-19 05:45:40,93.750000,35.680000,10.00,青海格尔木,4.3
2001-11-16 15:54:11,94.000000,35.650000,10.00,青海格尔木,4.5
2001-11-16 05:42:42,94.530000,35.620000,10.00,青海格尔木,4.7
2001-11-16 04:46:22,94.720000,35.250000,10.00,青海格尔木,4.7
2001-11-16 00:19:45,90.230000,36.050000,10.00,青海格尔木,4.5
2001-11-15 07:49:13,94.580000,35.670000,10.00,青海格尔木,4.2
2001-11-15 07:05:29,94.700000,35.600000,10.00,青海海西州格尔木市,5.3
2001-11-15 05:23:33,93.950000,35.650000,10.00,青海格尔木,4.6
2001-11-15 05:21:54,90.920000,35.950000,10.00,青海格尔木,4.2
2001-11-15 01:11:42,92.970000,35.730000,10.00,青海格尔木,4.0
2001-11-15 00:06:48,94.480000,35.480000,10.00,青海格尔木,4.5
2001-11-14 19:40:23,93.970000,35.620000,10.00,青海格尔木,4.8
2001-11-14 19:04:39,89.970000,35.750000,10.00,青海格尔木,4.8
2001-11-14 18:58:32,94.020000,35.750000,10.00,青海格尔木,4.7
2001-11-14 18:58:11,93.890000,35.670000,11.00,青海海西州格尔木市,5.8
2001-11-14 18:29:19,90.630000,35.850000,10.00,青海格尔木,4.0
2001-11-14 17:55:58,94.430000,35.970000,10.00,青海格尔木,4.0
2001-11-14 17:45:14,93.240000,35.630000,15.00,青海海西州格尔木市,5.8
2001-11-14 17:37:47,90.500000,35.920000,10.00,青海昆仑山口西,4.3
2001-11-14 17:26:13,90.900000,36.200000,15.00,青海玉树州治多县,8.1
2001-11-07 00:09:22,79.650000,34.250000,,西藏日土,4.2
2001-11-04 16:45:35,120.970000,24.050000,,台湾南投,4.2
2001-10-27 13:35:39,100.570000,26.230000,10.00,云南丽江市永胜县,6.0
2001-10-26 18:42:40,121.920000,23.770000,,台湾花莲,4.3
2001-10-26 03:18:02,77.630000,40.730000,24.00,新疆阿合奇,4.3
2001-10-19 22:56:45,79.150000,42.100000,27.00,汗腾格里峰西,4.5
2001-10-13 07:57:37,95.420000,33.070000,9.00,青海杂多,4.1
2001-10-05 17:20:57,106.100000,44.720000,9.00,乌拉特后旗北,4.5
2001-09-25 02:05:47,102.380000,34.300000,20.00,甘肃碌曲,4.5
2001-09-21 07:17:50,79.180000,41.680000,20.00,新疆乌什,4.3
2001-09-20 13:10:45,102.420000,34.320000,20.00,甘肃碌曲,4.2
2001-09-19 16:07:21,119.500000,38.170000,,渤海新疆拜城,4.2
2001-09-18 17:19:04,75.320000,39.850000,30.00,新疆乌恰,4.5
2001-09-18 06:44:42,120.620000,23.280000,,台湾嘉义县,5.2
2001-09-16 19:12:52,74.330000,39.830000,20.00,新疆乌恰,4.3
2001-09-13 20:00:29,75.520000,41.370000,15.00,乌恰东北,4.2
2001-09-11 16:39:00,121.820000,24.170000,10.00,台湾花莲县海域,5.1
2001-09-04 12:05:55,100.550000,23.630000,10.00,云南普洱市景谷县,5.0
2001-08-30 03:26:38,92.130000,27.530000,,西藏错那,4.0
2001-08-28 08:32:48,74.130000,40.580000,18.00,乌恰西北,4.0
2001-08-21 00:57:59,121.500000,24.020000,,台湾花莲,4.1
2001-08-12 10:30:59,76.070000,37.980000,38.00,新疆塔什库尔干,4.0
2001-08-07 11:53:43,120.920000,21.430000,,台湾屏东县海域,5.4
2001-08-06 10:30:33,121.070000,21.480000,33.00,台湾恒春南,4.6
2001-07-26 00:02:53,95.900000,33.300000,10.00,青海玉树州玉树市,5.7
2001-07-25 09:07:27,111.470000,36.280000,12.00,山西临汾,4.0
2001-07-19 06:43:59,73.920000,38.470000,152.00,帕米尔,4.1
2001-07-17 19:32:52,99.430000,35.530000,10.00,青海海南州兴海县,5.0
2001-07-15 02:36:05,102.630000,24.330000,,云南玉溪市江川区,5.1
2001-07-11 05:41:06,97.900000,39.030000,,甘肃张掖市肃南县,5.3
2001-07-10 07:51:32,101.380000,24.930000,,云南楚雄州楚雄市,5.3
2001-07-09 23:20:48,121.480000,24.130000,,台湾花莲,4.3
2001-07-03 06:52:27,73.150000,38.500000,48.00,帕米尔,4.0
2001-06-30 12:07:37,121.430000,24.100000,,台湾花莲,4.2
2001-06-23 10:48:34,105.480000,29.450000,0.00,重庆市荣昌,4.9
2001-06-22 18:57:05,80.870000,36.020000,45.00,新疆于田,4.2
2001-06-19 13:43:35,121.020000,23.180000,10.00,台湾台东县,5.4
2001-06-19 13:16:18,121.080000,23.080000,10.00,台湾台东县,5.5
2001-06-14 10:35:25,121.870000,24.570000,33.00,台湾宜兰县海域,6.4
2001-06-13 21:17:58,122.070000,24.480000,33.00,台湾宜兰县海域,5.5
2001-06-08 02:03:28,99.020000,24.820000,10.00,云南保山市施甸县,5.3
2001-06-05 22:56:40,107.800000,41.300000,0.00,内蒙古五原,4.8
2001-06-05 05:02:13,102.520000,21.830000,,江城东南,4.1
2001-05-30 06:53:05,73.420000,38.630000,130.00,帕米尔,4.1
2001-05-26 19:58:14,74.230000,38.270000,168.00,帕米尔,4.3
2001-05-24 05:10:39,100.800000,27.630000,,云南丽江市宁蒗县,5.8
2001-05-23 23:05:12,121.980000,24.030000,,台湾花莲,4.0
2001-05-21 23:35:10,106.120000,36.880000,0.00,宁夏同心,4.7
2001-04-29 18:39:05,87.000000,28.670000,33.00,西藏定日,4.2
2001-04-28 18:37:53,87.200000,28.850000,,西藏日喀则市定日县,5.2
2001-04-27 10:02:33,121.050000,23.650000,10.00,台湾南投县,5.1
2001-04-22 01:52:00,111.730000,21.830000,10.00,广东阳江,4.2
2001-04-13 06:08:52,88.120000,29.930000,,西藏谢通门,4.1
2001-04-12 18:46:57,99.020000,24.830000,,云南保山市施甸县,5.9
2001-04-11 17:23:36,80.850000,34.780000,,西藏松西,4.2
2001-04-10 11:14:44,99.020000,24.880000,,云南施甸,4.3
2001-04-10 11:13:04,99.020000,24.800000,,云南保山市施甸县,5.2
2001-04-04 07:08:36,86.100000,27.800000,,聂拉木南,4.1
2001-03-24 07:23:01,84.600000,43.020000,,新疆巴音郭楞州和静县,5.1
2001-03-16 12:38:18,95.000000,30.330000,33.00,西藏通麦,4.6
2001-03-13 11:18:38,86.030000,42.350000,21.00,新疆和静,4.1
2001-03-12 16:57:50,99.820000,22.300000,,云南普洱市澜沧县,5.0
2001-03-10 08:20:17,91.820000,27.870000,33.00,西藏错那,4.2
2001-03-07 19:51:24,102.750000,27.750000,6.00,四川布拖,4.0
2001-03-05 23:50:02,86.500000,34.200000,10.00,西藏那曲市尼玛县,6.4
2001-03-05 04:18:52,102.820000,21.480000,,江城东南,4.5
2001-03-02 12:29:08,114.920000,40.370000,,河北深井堡,4.2
2001-03-02 00:37:47,120.920000,23.930000,,台湾南投县,5.6
2001-02-27 23:15:08,80.650000,36.600000,36.00,新疆和田,4.2
2001-02-27 09:46:10,90.970000,27.080000,,康马南,4.1
2001-02-26 22:21:45,101.430000,21.120000,5.00,金平南,4.0
2001-02-25 04:05:30,87.670000,35.420000,33.00,西藏玛尼,4.1
2001-02-24 03:18:27,121.420000,23.700000,,台湾花莲,4.0
2001-02-23 08:09:20,101.100000,29.420000,15.00,四川甘孜州雅江县,6.0
2001-02-19 23:51:36,102.830000,21.430000,10.00,金平南,4.8
2001-02-19 04:25:11,120.670000,23.670000,,台湾南投,4.5
2001-02-17 07:13:09,122.380000,24.580000,109.00,台湾宜兰,4.8
2001-02-14 15:27:29,101.080000,29.400000,15.00,四川甘孜州雅江县,5.0
2001-02-09 01:34:09,120.550000,23.500000,,台湾嘉义,4.0
2001-02-07 13:04:35,86.850000,38.380000,4.00,新疆且末,4.5
2001-01-27 18:51:41,77.220000,36.020000,95.00,赛图拉,4.8
2001-01-23 07:27:17,122.020000,24.350000,,台湾宜兰东南,4.6
2001-01-20 23:28:39,102.870000,34.070000,20.00,甘肃迭部,4.0
2001-01-16 09:43:07,121.050000,24.270000,,台湾台中,4.1
2001-01-11 16:36:52,120.900000,24.200000,15.00,台湾台中市,5.1
2001-01-10 03:16:28,121.570000,24.150000,,台湾花莲,4.0
2001-01-04 12:02:58,99.270000,21.600000,,孟连南,4.2
2001-01-04 10:05:04,99.200000,21.420000,18.00,孟连南,4.5
2001-01-04 01:16:22,77.300000,37.030000,28.00,新疆叶城,4.1
2001-01-03 06:54:57,121.730000,24.420000,,台湾宜兰,4.0
2000-12-31 03:42:54,122.720000,24.170000,,台湾花莲东北,4.0
2000-12-30 02:03:30,121.900000,24.470000,10.00,台湾宜兰县海域,5.1
2000-12-28 17:01:29,121.850000,23.630000,,台湾花莲东南,4.2
2000-12-27 01:43:15,103.880000,37.150000,12.00,甘肃景泰,4.3
2000-12-26 11:21:00,122.250000,21.220000,,台湾东南,4.7
2000-12-17 17:11:12,119.850000,48.600000,5.00,内蒙古鄂温克旗,4.0
2000-12-14 07:46:23,101.870000,21.570000,15.00,勐腊南,4.2
2000-12-13 12:44:22,86.380000,47.920000,43.00,新疆布尔津,4.3
2000-12-13 04:32:52,122.530000,24.120000,,台湾花莲县海域,5.3
2000-12-11 15:36:25,99.030000,25.680000,8.00,云南云龙,4.1
2000-12-11 03:30:43,120.270000,23.120000,10.00,台湾台南市,5.3
2000-12-10 18:08:38,120.250000,23.200000,,台湾台南,4.2
2000-11-29 19:00:35,121.400000,24.200000,10.00,台湾花莲县,5.0
2000-11-26 10:01:49,90.470000,35.870000,,青海玉树州治多县,5.1
2000-11-20 08:07:10,121.800000,24.930000,,台湾宜兰,4.2
2000-11-16 19:12:47,97.600000,24.400000,25.00,陇川西,4.2
2000-11-14 04:22:07,91.430000,32.330000,,西藏安多,4.1
2000-11-09 06:46:55,90.800000,34.100000,15.00,青海海西州格尔木市,5.2
2000-11-05 15:26:52,113.820000,39.950000,8.00,山西大同,4.0
2000-10-31 13:20:53,91.600000,32.600000,10.00,西藏那曲市安多县,5.5
2000-10-31 10:45:35,91.770000,32.830000,,青海聂荣北,4.2
2000-10-31 09:20:29,92.330000,32.720000,,西藏聂荣北,4.5
2000-10-31 07:44:01,92.480000,32.680000,,西藏聂荣北,4.3
2000-10-31 07:23:11,92.280000,32.720000,,西藏聂荣北,4.5
2000-10-31 07:17:18,92.400000,32.800000,,青海海西州格尔木市,5.4
2000-10-30 12:08:52,121.000000,25.020000,,台湾桃园以西,4.0
2000-10-29 04:20:52,92.370000,32.750000,,西藏聂荣,4.5
2000-10-29 04:03:13,91.900000,32.500000,,西藏那曲市安多县,5.3
2000-10-24 15:11:58,121.520000,24.020000,,台湾花莲,4.0
2000-10-20 17:12:34,99.500000,35.300000,,青海海南州兴海县,5.0
2000-10-18 06:33:53,91.950000,44.980000,19.00,新疆北塔山,4.0
2000-10-15 03:57:49,87.530000,49.900000,21.00,友谊峰西北,4.7
2000-10-09 15:03:36,98.120000,30.580000,,西藏昌都市察雅县,5.1
2000-10-08 14:14:57,88.200000,30.600000,,西藏那曲市申扎县,5.0
2000-10-03 11:07:25,84.970000,41.980000,41.00,新疆轮台,4.6
2000-09-27 01:16:39,120.050000,23.380000,,台湾嘉义西,4.0
2000-09-21 03:30:18,99.500000,35.400000,,青海兴海,4.5
2000-09-21 03:21:15,99.430000,35.550000,,青海海南州兴海县,5.0
2000-09-19 18:21:56,99.630000,35.530000,33.00,青海兴海,4.6
2000-09-17 07:04:11,122.100000,24.000000,,台湾花莲县海域,5.1
2000-09-15 08:07:26,120.920000,24.430000,,台湾苗栗,4.1
2000-09-13 23:11:18,95.300000,34.200000,15.00,青海玉树州治多县,5.0
2000-09-12 14:43:07,99.520000,35.400000,,青海兴海,4.3
2000-09-12 11:24:42,99.550000,35.350000,,青海兴海,4.0
2000-09-12 10:08:43,99.630000,35.580000,,青海兴海,4.8
2000-09-12 09:55:08,99.800000,35.400000,10.00,青海海南州兴海县,5.3
2000-09-12 09:19:18,99.530000,35.480000,10.00,青海海南州兴海县,5.2
2000-09-12 08:27:53,99.620000,35.570000,10.00,青海海南州兴海县,6.6
2000-09-11 02:58:08,78.170000,36.580000,49.00,新疆喀喇昆仑山口,4.2
2000-09-10 16:54:48,121.100000,24.400000,,台湾苗栗县,6.3
2000-09-02 02:42:42,103.430000,37.700000,19.00,甘肃古浪,4.2
2000-09-01 17:24:41,121.180000,24.080000,,台湾南投县,5.0
2000-08-23 08:49:16,121.530000,23.780000,,台湾花莲县,5.2
2000-08-21 21:25:40,102.220000,25.820000,,云南楚雄州武定县,5.1
2000-08-20 18:48:16,120.700000,23.400000,,台湾嘉义县,5.1
2000-08-16 05:05:02,77.720000,40.280000,20.00,新疆阿合奇,4.6
2000-08-02 16:34:30,121.000000,23.930000,,台湾南投,4.0
2000-07-29 04:28:10,121.020000,23.420000,,台湾高雄市,6.2
2000-07-25 06:10:36,122.280000,24.750000,,台湾宜兰,4.8
2000-07-19 12:46:35,121.600000,24.200000,,台湾花莲县,5.0
2000-07-17 14:52:05,92.670000,27.170000,,西藏德让宗东,4.0
2000-07-17 14:50:37,121.900000,24.100000,,台湾花莲县海域,5.1
2000-07-15 07:04:34,121.600000,24.100000,,台湾花莲县,5.3
2000-07-15 05:06:06,82.270000,43.450000,28.00,新疆新源,4.0
2000-07-14 17:40:49,121.900000,24.000000,,台湾花莲,4.2
2000-07-14 15:18:20,121.880000,23.980000,,台湾花莲,4.0
2000-07-14 10:48:52,84.020000,43.780000,18.00,新疆新源,4.0
2000-07-14 08:07:30,121.930000,24.050000,,台湾花莲县海域,6.0
2000-07-14 06:01:09,121.980000,23.980000,,台湾花莲县海域,5.3
2000-07-14 01:36:05,121.900000,24.020000,,台湾花莲以东,4.0
2000-07-13 06:24:00,83.500000,31.500000,33.00,西藏改则,4.3
2000-07-10 23:50:42,92.350000,32.670000,33.00,青海青海唐古拉山,4.3
2000-07-10 12:25:11,92.300000,32.900000,,青海海西州格尔木市,5.6
2000-07-08 00:14:16,79.770000,34.100000,33.00,西藏松西,4.2
2000-07-06 05:59:50,79.720000,34.220000,33.00,西藏松西,4.0
2000-07-06 02:50:20,79.750000,33.970000,33.00,西藏松西,4.2
2000-07-05 13:56:34,79.850000,34.170000,33.00,西藏松西,4.1
2000-06-29 06:43:31,82.970000,47.780000,55.00,塔城北,4.5
2000-06-28 19:35:02,122.170000,24.630000,,台湾宜兰,4.0
2000-06-24 21:36:31,76.770000,35.150000,,喀喇昆仑山口西南,4.2
2000-06-20 17:22:22,77.670000,34.980000,,喀喇昆仑山口西南,4.3
2000-06-20 05:56:25,121.050000,24.030000,10.00,台湾南投县,5.1
2000-06-19 15:32:51,120.980000,24.120000,,台湾南投,4.1
2000-06-19 06:44:50,121.020000,24.080000,,台湾南投,4.3
2000-06-18 00:34:13,78.400000,32.000000,,札达西北,4.5
2000-06-12 04:11:19,121.030000,23.970000,,台湾南投,4.0
2000-06-11 02:23:24,121.120000,23.980000,,台湾南投县,6.8
2000-06-08 20:21:10,97.380000,26.620000,,福贡以西,4.6
2000-06-08 05:46:51,96.850000,26.780000,,缅甸,7.0
2000-06-06 18:59:09,103.920000,37.130000,,甘肃白银市景泰县,5.9
2000-05-27 02:30:50,118.030000,23.850000,20.00,福建漳浦东南,4.1
2000-05-19 19:07:11,89.950000,38.720000,13.00,新疆若羌,4.0
2000-05-18 23:18:58,121.050000,24.270000,15.00,台湾台中市,5.3
2000-05-17 11:27:21,121.080000,24.250000,,台湾台中,4.1
2000-05-17 11:25:47,121.120000,24.280000,15.00,台湾台中市,6.1
2000-05-11 23:52:52,97.030000,26.050000,10.00,泸水西,4.0
2000-05-08 07:47:45,120.650000,24.070000,,台湾台中,4.1
2000-05-06 21:41:52,121.550000,24.080000,,台湾花莲,4.1
2000-04-29 11:54:48,112.050000,33.220000,0.00,河南内乡,4.7
2000-04-19 22:04:18,120.970000,24.320000,,台湾台中,4.3
2000-04-15 17:32:28,95.470000,33.230000,,青海玉树州杂多县,5.3
2000-04-15 13:25:27,106.950000,39.680000,10.00,内蒙古乌海,4.0
2000-04-11 15:10:25,74.950000,39.580000,35.00,新疆乌恰,4.1
2000-04-06 03:34:30,73.680000,38.520000,129.00,乌孜别里山口南,4.0
2000-04-03 23:38:37,101.070000,25.550000,5.00,云南姚安,4.0
2000-03-28 09:46:35,91.570000,37.800000,,青海茫崖,4.1
2000-03-27 06:42:18,76.950000,39.530000,27.00,新疆伽师,4.1
2000-03-27 04:41:18,76.950000,39.500000,,新疆喀什地区伽师县,5.1
2000-03-20 01:57:07,120.720000,23.400000,,台湾嘉义,4.0
2000-03-17 10:08:55,91.000000,33.130000,,青海唐古拉山,4.3
2000-03-16 21:10:54,120.800000,23.500000,,台湾嘉义县,5.2
2000-03-16 08:37:55,121.580000,22.930000,,台湾台东,4.2
2000-03-09 13:08:45,121.420000,23.350000,,台湾台东,4.6
2000-03-05 06:10:09,99.220000,24.970000,5.00,云南保山,4.0
2000-02-22 01:29:58,75.530000,39.750000,30.00,新疆乌恰,4.0
2000-02-20 08:20:16,96.000000,32.200000,,青海囊谦,4.1
2000-02-16 05:33:17,120.730000,23.420000,,台湾嘉义县,5.6
2000-02-12 23:34:45,91.130000,34.280000,,青海海西州格尔木市,5.0
2000-02-12 08:19:58,90.870000,33.950000,,青海唐古拉山,4.9
2000-02-12 08:04:23,90.800000,33.830000,,青海海西州格尔木市,5.4
2000-02-04 02:48:07,121.330000,22.800000,,台湾台东,4.0
2000-02-03 01:04:49,119.250000,49.250000,15.00,内蒙古陈巴尔虎旗,4.1
2000-02-01 01:14:47,88.620000,38.230000,14.00,新疆若羌,4.0
2000-01-31 15:26:01,88.730000,38.270000,15.00,新疆巴音郭楞州若羌县,5.7
2000-01-31 04:21:54,121.150000,24.020000,,台湾南投,4.1
2000-01-30 14:35:03,92.200000,29.600000,,西藏拉萨市墨竹工卡县,5.0
2000-01-27 05:37:55,95.530000,30.950000,,西藏昌都市洛隆县,5.4
2000-01-27 04:55:13,103.630000,24.150000,,云南文山州丘北县,5.5
2000-01-26 00:43:18,92.600000,27.670000,,西藏山南市错那县,5.0
2000-01-23 18:11:11,77.220000,35.800000,,新疆乔戈里峰,4.1
2000-01-21 01:42:09,121.380000,23.600000,,台湾花莲,4.0
2000-01-17 04:22:05,120.930000,24.480000,,台湾苗栗,4.0
2000-01-16 15:10:39,76.980000,39.420000,22.00,新疆伽师,4.1
2000-01-15 08:20:15,101.020000,25.520000,,云南姚安,4.0
2000-01-15 07:42:19,100.980000,25.630000,,云南姚安,4.1
2000-01-15 07:37:02,101.120000,25.580000,,云南楚雄州姚安县,6.5
2000-01-15 06:09:01,101.080000,25.570000,,云南楚雄州姚安县,5.9
2000-01-12 07:43:57,123.050000,40.520000,,辽宁鞍山市岫岩县,5.1
2000-01-08 10:21:19,78.430000,34.820000,,新疆喀喇昆仑山口,4.0
2000-01-05 17:45:18,92.700000,32.400000,,西藏那曲市聂荣县,5.2
2000-01-03 10:20:09,121.930000,23.050000,,台湾台东,4.5
2000-01-02 18:23:59,92.500000,27.550000,33.00,西藏错那,4.6
1999-12-30 20:24:34,121.220000,22.800000,,台湾台东,4.1
1999-12-30 07:17:22,116.070000,33.320000,13.00,安徽利辛,4.1
1999-12-27 03:02:56,118.450000,22.380000,,台湾海峡,5.0
1999-12-22 14:45:14,73.150000,38.350000,,帕米尔,4.0
1999-12-20 19:46:50,97.970000,24.700000,,云南盈江,4.0
1999-12-17 18:14:57,77.080000,40.520000,16.00,新疆阿图什,4.1
1999-12-08 03:23:31,99.880000,34.500000,,青海玛沁,4.3
1999-11-30 18:08:06,81.430000,36.430000,10.00,新疆于田,4.6
1999-11-30 16:24:52,104.330000,31.430000,,四川绵阳市安州区,5.0
1999-11-30 14:07:02,123.070000,40.530000,0.00,辽宁岫岩,4.5
1999-11-30 13:58:22,123.050000,40.530000,0.00,辽宁岫岩,4.6
1999-11-29 16:16:50,123.030000,40.530000,0.00,辽宁岫岩,4.6
1999-11-29 12:45:50,123.050000,40.530000,7.00,辽宁海城,4.7
1999-11-29 12:11:27,123.030000,40.530000,10.00,辽宁海城,4.1
1999-11-29 12:10:39,123.030000,40.530000,,辽宁鞍山市岫岩县,5.4
1999-11-29 05:25:51,120.950000,23.350000,,台湾高雄,4.1
1999-11-29 04:42:22,120.870000,23.350000,,台湾高雄,4.2
1999-11-27 06:12:57,132.930000,52.680000,,俄罗斯,4.2
1999-11-26 18:12:31,122.770000,23.950000,,台湾花莲县海域,5.0
1999-11-26 04:51:15,99.870000,34.520000,,青海果洛州玛沁县,5.0
1999-11-25 00:40:16,102.870000,24.600000,15.00,云南玉溪市澄江市,5.2
1999-11-20 11:29:35,120.630000,24.080000,,台湾彰化,4.2
1999-11-17 15:35:07,120.680000,24.050000,15.00,台湾台中市,5.5
1999-11-16 02:10:48,120.500000,23.520000,,台湾嘉义,4.2
1999-11-15 15:25:21,120.550000,23.480000,,台湾嘉义,4.6
1999-11-14 03:53:55,122.370000,24.070000,,台湾花莲东,4.0
1999-11-12 09:09:50,120.400000,23.580000,,台湾云林,4.3
1999-11-10 00:25:34,82.250000,47.520000,25.00,新疆塔城西北,4.5
1999-11-04 05:34:09,120.670000,23.330000,,台湾嘉义,4.2
1999-11-02 01:53:02,121.570000,23.550000,,台湾花莲县海域,6.6
1999-11-01 21:25:15,113.920000,39.920000,,山西大同市阳高县,5.6
1999-10-30 21:01:05,121.350000,24.170000,,台湾南投,4.2
1999-10-30 16:27:51,121.550000,23.950000,,台湾花莲县,5.2
1999-10-30 15:02:45,121.330000,24.070000,,台湾南投,4.0
1999-10-24 10:39:30,121.030000,24.030000,,台湾南投,4.1
1999-10-24 06:06:49,120.670000,23.420000,,台湾嘉义,4.1
1999-10-24 05:10:45,120.700000,23.400000,,台湾嘉义,4.7
1999-10-24 01:08:04,120.430000,23.570000,15.00,台湾嘉义县,5.0
1999-10-23 01:57:02,120.450000,23.550000,,台湾嘉义,4.6
1999-10-22 16:34:14,120.420000,23.620000,,台湾云林,4.6
1999-10-22 11:10:15,120.470000,23.530000,,台湾嘉义县,6.1
1999-10-22 10:27:27,120.430000,23.570000,,台湾云林,4.2
1999-10-22 10:18:55,120.470000,23.480000,15.00,台湾嘉义县,6.4
1999-10-22 04:51:50,122.550000,23.970000,,台湾花莲县海域,5.1
1999-10-21 11:34:18,122.300000,24.100000,,台湾花莲县海域,5.1
1999-10-19 01:55:34,120.850000,23.670000,,台湾南投,4.2
1999-10-19 00:00:42,121.000000,24.100000,15.00,台湾南投县,5.3
1999-10-18 23:31:32,121.300000,23.970000,15.00,台湾花莲县,5.1
1999-10-18 13:16:28,122.200000,24.130000,,台湾花莲东,4.0
1999-10-18 10:42:20,89.170000,41.820000,27.00,新疆吐鲁番,4.3
1999-10-16 20:31:58,121.400000,23.880000,,台湾花莲,4.1
1999-10-13 09:39:47,121.350000,23.980000,15.00,台湾花莲县,5.4
1999-10-09 11:58:10,120.970000,23.720000,,台湾南投,4.0
1999-10-08 00:34:09,121.050000,24.570000,,台湾苗栗,4.3
1999-10-06 11:45:28,121.020000,24.020000,,台湾南投,4.0
1999-10-05 20:18:16,121.020000,23.900000,15.00,台湾南投县,5.0
1999-10-04 20:26:15,120.920000,23.870000,,台湾南投,4.5
1999-10-04 07:43:12,120.970000,23.170000,,台湾台东,4.0
1999-10-03 01:14:19,122.400000,24.050000,15.00,台湾花莲县海域,5.1
1999-10-01 20:54:08,120.970000,23.700000,15.00,台湾南投县,5.5
1999-09-30 17:52:40,120.600000,23.350000,,台湾嘉义,4.1
1999-09-30 17:49:47,121.720000,24.750000,,台湾宜兰,4.8
1999-09-30 09:04:04,121.000000,24.300000,,台湾台中市,5.0
1999-09-30 09:04:04,121.020000,24.320000,,台湾台中,4.2
1999-09-28 23:43:36,121.130000,23.080000,,台湾台东,4.1
1999-09-28 13:53:49,120.550000,24.130000,,台湾台中市,5.3
1999-09-28 02:10:02,121.000000,23.600000,,台湾南投县,5.0
1999-09-27 19:55:05,121.370000,23.850000,,台湾花莲县,5.2
1999-09-27 19:49:10,101.470000,34.580000,,青海黄南州河南县,5.1
1999-09-27 15:28:19,121.170000,24.200000,,台湾南投县,5.0
1999-09-27 15:00:37,120.800000,23.700000,,台湾南投县,5.0
1999-09-27 12:11:40,121.020000,24.380000,,台湾苗栗县,5.0
1999-09-27 12:03:29,121.000000,23.800000,,台湾南投县,5.0
1999-09-26 16:38:43,120.880000,24.030000,,台湾南投,4.0
1999-09-26 07:52:46,121.300000,23.730000,,台湾花莲县,7.1
1999-09-26 05:54:07,120.830000,23.650000,,台湾南投,4.1
1999-09-26 04:51:51,121.100000,23.130000,,台湾台东,4.2
1999-09-25 16:43:30,120.950000,23.730000,,台湾南投县,5.4
1999-09-25 12:19:13,121.230000,24.270000,,台湾台中,4.2
1999-09-24 11:38:24,120.920000,24.250000,,台湾台中市,5.0
1999-09-24 05:39:01,121.370000,23.980000,,台湾花莲,4.2
1999-09-24 00:09:51,120.950000,24.400000,,台湾苗栗,4.0
1999-09-23 20:45:16,84.470000,42.400000,,新疆巴音郭楞州轮台县,5.1
1999-09-23 20:44:33,120.600000,24.000000,,台湾彰化县,5.2
1999-09-23 13:42:49,120.880000,24.080000,,台湾台中,4.1
1999-09-23 08:46:03,120.600000,24.000000,,台湾彰化县,5.0
1999-09-22 20:24:25,90.050000,38.580000,18.00,新疆若羌,4.1
1999-09-22 20:17:19,120.950000,23.820000,,台湾南投县,5.3
1999-09-22 10:19:29,120.900000,23.700000,,台湾南投县,5.1
1999-09-22 09:28:48,120.870000,23.870000,,台湾南投,4.0
1999-09-22 08:49:42,120.950000,23.850000,,台湾南投县,6.2
1999-09-22 08:25:44,120.980000,23.870000,,台湾南投,4.1
1999-09-22 08:14:39,121.020000,23.900000,,台湾南投县,6.7
1999-09-22 06:17:03,120.900000,23.700000,,台湾南投县,5.0
1999-09-22 02:18:37,120.900000,23.700000,,台湾南投县,5.1
1999-09-22 01:38:35,120.900000,23.700000,,台湾南投县,5.0
1999-09-21 23:28:09,120.880000,23.620000,,台湾南投,4.3
1999-09-21 22:40:04,120.820000,24.320000,,台湾台中,4.2
1999-09-21 19:07:40,120.850000,23.700000,,台湾南投,4.2
1999-09-21 16:03:17,120.580000,23.750000,,台湾云林,4.2
1999-09-21 15:46:05,121.150000,24.150000,,台湾台中,4.6
1999-09-21 15:06:01,121.430000,23.800000,,台湾花莲,4.6
1999-09-21 13:26:13,120.780000,23.780000,,台湾南投,4.1
1999-09-21 11:31:48,120.980000,24.100000,,台湾南投,4.3
1999-09-21 11:01:31,121.750000,24.230000,,台湾花莲,4.3
1999-09-21 10:34:37,120.820000,23.650000,,台湾南投,4.0
1999-09-21 10:24:45,120.970000,23.980000,,台湾南投,4.0
1999-09-21 09:37:08,120.700000,23.780000,,台湾南投,4.5
1999-09-21 08:45:40,120.930000,23.970000,,台湾南投,4.6
1999-09-21 07:46:06,120.830000,23.720000,,台湾南投,4.0
1999-09-21 07:18:11,121.050000,23.380000,,台湾玉里,4.7
1999-09-21 06:56:45,120.900000,23.980000,,台湾南投,4.0
1999-09-21 06:51:42,120.850000,24.030000,,台湾南投,4.0
1999-09-21 06:33:55,120.930000,24.200000,,台湾台中,4.0
1999-09-21 05:46:32,121.200000,23.350000,,台湾花莲县,7.0
1999-09-21 05:41:22,120.530000,23.650000,,台湾云林,4.5
1999-09-21 05:24:34,121.020000,24.030000,,台湾南投,4.1
1999-09-21 05:23:24,120.900000,23.670000,,台湾南投,4.6
1999-09-21 05:15:25,120.930000,23.850000,,台湾南投,4.2
1999-09-21 04:40:04,121.330000,23.980000,,台湾花莲,4.6
1999-09-21 04:21:59,120.970000,24.180000,,台湾台中,4.3
1999-09-21 04:08:10,120.970000,24.180000,,台湾台中,4.0
1999-09-21 03:43:02,121.020000,24.070000,,台湾南投,4.1
1999-09-21 02:57:05,120.750000,24.200000,,台湾台中,4.3
1999-09-21 02:53:30,121.020000,23.950000,,台湾南投,4.2
1999-09-21 02:47:44,120.920000,24.020000,,台湾南投,4.0
1999-09-21 02:32:55,120.970000,23.900000,,台湾南投,4.3
1999-09-21 02:28:03,120.970000,23.930000,,台湾南投,4.2
1999-09-21 02:25:44,120.970000,23.720000,,台湾南投,4.6
1999-09-21 02:16:17,121.080000,23.920000,,台湾南投县,6.7
1999-09-21 02:11:54,120.900000,23.700000,,台湾南投县,6.6
1999-09-21 02:03:40,120.980000,23.770000,,台湾南投县,6.8
1999-09-21 01:57:14,121.020000,23.930000,,台湾南投县,6.1
1999-09-21 01:47:14,120.820000,23.930000,,台湾南投县,7.6
1999-09-14 20:54:28,104.080000,31.600000,,四川德阳市绵竹市,5.0
1999-09-12 05:38:09,112.480000,40.300000,,内蒙古凉城,4.2
1999-09-10 22:18:20,121.850000,22.520000,,台湾台东县海域,5.2
1999-08-29 18:32:12,77.070000,39.630000,18.00,新疆伽师,4.2
1999-08-20 01:14:53,114.630000,23.750000,0.00,广东河源,4.6
1999-08-17 18:41:06,105.680000,29.400000,0.00,重庆荣昌,4.5
1999-08-16 22:01:59,87.270000,38.150000,21.00,新疆若羌,4.0
1999-08-14 02:36:20,128.620000,48.380000,0.00,黑龙江伊春,4.6
1999-08-05 20:07:08,119.300000,24.820000,11.00,福建惠安东南,4.3
1999-08-05 05:03:53,121.070000,22.900000,,台湾台东,4.2
1999-08-04 08:08:58,86.950000,37.880000,,新疆巴音郭楞州且末县,5.3
1999-08-04 03:55:30,86.950000,37.830000,9.00,新疆且末,4.2
1999-08-01 16:24:46,86.730000,28.430000,,西藏定日,4.8
1999-08-01 01:36:47,122.970000,23.270000,,台湾台东,4.2
1999-07-12 04:25:11,121.570000,24.600000,,台湾宜兰,4.1
1999-07-07 21:53:15,120.400000,23.800000,,台湾云林县,5.1
1999-07-06 13:08:51,80.120000,40.730000,21.00,新疆阿瓦提,4.3
1999-07-01 12:22:07,92.500000,32.700000,,西藏那曲市安多县,5.1
1999-06-17 23:08:35,81.770000,41.880000,,新疆阿克苏地区拜城县,5.0
1999-06-17 23:02:15,81.800000,41.870000,,新疆阿克苏地区拜城县,5.3
1999-06-10 15:18:00,121.530000,23.830000,,台湾花莲,4.3
1999-06-06 01:15:14,117.630000,21.370000,,南海海域,5.0
1999-06-04 00:11:00,122.300000,24.700000,,台湾宜兰县海域,5.2
1999-06-01 03:59:26,98.400000,29.000000,,西藏昌都市左贡县,5.0
1999-05-30 04:10:37,93.570000,32.850000,,青海玉树州杂多县,5.6
1999-05-29 14:03:00,77.820000,35.030000,,克什米尔,4.3
1999-05-18 11:43:22,121.300000,22.370000,,台湾台东东南,4.5
1999-05-16 17:55:33,77.520000,40.520000,15.00,新疆阿图什,4.1
1999-05-15 18:34:53,113.500000,39.520000,,山西浑源,4.1
1999-05-15 16:11:17,113.500000,39.520000,,山西浑源,4.1
1999-05-15 12:51:24,77.120000,39.700000,32.00,新疆伽师,4.2
1999-05-07 09:03:20,121.930000,24.820000,,台湾宜兰县海域,5.4
1999-04-17 15:20:58,75.930000,38.500000,122.00,新疆阿克陶,4.1
1999-04-15 14:29:05,104.980000,32.880000,8.00,甘肃文县,4.2
1999-04-10 15:52:24,121.680000,24.120000,,台湾花莲东北,4.2
1999-04-08 21:10:36,130.300000,43.400000,540.00,吉林延边州汪清县,7.0
1999-04-04 21:53:02,121.900000,25.600000,,台湾新北市海域,5.0
1999-04-04 12:58:59,122.100000,24.800000,,台湾宜兰县,5.0
1999-03-29 03:05:08,79.200000,30.400000,,印度,6.9
1999-03-25 16:33:20,77.300000,39.500000,,新疆喀什地区伽师县,5.2
1999-03-25 06:10:20,114.680000,23.730000,9.00,广东紫金,4.2
1999-03-24 04:15:24,128.300000,29.500000,,东海海域,6.0
1999-03-20 08:23:55,106.670000,39.820000,12.00,内蒙古阿拉善左旗,4.6
1999-03-18 04:00:47,105.550000,37.450000,13.00,宁夏中卫,4.6
1999-03-18 00:23:25,76.900000,39.570000,30.00,新疆伽师,4.6
1999-03-15 18:42:56,82.680000,41.800000,,新疆阿克苏地区拜城县,5.6
1999-03-11 21:18:02,114.380000,41.150000,15.00,河北张家口市张北县,5.6
1999-03-09 18:09:22,88.800000,35.800000,,西藏那曲市双湖县,5.3
1999-02-28 01:28:37,76.620000,41.370000,21.00,新疆阿合奇西北,4.0
1999-02-28 01:15:13,76.600000,41.330000,19.00,新疆阿合奇西北,4.6
1999-02-22 21:48:52,122.900000,23.800000,,先岛群岛海域,6.1
1999-02-22 18:50:29,77.800000,35.680000,,新疆叶城,4.1
1999-02-20 10:53:50,121.870000,22.170000,,台湾兰屿东北,4.2
1999-02-14 05:47:59,122.380000,24.000000,,台湾花莲,4.1
1999-02-09 16:28:16,118.970000,21.880000,,台湾海峡南部,4.7
1999-02-03 20:46:27,96.270000,28.880000,,西藏察隅,4.3
1999-01-30 11:51:08,88.900000,41.500000,,新疆吐鲁番市托克逊县,5.6
1999-01-29 13:44:22,115.750000,44.670000,,内蒙古锡林郭勒盟锡林浩特市,5.2
1999-01-26 03:50:00,91.880000,42.030000,19.00,新疆哈密,4.1
1999-01-26 01:49:27,77.250000,39.550000,23.00,新疆伽师,4.0
1999-01-26 01:46:43,77.280000,39.670000,20.00,新疆伽师,4.2
1999-01-22 08:59:59,80.950000,36.350000,18.00,新疆策勒,4.2
1999-01-21 14:58:12,76.170000,35.780000,,新疆塔什库尔干,4.0
1999-01-18 15:17:12,73.670000,39.430000,35.00,新疆阿克陶,4.0
1999-01-11 12:05:50,128.800000,39.020000,,东朝鲜湾,4.1
1999-01-06 03:08:37,92.130000,33.880000,,青海格尔木,4.0
1999-01-03 01:55:04,101.050000,27.200000,,云南丽江市宁蒗县,5.0
1998-12-24 03:23:36,76.980000,39.950000,18.00,新疆阿图什,4.6
1998-12-22 09:49:07,122.180000,24.320000,,台湾宜兰东南,4.0
1998-12-06 05:59:03,79.230000,41.400000,13.00,新疆乌什,4.2
1998-12-02 18:10:42,100.270000,25.530000,,云南大理,4.2
1998-12-01 18:36:45,77.230000,39.580000,19.00,新疆伽师,4.0
1998-12-01 15:37:54,104.080000,26.320000,,云南曲靖市宣威市,5.1
1998-11-25 10:37:43,89.570000,47.600000,21.00,新疆富蕴,4.8
1998-11-23 19:55:44,77.150000,39.530000,24.00,新疆伽师,4.0
1998-11-22 00:59:50,88.880000,49.130000,27.00,友谊峰东,4.9
1998-11-19 19:38:12,100.980000,27.230000,,云南丽江市宁蒗县,6.2
1998-11-19 19:31:13,101.020000,27.300000,,云南丽江市宁蒗县,5.0
1998-11-19 18:30:02,121.450000,23.970000,,台湾花莲,4.0
1998-11-18 06:27:32,120.900000,22.400000,33.00,台湾台东县,5.5
1998-11-11 22:33:26,73.470000,37.170000,27.00,帕米尔,4.0
1998-11-05 07:40:01,73.550000,39.480000,5.00,新疆乌孜别里山口西北,4.3
1998-11-03 15:06:37,121.020000,22.280000,,台湾台东西南,4.1
1998-11-01 00:09:02,77.270000,39.580000,19.00,新疆伽师,4.0
1998-10-27 04:01:39,101.020000,27.230000,,云南丽江市宁蒗县,5.2
1998-10-23 14:24:57,101.050000,27.220000,,云南宁蒗,4.2
1998-10-20 00:29:44,77.080000,39.550000,25.00,新疆伽师,4.0
1998-10-18 07:10:59,122.750000,24.600000,,台湾宜兰东南,4.0
1998-10-09 20:52:54,121.500000,22.350000,,台湾兰屿,4.5
1998-10-05 18:24:49,88.200000,30.400000,,西藏那曲市申扎县,5.2
1998-10-03 01:01:56,77.450000,39.680000,27.00,新疆喀什地区伽师县,5.2
1998-10-02 20:49:30,100.900000,27.200000,,云南丽江市宁蒗县,5.3
1998-09-30 10:29:56,88.500000,30.400000,33.00,西藏那曲市申扎县,5.5
1998-09-30 08:51:51,77.430000,39.650000,20.00,新疆伽师,4.0
1998-09-27 02:27:05,92.800000,27.700000,33.00,西藏山南市错那县,5.0
1998-09-24 11:43:07,73.980000,38.570000,40.00,新疆阿克陶,4.1
1998-09-18 11:53:11,78.470000,40.980000,17.00,新疆阿合奇,4.3
1998-09-18 10:51:27,78.430000,40.970000,,新疆阿合奇,4.3
1998-09-14 23:36:37,81.320000,41.100000,25.00,新疆阿克苏,4.0
1998-09-13 19:42:08,126.630000,36.170000,,黄海,4.0
1998-09-13 13:34:50,122.530000,24.130000,,台湾花莲东北,4.8
1998-09-07 18:52:10,125.270000,27.330000,,东海,4.6
1998-09-06 08:32:58,117.200000,13.800000,33.00,南海海域,5.1
1998-09-04 18:40:49,121.530000,24.000000,,台湾花莲,4.3
1998-09-04 02:15:56,87.600000,28.500000,33.00,西藏日喀则市定日县,6.2
1998-09-03 14:43:00,77.270000,39.670000,34.00,新疆喀什地区伽师县,5.1
1998-08-30 11:37:49,88.500000,30.400000,33.00,西藏那曲市申扎县,5.1
1998-08-29 06:01:56,88.500000,30.400000,33.00,西藏那曲市申扎县,5.2
1998-08-29 04:51:14,77.150000,39.670000,30.00,新疆伽师,4.2
1998-08-28 10:07:51,77.380000,39.700000,27.00,新疆伽师,4.0
1998-08-27 22:30:03,77.350000,39.700000,20.00,新疆伽师,4.1
1998-08-27 22:23:00,77.180000,39.700000,16.00,新疆伽师,4.2
1998-08-27 19:15:54,77.170000,39.650000,31.00,新疆伽师,4.3
1998-08-27 17:34:41,77.070000,39.530000,26.00,新疆伽师,4.1
1998-08-27 17:03:34,77.900000,39.900000,27.00,新疆喀什地区巴楚县,6.6
1998-08-27 17:01:18,77.270000,39.800000,26.00,新疆伽师,4.5
1998-08-27 16:38:55,77.300000,39.820000,28.00,新疆伽师,4.5
1998-08-26 07:23:37,88.100000,30.300000,33.00,西藏谢通门,4.0
1998-08-25 23:16:03,88.120000,29.950000,33.00,西藏谢通门,4.0
1998-08-25 15:59:01,88.150000,30.000000,33.00,西藏谢通门,4.0
1998-08-25 15:41:40,88.500000,30.400000,33.00,西藏那曲市申扎县,6.0
1998-08-21 14:37:06,77.720000,40.580000,20.00,新疆阿合奇,4.0
1998-08-18 12:10:22,90.970000,27.570000,,洛扎南,4.6
1998-08-17 01:54:16,120.830000,29.550000,10.00,浙江嵊县,4.0
1998-08-16 19:13:03,120.420000,23.220000,,台湾台南,4.2
1998-08-14 21:06:38,77.080000,40.280000,26.00,新疆阿图什,4.3
1998-08-13 18:21:53,114.580000,41.020000,,河北万全,4.2
1998-08-11 15:34:49,81.280000,41.130000,24.00,新疆阿克苏,4.3
1998-08-11 10:07:51,122.830000,24.920000,,台湾宜兰,4.6
1998-08-07 21:06:40,77.120000,39.650000,23.00,新疆伽师,4.0
1998-08-07 19:33:25,102.380000,25.880000,,云南禄劝,4.1
1998-08-05 23:56:42,77.070000,39.730000,19.00,新疆伽师,4.0
1998-08-05 21:46:32,81.280000,41.100000,24.00,新疆阿克苏,4.0
1998-08-03 23:15:22,77.100000,39.670000,20.00,新疆伽师,4.3
1998-08-02 13:48:39,77.120000,39.700000,22.00,新疆伽师,4.1
1998-08-02 12:40:41,77.500000,39.600000,22.00,新疆喀什地区伽师县,6.0
1998-08-02 05:56:37,81.320000,41.080000,21.00,新疆阿克苏,4.6
1998-07-31 12:31:06,95.250000,37.000000,,青海格尔木,4.8
1998-07-29 09:15:21,105.400000,36.780000,18.00,宁夏海原,4.9
1998-07-28 12:51:41,81.530000,41.730000,15.00,新疆阿克苏地区拜城县,5.5
1998-07-27 11:17:49,114.480000,41.170000,,河北张北,4.2
1998-07-27 09:16:56,114.450000,41.100000,,河北张北,4.6
1998-07-27 09:05:17,114.480000,41.200000,,河北张北,4.3
1998-07-21 22:40:45,87.500000,30.400000,16.00,西藏日喀则市谢通门县,5.2
1998-07-21 00:35:21,122.230000,24.070000,,台湾花莲,4.0
1998-07-20 09:31:19,88.030000,30.130000,33.00,西藏谢通门,4.1
1998-07-20 09:18:15,88.050000,30.200000,33.00,西藏谢通门,4.2
1998-07-20 09:07:56,88.200000,30.430000,33.00,西藏申扎,4.3
1998-07-20 09:05:58,87.700000,29.800000,33.00,西藏日喀则市昂仁县,6.1
1998-07-20 00:56:39,78.730000,34.980000,,新疆和田,4.3
1998-07-18 14:21:18,78.520000,35.650000,27.00,新疆皮山,4.5
1998-07-18 02:44:38,121.830000,24.050000,,台湾花莲,4.1
1998-07-17 14:33:52,102.380000,25.880000,,云南禄劝,4.5
1998-07-17 12:51:12,120.400000,23.700000,,台湾云林县,6.3
1998-07-11 19:04:41,110.630000,34.950000,22.00,山西永济,4.6
1998-07-01 10:43:33,76.950000,40.370000,20.00,新疆阿图什,4.0
1998-06-25 14:39:18,80.800000,41.100000,25.00,新疆阿克苏地区温宿县,5.2
1998-06-15 15:32:16,77.120000,39.670000,20.00,新疆伽师,4.2
1998-06-07 19:13:08,89.200000,30.400000,33.00,西藏那曲市申扎县,5.3
1998-06-07 08:05:29,77.850000,41.530000,21.00,新疆阿合奇西北,4.7
1998-06-06 19:06:27,89.500000,30.500000,33.00,西藏那曲市申扎县,5.1
1998-06-03 04:34:08,78.800000,37.650000,25.00,新疆皮山,4.0
1998-06-02 10:47:29,114.500000,41.050000,,河北张北,4.0
1998-06-02 09:32:04,114.400000,41.180000,,河北张北,4.3
1998-05-30 14:22:38,121.850000,24.420000,,台湾宜兰,4.1
1998-05-30 06:49:30,75.630000,41.400000,,新疆乌恰东北,4.5
1998-05-30 05:28:00,79.200000,37.800000,,新疆和田地区皮山县,5.5
1998-05-29 05:11:44,79.030000,37.570000,36.00,新疆和田地区皮山县,6.2
1998-05-18 15:31:53,77.620000,40.780000,22.00,新疆阿合奇,4.1
1998-05-15 23:40:38,88.300000,36.100000,,西藏那曲市双湖县,5.1
1998-05-13 00:53:52,88.400000,36.000000,,西藏那曲市双湖县,5.0
1998-05-10 04:53:39,121.680000,24.770000,,台湾宜兰,4.6
1998-05-02 13:37:42,122.130000,24.500000,,台湾宜兰东南,4.0
1998-04-22 02:16:21,118.630000,22.550000,,台湾海峡南部,4.2
1998-04-16 11:13:27,107.980000,25.120000,11.00,广西环江,4.9
1998-04-14 10:47:49,118.470000,39.680000,,河北滦县,4.6
1998-04-11 22:09:30,106.250000,37.270000,26.00,宁夏同心,4.1
1998-03-26 01:05:32,101.070000,32.130000,,四川壤塘,4.1
1998-03-26 00:36:39,101.070000,32.130000,,四川壤塘,4.2
1998-03-19 21:51:33,76.780000,40.120000,19.00,新疆克孜勒苏州阿图什市,6.0
1998-03-12 01:21:54,122.370000,22.350000,,台湾兰屿,4.2
1998-03-11 14:00:09,122.120000,22.400000,,台湾兰屿,4.2
1998-03-08 18:47:20,80.950000,44.920000,23.00,新疆温泉,4.0
1998-03-08 18:18:33,100.500000,25.770000,20.00,云南宾川,4.3
1998-03-06 18:51:09,73.330000,38.420000,128.00,帕米尔,4.8
1998-03-03 14:57:29,104.150000,32.750000,21.00,四川松潘,4.5
1998-02-24 14:45:31,121.450000,24.500000,,台湾宜兰,4.0
1998-02-10 20:11:25,123.670000,37.670000,,黄海,4.6
1998-01-29 16:43:31,123.530000,40.130000,16.00,辽宁岫岩,4.1
1998-01-23 16:18:49,77.950000,41.370000,30.00,新疆阿合奇,4.0
1998-01-21 14:11:52,97.880000,24.550000,,云南陇川,4.2
1998-01-21 07:29:44,120.750000,22.950000,,台湾高雄东北,4.1
1998-01-19 03:56:48,121.350000,22.570000,,台湾台东县海域,5.5
1998-01-18 10:14:06,77.970000,36.730000,38.00,新疆皮山,4.1
1998-01-18 04:07:26,114.370000,41.150000,,河北张北,4.1
1998-01-16 15:33:05,99.500000,22.880000,,云南西盟,4.3
1998-01-15 00:55:50,86.800000,35.700000,,西藏那曲市双湖县,5.1
1998-01-14 03:44:37,87.000000,35.500000,,西藏那曲市双湖县,5.6
1998-01-13 20:18:32,78.530000,35.170000,,新疆和田,4.3
1998-01-13 20:04:56,78.480000,35.130000,,新疆和田,4.3
1998-01-11 02:37:48,114.420000,41.080000,,河北张北,4.1
1998-01-10 13:03:59,114.500000,41.080000,,河北张北,4.1
1998-01-10 12:09:58,114.470000,41.100000,,河北张北,4.0
1998-01-10 11:50:39,114.300000,41.100000,10.00,河北张家口市尚义县,6.2
1998-01-05 09:36:42,108.950000,34.420000,14.00,陕西西安,4.8
1997-12-27 12:20:59,78.470000,42.220000,20.00,新疆乌什西北,4.2
1997-12-21 13:16:18,122.900000,24.000000,,台湾花莲东,4.0
1997-12-20 19:08:27,83.980000,42.950000,19.00,新疆和静,4.1
1997-12-18 09:51:54,87.800000,35.200000,,西藏那曲市双湖县,5.0
1997-12-17 18:09:52,98.820000,24.500000,,云南龙陵,4.2
1997-12-03 20:25:52,87.000000,35.300000,,西藏那曲市双湖县,5.3
1997-11-25 07:13:27,89.470000,49.070000,18.00,友谊峰东南,4.5
1997-11-24 01:23:46,122.800000,24.000000,,台湾花莲东,4.1
1997-11-22 19:27:43,78.480000,35.280000,,新疆和田,4.5
1997-11-21 00:17:20,88.000000,37.000000,,新疆巴音郭楞州若羌县,5.0
1997-11-20 05:58:29,86.800000,36.600000,,新疆巴音郭楞州且末县,5.0
1997-11-17 15:16:56,88.300000,36.500000,,新疆巴音郭楞州若羌县,5.3
1997-11-15 06:23:59,87.200000,35.800000,,西藏那曲市双湖县,5.3
1997-11-14 12:29:52,121.800000,24.700000,,台湾宜兰县,5.4
1997-11-14 06:35:19,86.600000,36.700000,,新疆巴音郭楞州且末县,5.5
1997-11-13 17:58:35,87.700000,36.100000,,西藏那曲市双湖县,5.0
1997-11-13 06:36:46,121.630000,24.300000,,台湾花莲,4.0
1997-11-12 08:09:36,121.130000,21.830000,,台湾兰屿西南,4.0
1997-11-12 06:22:43,86.500000,35.800000,,西藏那曲市双湖县,5.1
1997-11-10 07:17:36,85.500000,37.900000,,新疆巴音郭楞州且末县,5.1
1997-11-09 12:18:55,88.000000,35.700000,,西藏那曲市双湖县,5.1
1997-11-09 08:24:51,88.500000,33.700000,,西藏那曲市双湖县,5.6
1997-11-08 18:02:48,87.300000,35.200000,,西藏那曲市双湖县,7.5
1997-11-08 17:04:47,95.850000,28.770000,,西藏墨脱,4.1
1997-11-06 10:49:16,82.130000,47.830000,14.00,新疆塔城西北,4.0
1997-11-04 16:08:39,76.950000,39.470000,21.00,新疆伽师,4.3
1997-11-03 10:29:47,85.400000,29.000000,,西藏日喀则市吉隆县,5.6
1997-10-31 21:00:00,122.500000,24.500000,,台湾宜兰县海域,5.1
1997-10-30 10:02:44,89.400000,29.300000,,西藏日喀则市桑珠孜区,5.0
1997-10-26 11:35:50,107.370000,41.130000,12.00,内蒙古临河,4.2
1997-10-25 10:40:09,122.350000,24.220000,,台湾花莲东北,4.1
1997-10-24 17:30:41,101.650000,22.580000,,云南江城,4.0
1997-10-24 00:53:40,78.030000,36.600000,43.00,新疆皮山,4.2
1997-10-23 20:28:30,100.300000,26.880000,10.00,云南丽江市古城区,5.3
1997-10-23 02:44:28,77.080000,39.530000,19.00,新疆伽师,4.0
1997-10-23 00:10:30,101.280000,25.430000,,云南姚安,4.2
1997-10-22 19:16:28,121.250000,22.580000,,台湾东南,4.3
1997-10-21 14:32:33,107.370000,41.150000,18.00,内蒙古巴彦淖尔市临河区,5.0
1997-10-20 18:21:44,79.900000,44.820000,29.00,新疆温泉西,4.1
1997-10-18 01:35:09,77.000000,39.550000,27.00,新疆喀什地区伽师县,5.5
1997-10-16 04:30:51,81.030000,36.050000,10.00,新疆和田地区策勒县,5.1
1997-10-12 02:24:26,122.320000,24.930000,155.00,台湾宜兰县海域,5.2
1997-09-26 13:26:47,112.970000,23.270000,,广东三水,4.2
1997-09-18 22:31:35,86.280000,50.030000,,友宜峰西北,4.6
1997-09-18 14:31:55,121.200000,37.980000,14.00,黄海,4.3
1997-09-09 16:16:34,75.280000,39.920000,23.00,新疆乌恰,4.1
1997-08-31 05:59:46,113.530000,44.630000,3.00,内蒙古苏尼特左旗,4.1
1997-08-25 02:58:37,120.120000,21.820000,,台湾恒春西南,4.1
1997-08-24 20:17:40,120.170000,21.770000,,台湾恒春西南,4.0
1997-08-17 08:10:22,96.920000,30.330000,65.00,西藏八宿,4.3
1997-08-16 09:04:17,73.830000,39.620000,25.00,新疆乌孜别里山口,4.0
1997-08-13 22:30:09,79.670000,41.950000,26.00,新疆汗腾格里峰西南,4.1
1997-08-13 16:13:31,105.480000,29.500000,13.00,重庆荣昌区,5.2
1997-08-10 17:03:55,97.480000,30.530000,,西藏察雅,4.0
1997-08-09 12:48:01,97.000000,30.600000,,西藏昌都市八宿县,5.2
1997-07-28 02:31:58,122.170000,33.720000,,黄海海域,5.1
1997-07-19 03:39:23,91.800000,26.820000,47.00,不丹,4.6
1997-07-15 19:05:32,122.100000,24.200000,103.00,台湾花莲县海域,5.4
1997-07-15 12:39:25,95.330000,36.950000,,青海格尔木,4.3
1997-07-14 17:43:45,95.330000,36.950000,,青海格尔木,4.3
1997-07-14 03:39:19,95.320000,36.970000,,青海格尔木,4.0
1997-07-10 21:59:55,94.920000,29.820000,33.00,西藏林芝,4.8
1997-07-09 00:26:30,122.150000,24.000000,,台湾花莲,4.1
1997-07-05 14:22:54,86.870000,28.800000,33.00,西藏定日,4.3
1997-07-05 02:37:24,121.080000,22.770000,,台湾台东县,5.1
1997-06-28 22:47:43,103.650000,37.130000,7.00,甘肃天祝,4.2
1997-06-24 18:06:40,76.930000,39.530000,18.00,新疆伽师,4.0
1997-06-24 17:24:46,76.950000,39.570000,25.00,新疆喀什地区伽师县,5.1
1997-06-24 12:29:57,96.920000,30.430000,,西藏八宿,4.3
1997-06-24 10:57:24,97.120000,30.270000,,西藏八宿,4.2
1997-06-24 09:55:20,96.800000,30.270000,,西藏八宿,4.2
1997-06-22 17:36:05,121.230000,22.070000,,台湾兰屿,4.5
1997-06-18 10:03:32,121.420000,24.120000,,台湾花莲,4.2
1997-06-14 12:04:42,75.830000,36.450000,,克什米尔,4.3
1997-06-09 06:16:13,77.020000,39.620000,23.00,新疆伽师,4.0
1997-06-09 04:25:51,89.850000,39.350000,28.00,新疆若羌,4.0
1997-06-06 08:23:04,76.850000,39.450000,19.00,新疆伽师,4.0
1997-05-31 14:51:01,117.180000,25.580000,6.00,福建三明市永安市,5.2
1997-05-31 01:54:54,78.270000,37.480000,28.00,新疆和田地区皮山县,5.3
1997-05-27 09:56:24,86.180000,42.570000,14.00,新疆和静,4.2
1997-05-25 14:59:09,114.870000,40.700000,11.00,河北宣化,4.2
1997-05-22 23:26:48,90.100000,38.750000,,新疆若羌,4.1
1997-05-17 11:58:22,77.000000,39.570000,27.00,新疆喀什地区伽师县,5.4
1997-05-16 19:18:05,97.100000,30.500000,,西藏昌都市八宿县,5.3
1997-05-12 21:36:47,77.180000,39.530000,12.00,新疆伽师,4.0
1997-05-03 10:46:15,121.300000,22.580000,,台湾台东县海域,5.1
1997-04-28 07:59:35,121.500000,24.720000,,台湾宜兰,4.0
1997-04-22 19:43:50,105.070000,22.970000,,越南,4.1
1997-04-17 11:56:24,77.000000,39.550000,21.00,新疆伽师,4.5
1997-04-17 09:29:24,83.270000,47.650000,18.00,新疆塔城东北,4.1
1997-04-16 09:23:25,76.970000,39.600000,24.00,新疆伽师,4.5
1997-04-16 02:51:25,77.030000,39.630000,32.00,新疆伽师,4.1
1997-04-16 02:27:08,76.950000,39.670000,19.00,新疆伽师,4.0
1997-04-16 02:19:09,76.970000,39.680000,23.00,新疆喀什地区伽师县,6.3
1997-04-14 23:12:24,103.670000,25.770000,,云南曲靖,4.1
1997-04-14 06:14:38,97.420000,30.470000,33.00,西藏八宿,4.0
1997-04-14 01:45:14,121.420000,23.950000,,台湾花莲县,5.2
1997-04-13 05:14:36,76.980000,39.550000,23.00,新疆伽师,4.2
1997-04-13 05:09:09,76.900000,39.500000,17.00,新疆喀什地区伽师县,5.5
1997-04-11 20:32:17,77.050000,39.600000,19.00,新疆伽师,4.3
1997-04-11 19:25:33,77.020000,39.500000,19.00,新疆伽师,4.0
1997-04-11 17:12:48,76.980000,39.570000,18.00,新疆伽师,4.1
1997-04-11 17:05:15,76.970000,39.570000,21.00,新疆伽师,4.0
1997-04-11 16:16:27,76.920000,39.480000,21.00,新疆伽师,4.0
1997-04-11 13:48:16,77.050000,39.520000,10.00,新疆伽师,4.6
1997-04-11 13:34:43,76.970000,39.600000,29.00,新疆喀什地区伽师县,6.6
1997-04-11 12:29:10,76.970000,39.650000,19.00,新疆伽师,4.0
1997-04-11 11:33:46,77.000000,39.600000,18.00,新疆伽师,4.0
1997-04-10 11:01:48,76.950000,39.530000,23.00,新疆伽师,4.0
1997-04-10 10:58:34,77.000000,39.620000,18.00,新疆伽师,4.0
1997-04-09 12:02:42,76.970000,39.570000,17.00,新疆伽师,4.5
1997-04-08 11:34:18,77.030000,39.600000,21.00,新疆伽师,4.1
1997-04-08 09:29:04,76.930000,39.480000,20.00,新疆伽师,4.0
1997-04-08 05:22:53,76.970000,39.580000,24.00,新疆伽师,4.0
1997-04-07 16:28:26,76.930000,39.550000,19.00,新疆伽师,4.1
1997-04-07 12:43:22,77.070000,39.580000,15.00,新疆伽师,4.1
1997-04-06 23:14:08,76.970000,39.570000,24.00,新疆伽师,4.0
1997-04-06 20:58:16,77.050000,39.620000,22.00,新疆喀什地区伽师县,5.4
1997-04-06 19:01:56,76.950000,39.570000,29.00,新疆伽师,4.2
1997-04-06 14:57:57,76.980000,39.600000,18.00,新疆伽师,4.1
1997-04-06 12:43:45,77.150000,39.580000,20.00,新疆伽师,4.1
1997-04-06 12:36:32,77.030000,39.550000,26.00,新疆喀什地区伽师县,6.4
1997-04-06 10:20:26,76.980000,39.500000,19.00,新疆伽师,4.1
1997-04-06 08:06:29,76.970000,39.470000,18.00,新疆伽师,4.1
1997-04-06 07:46:16,77.030000,39.520000,17.00,新疆喀什地区伽师县,6.3
1997-04-03 02:42:05,76.950000,39.470000,22.00,新疆伽师,4.1
1997-04-01 03:30:56,121.200000,33.570000,,黄海,4.0
1997-04-01 03:12:48,77.020000,39.550000,23.00,新疆伽师,4.3
1997-03-28 01:48:37,78.580000,35.300000,,新疆和田,4.1
1997-03-25 07:32:20,121.380000,24.280000,,台湾花莲,4.0
1997-03-24 22:35:51,78.500000,35.480000,29.00,新疆和田,4.3
1997-03-22 05:04:49,85.000000,33.200000,,西藏阿里地区改则县,5.4
1997-03-11 17:46:32,96.020000,35.820000,,青海都兰,4.1
1997-03-10 15:33:40,122.000000,24.170000,,台湾花莲东北,4.2
1997-03-05 20:57:28,75.300000,39.420000,29.00,新疆乌恰,4.0
1997-03-05 17:35:04,75.700000,41.500000,,新疆乌恰东北,4.5
1997-03-03 09:39:45,120.000000,19.630000,,南海,4.2
1997-03-02 01:52:06,76.980000,39.600000,23.00,新疆伽师,4.1
1997-03-01 17:35:08,77.000000,39.600000,21.00,新疆伽师,4.0
1997-03-01 14:04:14,76.950000,39.570000,17.00,新疆喀什地区伽师县,6.0
1997-03-01 12:25:25,77.050000,39.650000,18.00,新疆伽师,4.0
1997-02-26 23:09:10,77.050000,39.580000,23.00,新疆伽师,4.0
1997-02-25 02:43:05,105.530000,29.400000,,重庆荣昌,4.3
1997-02-21 22:29:12,77.070000,39.670000,25.00,新疆喀什地区伽师县,5.0
1997-02-15 13:26:09,77.020000,39.720000,28.00,新疆伽师,4.1
1997-02-14 16:37:21,123.230000,32.030000,,黄海,4.0
1997-02-12 04:20:59,76.950000,39.620000,32.00,新疆喀什地区伽师县,5.3
1997-02-11 00:50:08,121.550000,24.220000,,台湾花莲,4.1
1997-02-10 12:55:34,118.970000,22.130000,,台湾海峡,4.1
1997-02-09 20:46:06,95.770000,36.070000,,青海都兰,4.5
1997-02-09 19:28:18,95.930000,36.000000,,青海海西州都兰县,5.4
1997-02-06 11:00:12,74.670000,38.400000,129.00,帕米尔,4.2
1997-02-02 21:13:10,98.550000,36.580000,,青海都兰,4.0
1997-01-31 05:57:41,76.970000,39.570000,30.00,新疆伽师,4.0
1997-01-30 17:59:02,101.400000,22.400000,5.00,云南西双版纳州景洪市,5.5
1997-01-29 16:20:16,76.900000,39.650000,23.00,新疆喀什地区伽师县,5.1
1997-01-25 11:09:15,75.450000,38.780000,31.00,新疆阿克陶,4.1
1997-01-25 10:38:53,101.080000,21.870000,,云南西双版纳州景洪市,5.1
1997-01-25 07:58:44,76.930000,39.680000,35.00,新疆伽师,4.3
1997-01-24 20:42:56,76.870000,39.530000,28.00,新疆伽师,4.2
1997-01-23 18:56:28,77.020000,39.780000,29.00,新疆伽师,4.2
1997-01-21 10:41:52,77.000000,39.850000,27.00,新疆伽师,4.1
1997-01-21 09:48:22,77.400000,39.600000,38.00,新疆喀什地区伽师县,6.3
1997-01-21 09:47:14,77.400000,39.600000,27.00,新疆喀什地区伽师县,6.4
1997-01-21 01:53:37,73.100000,38.070000,,帕米尔,4.1
1997-01-20 11:31:08,86.000000,34.700000,,西藏阿里地区改则县,5.0
1997-01-19 01:13:50,121.800000,24.800000,,台湾宜兰县,5.2
1997-01-16 09:07:17,121.320000,21.780000,,台湾屏东县海域,5.1
1997-01-15 03:17:50,78.750000,40.730000,14.00,新疆柯坪,4.1
1997-01-09 21:43:33,74.700000,41.200000,,吉尔吉斯斯坦,6.2
1997-01-06 22:03:48,97.930000,37.020000,,青海德令哈,4.9
1997-01-05 18:34:18,121.900000,24.900000,,台湾宜兰县海域,5.4
1996-12-29 05:08:05,122.380000,24.030000,,台湾花莲东,4.3
1996-12-26 05:52:17,122.070000,24.250000,,台湾花莲东北,4.2
1996-12-21 16:39:39,99.420000,30.600000,5.00,四川甘孜州巴塘县,5.5
1996-12-19 17:52:50,101.100000,36.330000,,青海贵德,4.5
1996-12-18 19:20:25,121.170000,22.950000,,台湾台东,4.2
1996-12-18 10:50:10,121.150000,22.870000,,台湾台东,4.0
1996-12-16 05:36:33,116.500000,40.170000,9.00,北京顺义,4.0
1996-12-15 02:33:59,77.570000,35.420000,,新疆喀喇昆仑山口,4.1
1996-12-06 21:16:04,78.150000,40.420000,32.00,新疆阿合奇,4.1
1996-12-05 08:51:15,78.580000,35.200000,,新疆和田,4.1
1996-12-04 12:08:08,78.170000,35.600000,,新疆皮山,4.0
1996-12-01 12:05:53,98.600000,22.450000,,云南孟连西南,4.2
1996-11-30 22:05:54,82.780000,45.320000,33.00,新疆托里,4.8
1996-11-28 19:48:58,78.070000,35.050000,,新疆和田,4.0
1996-11-26 16:22:23,121.800000,24.100000,,台湾花莲县海域,5.2
1996-11-23 13:07:22,76.580000,38.470000,24.00,新疆莎车,4.1
1996-11-23 09:59:41,76.680000,38.250000,,新疆喀什地区莎车县,5.0
1996-11-22 13:52:34,78.200000,35.170000,,新疆和田,4.3
1996-11-21 21:37:46,78.330000,35.180000,,新疆和田地区和田县,5.1
1996-11-21 02:09:18,96.580000,39.650000,21.00,甘肃肃北,4.5
1996-11-20 13:20:06,77.670000,35.250000,,新疆喀喇昆仑山口,4.0
1996-11-20 04:39:32,77.980000,35.080000,,新疆喀喇昆仑山口,4.1
1996-11-20 00:19:08,78.070000,35.270000,,新疆和田地区和田县,5.0
1996-11-19 22:56:34,78.020000,35.170000,,新疆喀喇昆仑山口,4.1
1996-11-19 21:19:46,77.920000,35.480000,,新疆皮山,4.2
1996-11-19 18:44:45,78.350000,35.430000,,新疆和田地区和田县,7.1
1996-11-17 07:49:10,127.420000,38.930000,,朝鲜,4.2
1996-11-16 14:41:58,103.630000,28.820000,16.00,四川马边,4.3
1996-11-14 09:39:15,121.870000,23.520000,,台湾花莲,4.3
1996-11-14 02:51:47,102.770000,22.470000,,云南绿春南,4.3
1996-11-09 21:56:06,123.100000,31.830000,7.00,东海海域,6.1
1996-11-09 11:40:23,99.130000,22.170000,,云南孟连南,4.3
1996-10-18 00:38:04,99.000000,21.970000,,云南孟连西南,4.9
1996-10-09 17:29:09,120.920000,23.570000,,台湾南投,4.1
1996-10-09 01:28:18,98.100000,34.700000,,青海果洛州玛多县,5.0
1996-10-05 17:00:12,100.570000,22.820000,,云南普洱,4.0
1996-09-25 20:41:47,99.000000,29.120000,,西藏盐井,4.1
1996-09-25 03:24:46,100.320000,27.200000,15.00,云南丽江市玉龙县,5.7
1996-09-19 01:06:32,99.220000,21.320000,,云南孟连南,4.1
1996-09-09 09:52:42,121.580000,24.370000,,台湾宜兰,4.0
1996-09-06 19:34:32,121.800000,21.600000,,台湾屏东县海域,5.5
1996-09-06 10:04:57,121.600000,21.400000,,台湾屏东县海域,5.3
1996-09-06 08:26:02,121.270000,21.670000,,台湾屏东县海域,5.0
1996-09-06 07:42:09,121.900000,21.500000,,巴坦群岛海域,7.1
1996-08-30 09:12:48,105.620000,42.630000,,乌拜尔哈西北,4.2
1996-08-22 15:56:31,94.050000,33.720000,,青海玉树州治多县,5.1
1996-08-18 13:31:55,79.150000,39.030000,18.00,新疆巴楚,4.1
1996-08-15 07:38:19,75.330000,37.620000,14.00,新疆塔什库尔干,4.0
1996-08-13 14:15:15,75.180000,39.470000,24.00,新疆乌恰,4.1
1996-08-12 07:50:38,106.320000,38.520000,19.00,宁夏银川,4.1
1996-08-09 20:05:41,80.730000,36.370000,14.00,新疆策勒,4.0
1996-07-31 16:02:51,88.550000,30.170000,,西藏那曲市申扎县,5.0
1996-07-31 16:00:25,88.520000,30.230000,,西藏那曲市申扎县,5.7
1996-07-30 04:20:56,121.820000,24.520000,,台湾宜兰县,5.3
1996-07-27 08:26:36,122.050000,24.270000,,台湾花莲,4.2
1996-07-25 05:44:10,98.980000,25.930000,15.00,云南泸水,4.3
1996-07-18 18:25:00,88.530000,30.200000,,西藏申扎,4.3
1996-07-17 18:35:10,120.420000,42.070000,,内蒙古敖汉旗,4.6
1996-07-17 17:26:55,122.430000,23.880000,,台湾花莲,4.1
1996-07-15 13:27:57,99.050000,22.050000,,云南孟连西南,4.3
1996-07-08 00:03:18,93.980000,38.630000,,青海海西州,4.2
1996-07-05 02:11:02,88.470000,30.200000,,西藏申扎,4.6
1996-07-03 18:10:33,88.530000,30.200000,,西藏申扎,4.9
1996-07-03 14:44:44,87.800000,29.700000,,西藏日喀则市谢通门县,6.0
1996-07-02 15:05:02,100.100000,26.930000,10.00,云南丽江市玉龙县,5.2
1996-06-27 13:40:09,73.530000,38.250000,128.00,帕米尔,4.1
1996-06-13 08:14:37,77.130000,37.080000,,新疆叶城,4.2
1996-06-10 07:25:22,91.170000,28.330000,,西藏措美,4.5
1996-06-09 09:30:25,121.270000,24.150000,,台湾投,4.0
1996-06-04 03:39:30,92.330000,39.230000,,新疆若羌,4.0
1996-06-01 20:49:13,102.750000,37.280000,5.00,甘肃武威市天祝县,5.4
1996-05-30 18:00:16,96.030000,45.170000,,新疆巴里坤东北,4.6
1996-05-29 13:06:51,98.830000,21.780000,,云南孟连西南,4.6
1996-05-29 05:53:22,121.420000,24.130000,,台湾花莲,4.2
1996-05-21 08:35:41,92.080000,29.530000,,西藏桑日,4.1
1996-05-15 03:05:30,92.330000,26.870000,,西藏错那,4.7
1996-05-11 11:58:49,88.580000,30.080000,,西藏谢通门,4.5
1996-05-10 17:12:43,109.600000,40.730000,11.00,内蒙古包头,4.3
1996-05-10 17:06:58,88.100000,29.700000,,西藏日喀则市谢通门县,5.1
1996-05-08 10:03:56,109.520000,40.750000,10.00,内蒙古乌拉特前旗,4.0
1996-05-08 09:00:11,99.250000,25.020000,5.00,云南保山,4.0
1996-05-05 05:34:29,109.620000,40.620000,18.00,内蒙古包头,4.3
1996-05-04 15:01:27,112.650000,44.420000,7.00,内蒙古苏尼特左旗,4.3
1996-05-03 14:04:41,109.680000,40.770000,10.00,内蒙古乌拉特前旗,4.5
1996-05-03 11:39:32,109.680000,40.780000,,内蒙古乌拉特前旗,4.0
1996-05-03 11:32:43,109.680000,40.780000,20.00,内蒙古包头市九原区,6.4
1996-04-08 00:55:34,120.730000,23.350000,,台湾嘉义,4.2
1996-03-29 11:28:55,122.070000,24.120000,,台湾花莲县海域,5.9
1996-03-29 01:53:22,121.900000,24.130000,,台湾花莲县海域,5.0
1996-03-22 16:26:36,76.770000,40.170000,28.00,新疆克孜勒苏州阿图什市,5.3
1996-03-20 10:11:23,87.700000,42.180000,30.00,新疆和硕,4.3
1996-03-20 08:14:51,76.780000,40.100000,40.00,新疆阿图什,4.1
1996-03-19 23:12:30,76.680000,40.130000,51.00,新疆阿图什,4.2
1996-03-19 23:00:25,76.630000,40.130000,28.00,新疆克孜勒苏州阿图什市,6.9
1996-03-19 15:33:28,122.050000,24.050000,,台湾花莲县海域,5.2
1996-03-19 15:25:05,122.150000,24.050000,,台湾花莲县海域,5.1
1996-03-13 02:43:44,88.000000,48.800000,30.00,新疆阿勒泰地区布尔津县,6.1
1996-03-06 05:18:15,121.200000,23.070000,,台湾台东,4.0
1996-03-06 01:32:05,122.300000,24.000000,,台湾花莲县海域,6.2
1996-03-05 22:52:25,122.000000,24.700000,,台湾宜兰县海域,6.8
1996-03-03 07:51:06,99.050000,22.030000,,云南孟连西南,4.0
1996-02-28 19:21:59,104.800000,29.100000,,四川自贡市富顺县,5.4
1996-02-28 18:20:07,78.850000,35.980000,47.00,新疆和田,4.6
1996-02-26 06:00:18,109.300000,20.250000,8.00,南海,4.1
1996-02-07 15:19:44,100.200000,27.100000,33.00,云南丽江市玉龙县,5.1
1996-02-07 13:08:02,102.780000,42.020000,4.00,内蒙古额济纳旗,4.3
1996-02-07 04:08:58,100.300000,27.200000,33.00,云南丽江市玉龙县,5.3
1996-02-06 15:36:14,100.400000,27.100000,33.00,云南丽江市古城区,5.6
1996-02-05 00:58:10,100.300000,27.000000,33.00,云南丽江市古城区,6.0
1996-02-03 19:14:18,100.220000,27.300000,10.00,云南丽江市玉龙县,7.0
1996-02-03 07:00:00,103.280000,22.220000,,广西金平南,4.0
1996-02-03 00:53:30,122.150000,24.030000,,台湾花莲,4.1
1996-01-26 16:57:39,77.970000,36.500000,52.00,新疆皮山,4.1
1996-01-26 10:21:11,91.420000,30.720000,,西藏当雄,4.5
1996-01-23 03:22:57,121.430000,25.000000,,台湾台北,4.0
1996-01-09 14:27:52,85.580000,43.800000,24.00,新疆塔城地区沙湾市,5.2
1996-01-08 21:04:44,122.170000,24.020000,,台湾花莲,4.0
1996-01-04 11:49:25,104.630000,38.780000,,内蒙古阿拉善左旗,4.9
1995-12-28 08:31:48,83.900000,42.400000,28.00,新疆库车,4.0
1995-12-26 11:31:08,105.520000,29.400000,,重庆荣昌,4.5
1995-12-26 03:05:29,121.300000,22.780000,,台湾台东县海域,5.4
1995-12-24 17:38:54,78.000000,37.700000,28.00,新疆皮山,4.1
1995-12-24 17:36:08,78.300000,37.900000,21.00,新疆和田地区皮山县,5.3
1995-12-22 00:37:52,120.480000,45.180000,6.00,内蒙古扎鲁特旗,4.0
1995-12-21 07:56:35,121.450000,24.130000,,台湾花莲,4.1
1995-12-20 18:07:59,97.420000,34.620000,,青海果洛州玛多县,5.5
1995-12-19 15:45:19,73.380000,38.100000,,帕米尔,4.2
1995-12-19 00:17:55,121.500000,24.150000,,台湾花莲县,5.4
1995-12-18 12:57:05,97.350000,34.480000,,青海果洛州玛多县,6.2
1995-12-01 11:17:04,121.380000,24.670000,,台湾桃园市,5.4
1995-11-24 16:10:51,118.520000,22.380000,,台湾海峡,4.3
1995-11-17 09:32:00,80.820000,36.270000,31.00,新疆策勒,4.1
1995-11-15 04:40:45,80.920000,36.020000,23.00,新疆策勒,4.2
1995-11-13 14:33:20,113.200000,39.370000,33.00,山西应县,4.0
1995-11-13 13:16:23,80.980000,36.020000,20.00,新疆策勒,4.3
1995-11-12 13:43:18,116.050000,23.870000,9.00,广东兴宁,4.2
1995-11-11 05:07:47,121.570000,22.480000,,台湾绿岛,4.3
1995-11-06 01:14:55,91.770000,33.270000,,青海海西州格尔木市,5.2
1995-11-03 19:09:55,73.750000,40.400000,22.00,新疆乌恰西北,4.3
1995-11-01 20:29:28,80.280000,42.980000,33.00,新疆伊犁州昭苏县,5.2
1995-11-01 16:10:05,102.200000,25.700000,,云南楚雄州武定县,5.1
1995-11-01 06:27:03,120.200000,23.600000,,台湾云林县,5.0
1995-10-27 16:52:34,91.950000,37.180000,,青海海西州,4.2
1995-10-25 20:45:56,82.430000,43.620000,40.00,新疆巩留,4.0
1995-10-25 11:16:00,102.200000,25.900000,,云南楚雄州武定县,5.0
1995-10-25 10:42:00,102.200000,25.900000,,云南楚雄州武定县,5.0
1995-10-25 06:32:53,102.200000,25.900000,,云南楚雄州武定县,5.0
1995-10-25 01:43:26,102.320000,25.890000,10.00,云南楚雄州武定县,5.1
1995-10-24 06:46:52,102.320000,25.830000,15.00,云南楚雄州武定县,6.5
1995-10-06 22:26:04,93.420000,33.270000,,青海杂多,4.3
1995-10-06 06:26:54,118.330000,39.670000,5.00,河北唐山市开平区,5.0
1995-10-05 00:35:54,78.080000,35.930000,29.00,新疆皮山,4.6
1995-10-04 13:01:43,122.400000,24.880000,,台湾宜兰,4.1
1995-10-03 22:23:00,84.700000,43.970000,38.00,新疆乌苏,4.2
1995-09-29 01:57:57,120.820000,23.080000,,台湾高雄,4.0
1995-09-28 16:32:31,80.280000,44.600000,25.00,新疆温泉西南,4.5
1995-09-26 12:39:02,81.570000,41.770000,23.00,新疆阿克苏地区拜城县,5.2
1995-09-26 03:52:36,80.320000,42.070000,28.00,新疆温宿,4.3
1995-09-20 11:14:31,118.100000,34.970000,12.00,山东临沂市兰陵县,5.2
1995-09-19 09:26:15,93.070000,33.000000,,青海玉树州杂多县,5.4
1995-08-28 19:46:01,88.480000,38.550000,,新疆若羌,4.1
1995-08-15 22:53:58,122.280000,24.100000,,台湾花莲,4.1
1995-07-25 23:41:28,105.870000,23.220000,18.00,广西那坡,4.2
1995-07-25 23:41:15,106.350000,22.700000,,云南靖西南,4.6
1995-07-24 18:02:38,124.170000,38.000000,,黄海,4.2
1995-07-24 15:02:30,121.820000,24.470000,,台湾宜兰,4.0
1995-07-22 06:44:04,103.250000,36.370000,8.00,甘肃兰州市永登县,5.8
1995-07-15 01:40:49,121.780000,24.350000,,台湾宜兰,4.3
1995-07-15 00:52:46,121.870000,24.330000,,台湾宜兰县海域,5.7
1995-07-12 06:37:07,98.980000,22.020000,,云南普洱市孟连县,5.0
1995-07-12 05:57:11,99.070000,21.980000,,云南普洱市孟连县,5.0
1995-07-12 05:54:28,99.070000,21.980000,,云南普洱市孟连县,5.1
1995-07-12 05:46:41,99.070000,21.980000,,云南普洱市孟连县,7.3
1995-07-11 06:43:17,99.100000,22.130000,,云南普洱市孟连县,5.3
1995-07-10 05:29:15,99.050000,22.000000,,云南普洱市孟连县,5.1
1995-07-10 04:31:32,99.050000,22.120000,,云南普洱市孟连县,6.2
1995-07-09 23:56:28,99.900000,36.400000,14.00,青海海南州共和县,5.3
1995-07-07 11:04:43,121.300000,23.870000,,台湾花莲县,5.1
1995-07-06 01:33:42,122.520000,24.820000,,台湾宜兰,4.1
1995-07-04 07:40:05,99.070000,22.330000,,云南孟连西南,4.1
1995-06-30 07:03:03,99.050000,22.050000,10.00,云南普洱市孟连县,5.5
1995-06-29 05:46:50,87.530000,31.170000,,西藏尼玛,4.6
1995-06-28 22:14:51,121.320000,22.120000,,台湾恒春,4.3
1995-06-25 14:59:05,121.480000,24.650000,,台湾宜兰县,6.2
1995-06-12 22:47:54,95.050000,39.250000,,甘肃肃北,4.0
1995-06-07 07:21:24,121.230000,23.070000,,台湾台东,4.5
1995-06-05 08:17:00,108.600000,18.700000,,海南东方,4.8
1995-06-03 02:49:12,99.030000,21.980000,,云南孟连西南,4.1
1995-05-29 05:46:51,85.450000,47.770000,25.00,新疆布尔津西,4.8
1995-05-28 18:16:35,121.220000,23.000000,,台湾台东,4.0
1995-05-28 02:34:28,121.280000,22.970000,,台湾台东,4.2
1995-05-28 02:11:11,121.280000,22.970000,,台湾台东县,5.9
1995-05-19 19:45:37,92.720000,41.570000,8.00,新疆哈密,4.1
1995-05-16 02:58:37,122.030000,24.730000,,台湾宜兰,4.3
1995-05-15 06:33:45,77.720000,40.220000,22.00,新疆克孜勒苏州阿图什市,5.3
1995-05-13 05:04:47,80.870000,36.050000,5.00,新疆策勒,4.1
1995-05-12 11:43:46,100.420000,23.670000,,云南景谷,4.9
1995-05-12 01:46:39,82.070000,41.680000,38.00,新疆拜城,4.7
1995-05-09 09:03:51,121.330000,23.070000,,台湾台东,4.2
1995-05-07 15:16:06,109.400000,20.350000,9.00,海南临高县海域,5.1
1995-05-03 06:48:23,121.300000,24.400000,,台湾台中市,5.0
1995-05-02 19:48:09,84.730000,43.780000,42.00,新疆塔城地区乌苏市,5.8
1995-05-02 14:17:20,121.750000,23.970000,,台湾花莲,4.1
1995-05-01 22:50:44,121.750000,23.970000,,台湾花莲,4.5
1995-04-27 06:46:26,105.680000,37.300000,15.00,宁夏中宁,4.2
1995-04-26 11:46:29,103.650000,28.980000,,四川乐山市马边县,5.1
1995-04-25 16:29:03,120.280000,22.780000,,台湾高雄市,5.0
1995-04-25 00:13:08,103.100000,22.800000,,云南红河州金平县,5.6
1995-04-24 18:04:01,121.300000,24.750000,,台湾桃园,4.1
1995-04-16 05:07:40,109.380000,20.380000,,南海,4.8
1995-04-15 09:26:01,122.430000,40.800000,7.00,辽宁营口,4.6
1995-04-15 03:53:37,115.600000,29.600000,,江西瑞昌,4.5
1995-04-10 17:51:12,120.820000,21.770000,,台湾恒春,4.0
1995-04-09 12:44:50,120.700000,22.200000,,台湾屏东县,5.2
1995-04-04 06:33:26,122.130000,23.970000,,台湾花莲县海域,5.0
1995-04-03 19:54:41,122.000000,24.500000,,台湾宜兰县海域,6.0
1995-03-30 18:56:43,121.850000,24.470000,,台湾宜兰,4.0
1995-03-29 23:52:35,79.250000,41.920000,21.00,新疆乌什北,4.0
1995-03-26 18:27:46,100.450000,23.750000,15.00,云南景谷,4.1
1995-03-26 11:23:51,112.500000,20.880000,,南海,4.6
1995-03-24 12:13:52,121.520000,24.630000,,台湾宜兰县,5.1
1995-03-23 14:14:44,109.430000,20.330000,,海南临高县海域,5.1
1995-03-22 11:30:20,121.530000,23.800000,,台湾花莲,4.1
1995-03-19 02:02:37,87.200000,42.530000,32.00,新疆巴音郭楞州和硕县,5.0
1995-03-15 10:31:20,118.500000,14.400000,,南海海域,5.4
1995-03-14 21:41:27,99.600000,26.030000,5.00,云南洱源,4.2
1995-03-13 09:58:22,106.980000,40.530000,,内蒙古磴口,4.1
1995-03-05 14:59:57,100.050000,24.700000,5.00,云南凤庆,4.3
1995-02-26 16:08:21,120.700000,23.300000,,台湾嘉义县,5.0
1995-02-25 17:42:23,77.430000,40.270000,24.00,新疆阿图什,4.5
1995-02-25 11:15:08,118.700000,24.370000,10.00,福建泉州市晋江市海域,5.3
1995-02-23 16:39:07,121.700000,24.320000,,台湾花莲,4.2
1995-02-23 13:19:02,121.900000,24.200000,,台湾花莲县海域,6.6
1995-02-18 08:14:41,99.680000,22.980000,,云南普洱市澜沧县,5.1
1995-02-18 04:26:06,118.570000,22.600000,,台湾海峡,5.2
1995-02-17 10:44:29,93.100000,28.600000,,西藏山南市隆子县,5.4
1995-02-14 04:03:05,122.070000,24.270000,,台湾,4.1
1995-02-12 18:56:59,92.650000,33.470000,,青海海西州格尔木市,5.2
1995-01-27 08:52:09,99.170000,36.930000,8.00,青海乌兰,4.0
1995-01-26 19:36:52,77.270000,39.900000,35.00,新疆阿图什,4.1
1995-01-25 12:55:32,100.130000,21.300000,,云南勐海西南,4.2
1995-01-11 05:41:06,109.450000,20.400000,5.00,南海,4.0
1995-01-10 18:09:47,109.350000,20.480000,11.00,广东湛江市徐闻县海域,6.2
1995-01-10 15:55:22,121.900000,23.400000,,台湾台东县海域,5.3
1995-01-04 14:55:02,109.530000,20.370000,9.00,南海,4.1
1994-12-31 10:57:16,109.350000,20.430000,7.00,广东湛江市雷州市海域,6.1
1994-12-30 02:58:27,103.650000,29.020000,13.00,四川乐山市沐川县,5.7
1994-12-30 00:01:15,80.680000,35.850000,30.00,新疆策勒,4.3
1994-12-28 11:56:24,91.000000,36.700000,,青海海西州格尔木市,5.1
1994-12-22 12:11:04,118.550000,22.550000,,台湾海峡,5.3
1994-12-21 19:22:12,118.500000,22.450000,,台湾海峡,5.5
1994-12-19 10:24:15,79.500000,39.600000,19.00,新疆巴楚,4.6
1994-12-16 20:45:25,75.570000,39.330000,40.00,新疆疏附,4.3
1994-12-13 08:50:55,122.800000,24.100000,,先岛群岛海域,5.0
1994-12-09 03:34:33,77.900000,40.080000,39.00,新疆巴楚,4.0
1994-11-28 11:59:52,89.130000,37.680000,19.00,新疆巴音郭楞州若羌县,5.2
1994-11-26 19:17:31,122.000000,24.400000,,台湾宜兰县海域,5.3
1994-11-24 02:37:53,99.120000,36.270000,,青海共和,4.9
1994-11-20 07:10:41,121.700000,22.500000,,台湾台东,4.0
1994-11-19 06:05:36,121.170000,22.880000,,台湾台东,4.1
1994-11-16 07:59:57,118.600000,23.200000,,台湾海峡,5.6
1994-11-16 04:47:41,79.450000,36.750000,114.00,新疆和田,4.2
1994-11-15 06:25:24,122.280000,24.030000,,台湾花莲,4.1
1994-11-14 00:50:13,118.670000,22.570000,,台湾海峡,4.2
1994-11-10 15:07:43,118.770000,22.530000,,台湾海峡,5.5
1994-11-08 13:31:20,87.220000,43.270000,22.00,新疆乌鲁木齐,4.2
1994-11-08 06:47:53,121.500000,35.230000,,黄海,4.1
1994-11-08 06:40:50,100.380000,23.680000,,云南景谷,4.7
1994-11-05 17:37:04,100.030000,24.730000,,云南凤庆,4.1
1994-11-05 05:01:40,118.830000,22.370000,,台湾海峡,4.2
1994-10-30 04:00:58,121.450000,24.030000,,台湾花莲,4.0
1994-10-29 07:51:10,122.150000,24.780000,,台湾宜兰县海域,6.1
1994-10-27 02:02:35,118.850000,22.600000,,台湾海峡,4.5
1994-10-25 15:29:03,92.270000,27.030000,,西藏错那,4.6
1994-10-24 05:35:54,121.520000,21.600000,,台湾兰屿,4.3
1994-10-22 17:35:17,81.050000,36.000000,23.00,新疆策勒,4.8
1994-10-22 17:11:06,120.370000,41.700000,20.00,辽宁朝阳,4.5
1994-10-21 04:26:17,121.620000,22.520000,,台湾台东,4.0
1994-10-21 03:40:21,80.980000,36.280000,19.00,新疆策勒,4.1
1994-10-20 13:13:05,118.480000,22.470000,,台湾海峡,4.0
1994-10-20 01:55:24,118.630000,22.500000,,台湾海峡,5.3
1994-10-18 08:59:54,80.020000,40.750000,12.00,新疆阿克苏,4.0
1994-10-14 18:16:12,122.600000,22.000000,,台湾兰屿东,4.9
1994-10-12 04:45:11,100.270000,35.980000,,青海共和,4.8
1994-10-11 13:32:45,92.070000,30.200000,,西藏墨竹工卡,4.3
1994-10-10 22:07:57,100.200000,36.100000,22.00,青海海南州共和县,5.3
1994-10-09 15:41:53,121.920000,24.420000,,台湾海峡,4.2
1994-10-06 02:05:10,118.800000,22.500000,,台湾海峡,4.3
1994-10-05 09:13:23,121.600000,23.400000,,台湾台东县海域,5.9
1994-10-03 08:13:11,118.550000,22.480000,,台湾海峡,4.3
1994-10-03 00:20:21,74.320000,38.720000,56.00,新疆克孜勒苏州阿克陶县,5.1
1994-09-29 04:36:21,118.870000,22.420000,,台湾海峡,4.1
1994-09-27 08:20:48,118.830000,22.550000,,台湾海峡,4.6
1994-09-25 23:44:56,118.830000,22.550000,,台湾海峡,4.3
1994-09-24 03:15:43,100.150000,36.070000,7.00,青海海南州共和县,5.5
1994-09-24 01:46:44,98.820000,22.400000,,云南孟连西,4.7
1994-09-21 03:47:57,120.930000,23.020000,,台湾台东,4.5
1994-09-21 03:39:03,121.600000,23.000000,,台湾台东县海域,5.2
1994-09-20 19:21:07,118.780000,22.680000,,台湾海峡,5.1
1994-09-19 23:28:36,100.320000,23.600000,,云南普洱市景谷县,5.2
1994-09-18 16:07:36,118.670000,22.630000,,台湾海峡,4.5
1994-09-18 03:58:07,118.650000,22.580000,,台湾海峡,4.2
1994-09-16 17:16:20,118.680000,22.550000,,台湾海峡,4.0
1994-09-16 15:36:21,118.570000,22.520000,,台湾海峡,5.1
1994-09-16 15:02:37,118.680000,22.670000,,台湾海峡,4.2
1994-09-16 14:30:37,118.530000,22.580000,,台湾海峡,4.2
1994-09-16 14:20:20,118.750000,22.670000,,台湾海峡,7.3
1994-09-15 15:07:08,121.900000,23.780000,,台湾花莲,4.5
1994-09-12 15:23:00,122.000000,40.120000,24.00,辽宁盖县,4.2
1994-09-11 09:28:24,122.130000,24.330000,,台湾花莲,4.1
1994-09-08 17:32:57,79.330000,41.800000,,新疆乌什,4.0
1994-09-07 21:56:22,90.250000,38.580000,29.00,新疆巴音郭楞州若羌县,5.4
1994-09-07 11:52:38,121.250000,29.820000,15.00,浙江鄞县,4.2
1994-09-04 22:50:38,100.270000,36.080000,10.00,青海海南州共和县,5.2
1994-09-03 06:04:44,75.030000,39.530000,35.00,新疆乌恰,4.1
1994-09-02 18:10:00,80.020000,36.280000,40.00,新疆和田,4.1
1994-08-31 06:19:21,84.300000,37.750000,5.00,新疆且末,4.0
1994-08-27 15:41:41,98.450000,38.430000,6.00,青海天峻,4.0
1994-08-25 05:08:53,92.800000,33.600000,,青海海西州格尔木市,5.2
1994-08-23 22:18:29,78.880000,40.200000,20.00,新疆喀什地区巴楚县,5.2
1994-08-18 22:31:47,77.350000,37.880000,42.00,新疆叶城,4.1
1994-08-18 04:24:15,93.720000,44.970000,2.00,新疆巴里坤东北,4.3
1994-08-14 15:38:26,89.400000,35.200000,,西藏那曲市安多县,5.5
1994-07-27 18:38:27,121.470000,24.180000,,台湾花莲,4.2
1994-07-26 01:41:47,124.380000,35.030000,,黄海海域,5.3
1994-07-24 04:58:01,87.000000,31.300000,,西藏那曲市尼玛县,5.7
1994-07-15 20:58:18,80.000000,35.870000,30.00,新疆和田,4.1
1994-07-05 19:59:11,100.400000,23.580000,,云南景谷,4.3
1994-07-05 19:35:43,100.380000,23.570000,,云南景谷,4.0
1994-07-01 07:45:18,121.630000,24.000000,,台湾花莲,4.2
1994-06-30 08:48:40,93.600000,32.400000,,西藏那曲市巴青县,5.0
1994-06-30 02:22:36,93.450000,32.650000,10.00,青海玉树州杂多县,6.3
1994-06-26 19:26:31,81.270000,41.720000,19.00,新疆拜城,4.0
1994-06-20 23:37:08,121.330000,23.130000,,台湾台东,4.1
1994-06-20 17:40:34,101.630000,37.670000,,甘肃肃南,4.3
1994-06-18 05:36:08,121.750000,24.500000,,台湾宜兰,4.0
1994-06-17 19:18:19,121.330000,24.030000,,台湾花莲,4.0
1994-06-09 22:17:11,121.250000,23.430000,,台湾花莲,4.2
1994-06-06 19:17:00,78.200000,36.180000,,新疆皮山,4.3
1994-06-06 16:57:26,121.870000,24.580000,,台湾宜兰,4.6
1994-06-05 21:04:26,121.800000,24.500000,,台湾宜兰,4.0
1994-06-05 13:51:45,121.730000,24.530000,,台湾宜兰,4.2
1994-06-05 12:59:39,121.900000,24.530000,,台湾宜兰,4.5
1994-06-05 10:39:56,121.720000,24.520000,,台湾宜兰,4.0
1994-06-05 09:09:29,121.850000,24.530000,,台湾宜兰县,7.0
1994-06-05 03:36:07,129.820000,48.780000,5.00,黑龙江嘉荫,4.3
1994-06-02 12:39:39,120.680000,21.180000,,台湾屏东县海域,5.1
1994-05-28 10:41:29,122.320000,23.930000,,台湾花莲,4.2
1994-05-28 06:04:36,122.430000,24.830000,,台湾宜兰,4.0
1994-05-26 12:31:49,122.250000,23.850000,,台湾花莲,4.2
1994-05-24 19:17:38,117.180000,25.580000,13.00,福建永安,4.3
1994-05-24 14:45:54,122.180000,23.920000,,台湾花莲县海域,5.1
1994-05-24 13:48:13,122.300000,23.920000,,台湾花莲县海域,5.7
1994-05-24 12:35:43,122.320000,24.000000,,台湾花莲县海域,5.1
1994-05-24 12:10:22,122.250000,23.950000,,台湾花莲,4.2
1994-05-24 12:00:44,122.270000,23.970000,,台湾花莲县海域,7.0
1994-05-23 23:17:01,122.500000,24.400000,,台湾宜兰县海域,6.2
1994-05-23 15:05:04,122.280000,24.050000,,台湾花莲,4.5
1994-05-23 14:24:55,122.100000,24.500000,,台湾宜兰县海域,5.6
1994-05-23 13:36:07,122.050000,24.180000,,台湾花莲县海域,6.3
1994-05-10 12:06:09,120.100000,21.270000,,台湾屏东县海域,5.4
1994-05-09 17:14:07,78.880000,40.270000,22.00,新疆柯坪,4.6
1994-05-06 12:24:41,73.750000,40.530000,26.00,新疆乌恰西北,4.5
1994-04-30 17:14:17,122.000000,24.320000,,台湾花莲,4.2
1994-04-26 03:31:09,111.680000,36.800000,28.00,山西灵石,4.3
1994-04-13 14:25:50,75.220000,39.130000,43.00,新疆乌恰,4.1
1994-04-06 09:12:09,120.330000,23.550000,,台湾嘉义,4.2
1994-04-05 21:44:50,77.300000,40.430000,23.00,新疆阿图什,4.5
1994-03-28 16:11:13,120.630000,23.020000,,台湾高雄市,5.1
1994-03-19 10:11:29,80.850000,36.030000,33.00,新疆策勒,4.1
1994-03-18 01:34:25,100.400000,23.570000,,云南景谷,4.1
1994-03-17 19:28:01,122.230000,24.070000,,台湾花莲县海域,5.7
1994-03-07 03:37:22,121.700000,24.820000,,台湾宜兰,4.9
1994-03-07 01:15:56,101.450000,24.950000,,云南楚雄,4.1
1994-02-26 21:35:13,74.970000,40.120000,30.00,新疆乌恰,4.5
1994-02-25 01:24:37,94.330000,43.570000,16.00,新疆伊吾,4.1
1994-02-18 06:23:31,112.480000,44.420000,,内蒙古苏尼特左旗,4.1
1994-02-16 05:09:43,100.180000,36.300000,24.00,青海海南州共和县,5.8
1994-02-14 18:40:28,75.580000,38.850000,51.00,新疆阿克陶,4.2
1994-02-10 17:40:59,112.100000,44.520000,9.00,内蒙古苏尼特左旗,4.6
1994-02-09 18:23:13,122.220000,24.030000,,台湾花莲县海域,5.1
1994-02-02 06:44:30,122.320000,24.830000,,台湾宜兰县海域,5.4
1994-01-27 12:37:19,92.470000,33.170000,,青海海西州格尔木市,5.7
1994-01-27 05:54:17,103.830000,37.920000,,内蒙古阿拉善左旗,4.0
1994-01-25 16:51:41,126.930000,42.170000,25.00,吉林靖宇,4.2
1994-01-21 22:26:35,91.900000,33.700000,,青海海西州格尔木市,5.1
1994-01-20 13:50:14,122.000000,24.200000,,台湾花莲县海域,5.6
1994-01-12 18:22:48,75.430000,39.150000,38.00,新疆克孜勒苏州阿克陶县,5.6
1994-01-12 14:36:33,82.870000,43.280000,28.00,新疆新源,4.1
1994-01-03 13:52:31,100.150000,36.070000,28.00,青海海南州共和县,6.0
1993-12-31 00:29:42,122.720000,37.950000,,山东威海东北,4.3
1993-12-21 18:04:05,103.200000,22.370000,,云南金平南,4.2
1993-12-16 05:49:44,121.100000,23.300000,,台湾花莲县,5.9
1993-12-13 07:34:18,92.830000,27.750000,,西藏错那,4.2
1993-12-12 20:54:41,87.170000,31.950000,,西藏尼玛,4.3
1993-12-10 16:59:40,120.800000,21.400000,,台湾屏东县海域,6.1
1993-12-07 07:00:18,120.880000,21.950000,,台湾屏东县海域,5.2
1993-12-04 07:11:59,75.500000,39.320000,26.00,新疆疏附,4.0
1993-12-03 08:01:39,121.530000,24.380000,,台湾宜兰,4.3
1993-12-01 22:54:53,93.800000,45.120000,,新疆巴里坤东北,4.5
1993-12-01 17:25:57,75.580000,39.350000,32.00,新疆疏附,4.0
1993-12-01 04:37:11,75.630000,39.320000,39.00,新疆喀什地区疏附县,6.0
1993-12-01 03:03:12,121.550000,23.000000,,台湾台东,4.2
1993-11-22 17:04:19,122.230000,24.080000,,台湾花莲,4.2
1993-11-12 22:16:31,121.400000,22.500000,,台湾台东县海域,5.0
1993-10-29 08:41:39,77.920000,36.500000,55.00,新疆皮山,4.6
1993-10-26 19:38:21,98.620000,38.470000,,青海海西州天峻县,6.0
1993-10-21 22:19:15,76.480000,35.450000,,克什米尔,4.1
1993-10-19 23:31:44,73.450000,38.830000,28.00,帕米尔,4.0
1993-10-19 00:35:01,98.670000,29.880000,,西藏芒康,4.3
1993-10-18 11:06:58,100.430000,23.570000,,云南景谷,4.5
1993-10-13 04:49:22,88.770000,38.370000,31.00,新疆若羌,4.2
1993-10-07 11:27:02,88.620000,38.450000,29.00,新疆若羌,4.3
1993-10-03 07:50:02,88.720000,38.470000,29.00,新疆若羌,4.2
1993-10-03 01:23:34,88.700000,38.250000,31.00,新疆巴音郭楞州若羌县,5.5
1993-10-02 17:43:22,88.650000,38.330000,24.00,新疆巴音郭楞州若羌县,5.5
1993-10-02 17:20:14,88.780000,38.300000,31.00,新疆若羌,4.0
1993-10-02 16:42:34,88.680000,38.300000,27.00,新疆巴音郭楞州若羌县,6.6
1993-10-02 06:39:59,130.930000,47.720000,15.00,黑龙江萝北,4.3
1993-09-30 22:15:18,121.630000,23.580000,,台湾花莲,4.1
1993-09-20 04:14:11,101.820000,22.300000,,云南江城南,4.7
1993-09-11 03:18:24,111.500000,39.050000,,山西五寨,4.3
1993-09-06 06:40:29,94.600000,37.280000,,青海格尔木,4.0
1993-09-05 04:22:32,94.630000,37.270000,,青海海西州格尔木市,5.1
1993-08-29 12:00:17,106.820000,40.770000,,内蒙古杭锦后旗,4.7
1993-08-18 12:40:41,121.770000,24.780000,,台湾宜兰,4.2
1993-08-14 22:34:48,101.300000,25.500000,,云南姚安,4.1
1993-08-14 22:30:00,101.250000,25.450000,,云南楚雄州姚安县,5.5
1993-08-12 08:29:36,106.370000,39.270000,10.00,宁夏石嘴山,4.3
1993-08-11 09:07:33,100.420000,23.570000,,云南景谷,4.1
1993-08-07 16:36:06,103.600000,29.020000,5.00,四川乐山市马边县,5.0
1993-08-04 18:32:00,130.270000,48.220000,,黑龙江萝北,4.0
1993-07-17 17:46:36,99.600000,27.900000,,云南迪庆州香格里拉市,5.6
1993-07-16 11:03:24,79.030000,41.320000,29.00,新疆乌什,4.0
1993-07-11 04:12:53,106.270000,36.650000,15.00,宁夏同心,4.2
1993-07-05 03:08:08,121.770000,24.850000,,台湾台北,4.5
1993-06-26 22:36:35,112.630000,37.700000,22.00,山西太原,4.0
1993-06-25 18:04:22,93.000000,32.650000,,青海杂多,4.8
1993-06-24 18:39:37,121.630000,24.070000,,台湾花莲,4.0
1993-06-24 10:59:57,121.480000,24.630000,,台湾宜兰,4.1
1993-06-17 23:48:41,119.980000,20.450000,,台湾恒春,4.1
1993-06-16 07:12:27,77.970000,36.000000,,新疆皮山,4.7
1993-06-14 16:49:59,76.750000,38.580000,49.00,新疆莎车,4.2
1993-06-14 15:30:18,78.680000,35.950000,,新疆皮山,4.7
1993-06-12 07:27:18,99.050000,22.980000,,云南沧源西南,4.6
1993-06-11 04:38:31,100.470000,23.700000,20.00,云南景谷,4.3
1993-06-04 09:42:52,100.370000,23.680000,,云南景谷,4.2
1993-06-04 09:04:00,100.380000,23.670000,,云南临沧市临翔区,5.0
1993-05-30 16:32:26,100.380000,23.680000,,云南景谷,4.5
1993-05-30 15:38:30,100.430000,23.650000,,云南景谷,4.3
1993-05-26 22:11:07,90.950000,40.030000,16.00,新疆若羌,4.1
1993-05-24 07:57:45,98.800000,32.200000,,四川甘孜州德格县,5.0
1993-05-11 22:35:38,99.680000,28.050000,,云南中甸,4.0
1993-05-08 15:00:12,79.270000,34.980000,,新疆和田,4.3
1993-04-17 05:10:11,120.730000,23.100000,,台湾高雄,4.0
1993-04-14 17:58:04,76.950000,39.220000,43.00,新疆岳普湖,4.0
1993-04-14 16:31:07,87.380000,42.680000,23.00,新疆和硕,4.0
1993-04-08 11:49:28,77.750000,35.730000,,新疆喀什地区叶城县,5.1
1993-04-03 13:02:52,75.680000,40.050000,31.00,新疆乌恰,4.2
1993-03-31 21:44:11,87.200000,29.500000,,西藏日喀则市昂仁县,5.2
1993-03-28 09:16:05,123.700000,33.000000,,黄海,4.5
1993-03-21 05:26:41,87.400000,29.000000,,西藏昂仁,4.8
1993-03-20 22:52:02,87.200000,29.400000,,西藏日喀则市昂仁县,6.6
1993-03-16 21:07:22,73.450000,38.620000,45.00,帕米尔,4.1
1993-03-05 16:25:27,121.400000,22.200000,,台湾台东县海域,5.1
1993-03-05 14:57:02,121.000000,22.150000,,台湾屏东县海域,5.3
1993-03-03 11:24:24,79.050000,40.330000,15.00,新疆柯坪,4.2
1993-02-24 17:30:44,122.380000,22.420000,,台湾台东,4.2
1993-02-19 10:36:00,121.450000,23.930000,,台湾花莲,4.0
1993-02-18 20:14:45,74.530000,36.800000,,克什米尔,4.5
1993-02-17 10:00:28,89.480000,38.550000,26.00,新疆巴音郭楞州若羌县,5.1
1993-02-13 18:34:26,78.150000,38.850000,38.00,新疆麦盖提,4.5
1993-02-13 00:16:37,78.180000,40.250000,21.00,新疆柯坪,4.0
1993-02-10 02:26:00,107.880000,23.630000,10.00,广西马山,4.5
1993-02-04 12:40:05,102.650000,24.370000,10.00,云南玉溪,4.1
1993-02-03 00:05:14,86.100000,42.270000,33.00,新疆巴音郭楞州和静县,5.4
1993-02-01 19:50:34,101.330000,25.870000,10.00,云南大姚,4.8
1993-02-01 03:33:29,101.350000,25.850000,10.00,云南楚雄州大姚县,5.3
1993-01-27 04:32:03,101.100000,23.100000,,云南普洱市宁洱县,6.3
1993-01-23 16:59:23,121.700000,24.200000,,台湾花莲县海域,5.8
1993-01-18 20:42:12,90.600000,31.100000,,西藏那曲市班戈县,6.3
1993-01-16 00:37:39,84.470000,42.000000,12.00,新疆轮台,4.7
1992-12-29 20:13:30,122.530000,24.000000,,台湾花莲,4.5
1992-12-28 13:23:25,121.600000,24.000000,,台湾花莲县,5.2
1992-12-25 01:08:54,80.800000,36.520000,42.00,新疆和田地区策勒县,5.1
1992-12-23 00:42:37,88.300000,34.900000,,西藏那曲市双湖县,5.6
1992-12-22 11:30:15,100.600000,26.370000,20.00,云南丽江市永胜县,5.1
1992-12-21 03:37:52,96.580000,37.100000,,青海德令哈,4.6
1992-12-19 16:28:21,78.500000,40.700000,19.00,新疆阿合奇,4.1
1992-12-18 19:21:41,100.580000,26.370000,15.00,云南丽江市永胜县,5.4
1992-12-04 06:13:39,84.800000,43.370000,8.00,新疆和静,4.0
1992-12-04 06:09:50,84.870000,43.370000,13.00,新疆和静,4.3
1992-12-04 06:08:49,84.770000,43.350000,3.00,新疆和静,4.3
1992-11-30 01:39:37,98.000000,33.200000,,四川甘孜州石渠县,5.1
1992-11-28 00:09:10,89.030000,41.980000,10.00,新疆吐鲁番市托克逊县,5.1
1992-11-26 18:47:56,116.950000,25.480000,13.00,福建连城,4.7
1992-11-13 19:35:40,85.120000,38.100000,30.00,新疆且末,4.0
1992-11-04 01:31:24,123.470000,35.300000,,黄海,4.5
1992-10-27 10:54:39,74.450000,38.070000,,帕米尔,4.0
1992-10-27 04:12:52,118.400000,21.200000,,南海,4.0
1992-10-22 19:08:00,120.320000,33.780000,10.00,江苏射阳,4.6
1992-10-17 16:45:53,99.570000,25.720000,5.00,云南云龙,4.2
1992-10-16 03:42:22,75.020000,38.550000,59.00,新疆阿克陶,4.0
1992-10-03 21:56:00,121.300000,22.800000,,台湾台东县海域,5.2
1992-09-28 22:05:59,122.800000,24.100000,,先岛群岛海域海域,6.4
1992-09-19 00:46:40,117.700000,21.400000,,南海海域,5.1
1992-09-18 09:07:02,122.300000,24.000000,,台湾花莲县海域,5.1
1992-09-17 02:50:02,80.900000,36.020000,33.00,新疆策勒,4.2
1992-09-16 17:51:10,118.520000,21.230000,,南海,4.5
1992-09-14 21:16:28,117.600000,21.600000,,南海海域,5.9
1992-09-14 03:17:05,116.530000,43.930000,9.00,内蒙古锡林浩特旗,4.1
1992-09-07 19:10:06,80.830000,34.830000,,西藏日土,4.2
1992-09-03 08:58:31,80.930000,34.630000,,西藏日土,4.0
1992-09-02 21:15:49,118.380000,45.480000,1.00,内蒙古东乌珠穆沁旗,4.0
1992-09-02 10:12:42,80.750000,36.330000,32.00,新疆策勒,4.6
1992-09-02 00:41:07,121.900000,23.700000,,台湾花莲县海域,6.0
1992-08-24 17:59:37,80.500000,34.500000,,西藏日土,4.0
1992-08-24 17:49:49,80.620000,34.670000,,西藏日土,4.8
1992-08-21 19:12:47,81.050000,34.700000,,西藏日土,4.6
1992-08-17 04:16:38,91.900000,30.000000,,西藏拉萨市墨竹工卡县,5.1
1992-08-15 01:26:23,121.480000,24.130000,,台湾花莲县,5.2
1992-08-14 12:10:19,73.520000,38.200000,158.00,帕米尔,4.2
1992-08-09 03:37:53,121.700000,23.900000,,台湾花莲,4.0
1992-08-09 03:37:51,121.700000,23.900000,,台湾花莲,4.2
1992-08-07 21:11:51,95.780000,32.570000,,青海杂多,4.2
1992-08-07 05:29:15,122.600000,24.400000,,台湾宜兰县海域,6.0
1992-08-01 14:46:53,104.780000,34.780000,2.00,甘肃武山,4.1
1992-07-31 03:06:10,90.230000,29.500000,,西藏尼木,4.1
1992-07-30 16:24:46,90.900000,29.900000,,西藏拉萨市林周县,6.5
1992-07-27 23:33:05,121.750000,24.470000,,台湾宜兰,4.1
1992-07-22 05:43:02,117.930000,39.280000,4.00,天津汉沽,4.5
1992-07-07 08:45:36,121.550000,24.470000,,台湾宜兰,4.3
1992-06-27 21:21:25,81.250000,35.900000,17.00,新疆和田地区策勒县,5.1
1992-06-27 10:13:24,81.070000,35.700000,40.00,新疆策勒,4.3
1992-06-26 02:29:09,121.480000,24.020000,,台湾花莲,4.2
1992-06-25 17:41:48,78.500000,40.700000,15.00,新疆阿合奇,4.1
1992-06-21 19:19:40,99.620000,38.550000,,青海海北州祁连县,5.0
1992-06-14 00:55:05,77.920000,40.030000,27.00,新疆巴楚,4.8
1992-06-13 04:14:25,116.100000,44.320000,,内蒙古锡林浩特旗,4.9
1992-06-13 03:51:20,96.430000,39.480000,,甘肃肃北,4.0
1992-06-03 21:26:58,77.800000,38.020000,23.00,新疆叶城,4.1
1992-06-03 06:07:47,84.330000,32.170000,,西藏改则,4.2
1992-05-29 07:19:33,121.480000,23.070000,,台湾台东县海域,5.9
1992-05-29 04:42:13,121.500000,22.970000,,台湾台东县海域,5.0
1992-05-26 18:43:24,108.600000,18.800000,10.00,海南东方,4.0
1992-05-22 13:47:30,99.730000,30.880000,15.00,四川白玉,4.2
1992-05-17 04:19:55,100.220000,36.070000,13.00,青海海南州共和县,5.1
1992-05-16 16:32:54,100.120000,23.330000,,云南景谷,4.5
1992-05-04 03:25:09,122.350000,24.000000,,台湾花莲,4.1
1992-05-01 12:31:08,121.450000,23.780000,,台湾花莲,4.1
1992-04-24 19:49:11,121.100000,24.200000,,台湾台中市,5.1
1992-04-23 23:32:51,99.000000,22.600000,,云南普洱市孟连县,6.9
1992-04-23 22:18:34,99.100000,22.300000,,云南普洱市孟连县,6.7
1992-04-21 00:16:22,121.700000,23.970000,,台湾花莲县海域,5.1
1992-04-20 02:32:18,121.680000,23.880000,,台湾花莲县海域,6.8
1992-04-19 06:35:11,121.420000,21.920000,,台湾恒春,4.1
1992-04-13 11:47:43,88.330000,31.800000,,西藏申扎,4.3
1992-04-07 02:29:19,80.370000,35.420000,,西藏日土,4.0
1992-04-05 19:09:19,81.050000,35.950000,19.00,新疆策勒,4.3
1992-04-05 15:47:48,80.700000,35.900000,28.00,新疆和田地区策勒县,5.9
1992-04-02 17:21:09,104.020000,33.020000,15.00,四川平武,4.2
1992-04-02 09:39:42,121.570000,24.230000,,台湾花莲,4.9
1992-03-26 01:15:40,122.920000,24.270000,,台湾以东海中,4.5
1992-03-15 09:01:26,123.600000,23.500000,,先岛群岛海域,6.0
1992-03-05 10:14:23,80.750000,36.330000,46.00,新疆策勒,4.8
1992-03-03 06:02:23,118.170000,24.080000,22.00,福建夏门,4.3
1992-02-24 04:06:23,81.280000,41.670000,18.00,新疆拜城,4.0
1992-02-18 19:16:14,119.670000,25.020000,13.00,福建莆田市秀屿区海域,5.2
1992-02-10 20:39:05,121.280000,21.650000,,台湾恒春,4.3
1992-02-09 20:44:53,95.470000,30.170000,,西藏波密,4.2
1992-02-09 12:41:22,103.250000,26.500000,10.00,云南会泽,4.0
1992-02-08 22:11:28,103.820000,34.080000,2.00,甘肃迭部,4.1
1992-02-06 11:35:14,95.700000,29.800000,,西藏林芝市波密县,5.4
1992-02-03 23:44:29,94.000000,34.300000,,青海治多,4.8
1992-01-23 05:41:19,121.070000,35.200000,10.00,黄海海域,5.3
1992-01-14 06:21:24,113.280000,34.380000,23.00,河南登封,4.2
1992-01-12 08:12:27,98.320000,39.750000,20.00,甘肃嘉峪关市,5.4
1992-01-08 00:23:05,99.670000,30.270000,10.00,四川理塘,4.3
1992-01-01 05:14:14,99.800000,30.880000,10.00,四川新龙,4.3
1991-12-29 05:34:02,121.900000,23.770000,,台湾花莲,4.1
1991-12-24 10:51:42,120.600000,23.250000,,台湾嘉义,4.1
1991-12-23 09:58:24,89.400000,34.200000,,西藏那曲市安多县,5.1
1991-12-22 03:52:47,88.920000,27.920000,,西藏亚东,4.1
1991-12-18 21:44:02,87.850000,41.450000,6.00,新疆和硕,4.0
1991-12-18 07:49:55,83.800000,44.400000,30.00,新疆乌苏,4.7
1991-12-14 16:20:22,89.100000,34.100000,,西藏那曲市双湖县,5.1
1991-12-10 15:10:19,122.170000,24.200000,,台湾花莲,4.0
1991-12-05 23:48:23,121.330000,22.820000,,台湾台东,4.3
1991-12-02 14:14:15,121.400000,23.230000,,台湾台东,4.5
1991-11-27 05:15:57,93.670000,33.700000,,青海治多,4.0
1991-11-17 02:21:40,80.880000,36.220000,,新疆策勒,4.0
1991-11-09 19:17:05,84.350000,43.720000,20.00,新疆尼勒克,4.0
1991-11-05 16:47:21,120.020000,33.680000,25.00,江苏射阳,4.7
1991-11-03 08:02:26,103.930000,28.020000,,云南大关,4.3
1991-10-30 00:30:21,106.080000,37.170000,19.00,宁夏同心,4.7
1991-10-25 22:40:42,122.700000,24.000000,,台湾花莲,4.3
1991-10-18 11:52:08,121.670000,23.800000,,台湾花莲,4.0
1991-10-12 13:08:42,121.220000,23.030000,,台湾台东,4.5
1991-10-12 08:13:00,121.200000,23.000000,,台湾台东县,5.0
1991-10-01 00:33:07,101.370000,37.780000,,青海海北州门源县,5.2
1991-09-30 17:44:43,121.330000,22.650000,,台湾台东县海域,5.4
1991-09-30 09:01:25,112.580000,43.070000,,内蒙古锡林郭勒盟苏尼特右旗,5.4
1991-09-21 23:37:06,114.550000,23.730000,6.00,广东河源,4.6
1991-09-20 19:16:15,100.230000,36.000000,,青海海南州共和县,5.3
1991-09-20 17:37:37,90.480000,45.130000,1.00,新疆奇台,4.3
1991-09-18 02:53:22,88.280000,43.100000,19.00,新疆托克逊,4.0
1991-09-16 13:48:09,121.620000,46.270000,,内蒙古科尔沁右翼前旗,4.0
1991-09-14 21:16:38,105.500000,40.200000,,内蒙古阿拉善盟阿拉善左旗,5.1
1991-09-09 07:54:43,98.630000,36.670000,,青海乌兰,4.2
1991-09-02 19:05:57,95.400000,37.270000,,青海海西州直辖区,5.1
1991-08-31 12:03:12,77.700000,39.970000,20.00,新疆巴楚,4.1
1991-08-25 01:45:19,74.830000,38.550000,34.00,新疆阿克陶,4.3
1991-08-19 14:05:50,85.380000,47.030000,21.00,新疆塔城地区和布克赛尔县,5.6
1991-08-11 13:07:12,80.820000,36.350000,,新疆策勒,4.1
1991-08-11 04:21:54,91.800000,33.400000,,青海海西州格尔木市,5.2
1991-08-04 10:08:18,122.830000,24.870000,,台湾苏澳,4.0
1991-07-29 01:29:26,80.880000,36.000000,32.00,新疆策勒,4.1
1991-07-22 19:58:52,99.020000,24.830000,,云南保山市施甸县,5.2
1991-07-13 06:05:59,94.820000,39.520000,,甘肃肃北,4.5
1991-07-13 05:56:32,94.920000,39.480000,,甘肃肃北,4.0
1991-07-03 07:31:39,83.000000,31.200000,,西藏日喀则市仲巴县,5.2
1991-07-01 14:18:04,99.020000,24.870000,,云南保山市施甸县,5.0
1991-06-25 02:43:41,122.350000,24.270000,,台湾苏澳,4.0
1991-06-25 01:46:23,122.000000,24.250000,,台湾苏澳,4.3
1991-06-17 14:55:16,84.200000,35.800000,,新疆和田地区民丰县,5.3
1991-06-17 04:37:36,116.800000,15.600000,,南海海域,5.7
1991-06-16 00:32:25,105.700000,38.930000,21.00,内蒙古阿拉善盟阿拉善左旗,5.0
1991-06-13 18:18:57,77.570000,40.480000,12.00,新疆阿图什,4.2
1991-06-06 16:02:06,87.250000,42.680000,22.00,新疆巴音郭楞州和硕县,5.2
1991-06-04 01:03:11,121.680000,23.970000,,台湾花莲,4.2
1991-05-31 15:50:20,80.680000,36.100000,,新疆策勒,4.1
1991-05-31 05:35:39,122.620000,23.950000,,台湾花莲,4.0
1991-05-30 07:06:55,118.270000,39.680000,,河北唐山市开平区,5.1
1991-05-29 19:02:11,118.300000,39.720000,,河北唐山,4.8
1991-05-26 16:02:44,95.000000,41.080000,,甘肃安西,4.0
1991-05-24 02:38:23,88.120000,32.150000,32.00,西藏尼玛,4.3
1991-05-20 08:20:40,86.770000,31.130000,32.00,西藏尼玛,4.7
1991-04-27 18:04:54,94.780000,29.830000,18.00,西藏林芝,4.3
1991-04-26 08:24:14,122.280000,24.120000,,台湾花莲县海域,5.0
1991-04-19 00:44:43,73.950000,39.370000,,新疆乌恰,4.1
1991-04-12 04:32:17,100.980000,27.250000,,云南丽江市宁蒗县,5.1
1991-04-03 02:00:15,80.400000,40.100000,17.00,新疆阿克苏地区阿瓦提县,5.0
1991-04-02 16:21:41,121.220000,22.770000,,台湾台东,4.2
1991-03-26 18:24:23,121.100000,22.000000,7.00,台湾屏东县海域,5.4
1991-03-26 14:19:28,121.400000,22.000000,18.00,台湾屏东县海域,5.4
1991-03-26 11:58:23,121.800000,22.300000,12.00,台湾台东县海域,6.7
1991-03-26 02:02:38,113.850000,39.970000,12.00,山西大同市云州区,5.8
1991-03-24 12:14:53,90.170000,45.980000,6.00,新疆青河,4.3
1991-03-21 01:43:24,73.370000,38.450000,57.00,帕米尔,4.1
1991-03-17 12:37:07,119.970000,23.170000,21.00,台湾台南市海域,5.0
1991-03-15 01:09:37,73.680000,40.000000,20.00,新疆乌恰西北,4.5
1991-03-14 04:34:37,121.250000,37.950000,17.00,山东长岛,4.0
1991-03-14 00:31:19,121.100000,37.900000,26.00,山东长岛,4.2
1991-03-12 14:04:04,120.070000,23.220000,19.00,台湾台南市海域,6.0
1991-03-11 00:47:11,99.570000,33.850000,,青海甘德,4.3
1991-03-07 13:36:27,105.500000,37.550000,28.00,宁夏中宁,4.0
1991-03-07 09:13:55,75.700000,40.000000,43.00,新疆克孜勒苏州乌恰县,5.4
1991-03-07 02:32:41,75.600000,39.180000,34.00,新疆疏附,4.0
1991-03-05 17:17:59,102.300000,23.070000,,云南绿春,4.2
1991-03-03 02:13:20,121.730000,23.850000,33.00,台湾花莲县海域,5.8
1991-02-27 16:43:53,103.830000,25.700000,5.00,云南曲靖,4.2
1991-02-26 23:38:32,91.380000,33.230000,,青海海西州格尔木市,5.5
1991-02-25 22:54:42,78.900000,40.400000,22.00,新疆柯坪,4.2
1991-02-25 22:52:03,79.150000,40.430000,21.00,新疆柯坪,4.5
1991-02-25 22:30:26,79.400000,40.400000,22.00,新疆阿克苏地区柯坪县,6.5
1991-02-24 21:30:29,122.100000,24.100000,,台湾花莲县海域,5.0
1991-02-18 17:06:18,102.380000,31.580000,10.00,四川阿坝州小金县,5.2
1991-02-17 19:17:42,77.800000,40.120000,30.00,新疆巴楚,4.5
1991-02-13 05:40:38,73.530000,39.480000,,新疆乌恰西,4.2
1991-02-04 18:00:53,122.000000,24.000000,,台湾花莲县海域,5.0
1991-02-04 18:00:52,85.500000,42.600000,,新疆巴音郭楞州和静县,5.1
1991-02-04 07:24:02,85.570000,42.620000,32.00,新疆和静,4.3
1991-01-31 08:08:42,123.970000,34.850000,,黄海,4.0
1991-01-29 06:28:05,112.530000,38.470000,14.00,山西忻州市忻府区,5.1
1991-01-22 02:02:40,121.330000,23.720000,,台湾花莲,4.0
1991-01-21 02:54:34,121.500000,23.920000,,台湾花莲,4.1
1991-01-18 09:36:25,121.400000,23.650000,,台湾花莲县,6.0
1991-01-13 19:53:36,105.600000,40.400000,,内蒙古阿拉善盟阿拉善左旗,5.2
1991-01-06 23:46:41,88.250000,38.900000,,新疆若羌,4.7
1991-01-06 21:07:35,82.920000,43.300000,15.00,新疆新源,4.2
1991-01-02 10:58:49,99.830000,38.150000,3.00,青海海北州祁连县,5.1
1990-12-30 18:31:18,121.710000,23.820000,8.00,台湾花莲县海域,5.8
1990-12-30 03:24:18,92.780000,26.830000,,西藏邦迪拉,4.1
1990-12-29 12:40:37,102.880000,23.880000,,云南建水,4.5
1990-12-25 22:30:09,121.630000,23.860000,33.00,台湾花莲县海域,5.8
1990-12-25 22:21:53,121.590000,23.780000,16.00,台湾花莲县海域,6.4
1990-12-24 16:16:58,89.570000,47.570000,14.00,新疆富蕴,4.0
1990-12-20 07:48:51,121.200000,23.660000,5.00,台湾南投县,5.1
1990-12-20 07:38:35,121.630000,23.690000,9.00,台湾花莲县海域,5.9
1990-12-19 08:20:24,121.620000,23.690000,11.00,台湾花莲县海域,6.0
1990-12-19 08:08:13,121.470000,23.530000,9.00,台湾花莲县,5.2
1990-12-18 12:39:11,121.670000,23.790000,7.00,台湾花莲县海域,5.6
1990-12-17 06:43:00,121.670000,23.880000,,台湾花莲,4.0
1990-12-15 13:01:30,121.690000,23.650000,9.00,台湾花莲县海域,5.0
1990-12-14 18:44:24,121.700000,23.690000,12.00,台湾花莲县海域,5.1
1990-12-14 12:55:30,121.720000,23.860000,9.00,台湾花莲县海域,5.6
1990-12-14 11:13:53,121.680000,23.910000,11.00,台湾花莲县海域,5.3
1990-12-14 10:37:38,121.650000,23.610000,9.00,台湾花莲县海域,5.6
1990-12-14 09:43:53,121.710000,23.830000,9.00,台湾花莲县海域,5.5
1990-12-14 09:20:50,121.670000,23.730000,,台湾花莲,4.0
1990-12-14 07:58:00,121.690000,23.820000,11.00,台湾花莲县海域,5.0
1990-12-14 07:28:04,121.720000,23.820000,10.00,台湾花莲县海域,6.3
1990-12-14 07:18:59,121.610000,23.710000,9.00,台湾花莲县海域,6.2
1990-12-14 06:18:32,121.700000,23.820000,8.00,台湾花莲县海域,5.2
1990-12-14 05:56:38,121.650000,23.770000,8.00,台湾花莲县海域,5.8
1990-12-14 05:30:31,121.720000,23.860000,11.00,台湾花莲县海域,5.1
1990-12-14 05:05:09,121.820000,23.680000,9.00,台湾花莲县海域,5.1
1990-12-14 05:00:05,121.770000,23.820000,10.00,台湾花莲县海域,5.5
1990-12-14 04:42:37,121.810000,23.700000,9.00,台湾花莲县海域,5.7
1990-12-14 04:39:23,121.760000,23.660000,10.00,台湾花莲县海域,5.0
1990-12-14 04:28:08,121.750000,23.820000,3.00,台湾花莲县海域,5.9
1990-12-14 04:16:21,121.770000,23.900000,11.00,台湾花莲县海域,5.1
1990-12-14 03:58:33,121.520000,23.780000,,台湾花莲,4.3
1990-12-14 03:50:17,121.630000,23.760000,9.00,台湾花莲县海域,7.0
1990-12-13 16:37:28,121.690000,23.810000,8.00,台湾花莲县海域,5.1
1990-12-13 11:01:47,121.640000,23.950000,11.00,台湾花莲县海域,6.5
1990-11-12 07:59:03,121.770000,24.060000,35.00,台湾花莲县海域,5.5
1990-10-29 16:52:37,77.850000,40.700000,26.00,新疆阿合奇,4.2
1990-10-25 07:46:57,83.870000,44.180000,22.00,新疆塔城地区乌苏市,5.0
1990-10-25 07:38:14,83.880000,44.170000,20.00,新疆塔城地区乌苏市,5.0
1990-10-20 16:39:17,103.590000,37.170000,10.00,甘肃白银市景泰县,5.1
1990-10-20 16:07:27,103.720000,37.110000,12.00,甘肃白银市景泰县,6.1
1990-10-09 00:11:46,80.930000,35.900000,,新疆策勒,4.3
1990-10-05 13:56:36,98.200000,37.870000,,青海天峻,4.1
1990-10-02 22:45:27,89.620000,47.480000,27.00,新疆富蕴,4.8
1990-10-02 20:39:00,93.800000,32.620000,,青海杂多,4.9
1990-09-23 06:57:17,119.160000,15.210000,34.00,南海海域,5.3
1990-09-23 04:54:05,118.810000,15.640000,55.00,南海海域,5.8
1990-09-22 11:02:20,116.370000,40.080000,10.00,北京昌平,4.0
1990-09-19 16:05:50,89.000000,38.000000,,新疆若羌,4.1
1990-09-17 02:43:04,73.520000,38.080000,,帕米尔,4.0
1990-09-14 03:07:47,81.680000,43.920000,23.00,新疆伊宁,4.1
1990-09-11 22:09:00,120.850000,22.750000,9.00,台湾屏东县,5.9
1990-09-03 07:40:04,100.170000,35.950000,,青海兴海,4.3
1990-09-02 05:32:46,74.400000,39.720000,,新疆乌恰,4.3
1990-08-30 20:19:21,77.280000,40.270000,30.00,新疆阿图什,4.7
1990-08-22 00:00:57,122.050000,22.600000,17.00,台湾台东县海域,5.4
1990-08-18 21:38:16,101.200000,27.020000,15.00,四川盐边,4.0
1990-08-15 00:10:56,100.270000,36.080000,,青海共和,4.0
1990-08-04 20:52:28,103.170000,29.500000,15.00,四川洪雅,4.5
1990-08-03 17:15:05,84.970000,48.010000,29.00,新疆阿勒泰地区吉木乃县,6.6
1990-07-29 02:43:25,86.400000,33.730000,33.00,西藏尼玛,4.0
1990-07-23 16:41:33,118.480000,39.750000,9.00,河北滦县,4.5
1990-07-23 10:36:42,100.250000,36.000000,,青海共和,4.5
1990-07-22 11:58:35,74.000000,38.370000,,帕米尔,4.0
1990-07-21 08:41:51,115.830000,40.580000,8.00,河北赤城,4.6
1990-07-17 03:14:51,121.830000,24.260000,18.00,台湾花莲县海域,6.1
1990-07-16 15:12:23,121.850000,24.250000,22.00,台湾花莲县海域,5.2
1990-07-11 14:00:50,84.650000,32.680000,62.00,西藏改则,4.8
1990-07-07 01:22:49,89.580000,43.180000,17.00,新疆吐鲁番,4.1
1990-06-26 17:18:09,86.950000,43.670000,9.00,新疆昌吉,4.0
1990-06-20 23:01:10,98.780000,24.820000,10.00,云南龙陵,4.0
1990-06-20 01:20:04,83.230000,46.120000,2.00,新疆托里,4.2
1990-06-14 22:18:10,85.070000,47.970000,40.00,新疆阿勒泰地区吉木乃县,5.0
1990-06-14 20:47:28,85.090000,47.900000,57.00,新疆阿勒泰地区吉木乃县,7.2
1990-06-14 00:32:55,106.280000,39.900000,,内蒙古阿拉善左旗,4.2
1990-06-12 19:43:03,100.170000,36.070000,,青海共和,4.3
1990-06-02 08:32:34,92.800000,32.460000,12.00,西藏那曲市聂荣县,5.3
1990-05-23 20:52:24,120.790000,20.670000,31.00,南海海域,5.0
1990-05-21 10:44:31,77.780000,40.100000,26.00,新疆巴楚,4.3
1990-05-20 13:47:04,100.120000,35.950000,,青海兴海,4.1
1990-05-20 10:44:03,128.120000,29.550000,31.00,东海海域,5.2
1990-05-16 06:29:58,100.160000,36.120000,13.00,青海海南州共和县,5.3
1990-05-14 17:11:13,100.120000,36.130000,,青海共和,4.6
1990-05-13 16:08:40,100.420000,36.120000,,青海共和,4.1
1990-05-07 13:17:34,100.360000,36.100000,10.00,青海海南州共和县,5.5
1990-05-05 21:10:25,129.800000,46.900000,,黑龙江汤原,4.2
1990-04-30 20:28:38,100.000000,36.150000,,青海共和,4.1
1990-04-30 01:55:31,93.470000,32.550000,,青海杂多,4.5
1990-04-29 04:44:47,96.600000,33.170000,,青海玉树,4.8
1990-04-26 17:55:50,100.300000,36.100000,,青海共和,4.0
1990-04-26 17:37:10,100.330000,36.060000,9.00,青海海南州共和县,7.0
1990-04-17 09:59:31,75.210000,39.530000,30.00,新疆克孜勒苏州乌恰县,6.3
1990-04-16 06:44:05,122.000000,24.320000,,台湾苏澳,4.1
1990-04-09 10:49:31,121.530000,22.900000,,台湾台东,4.1
1990-04-09 03:13:50,99.350000,30.040000,8.00,四川甘孜州巴塘县,5.0
1990-04-05 08:21:11,121.950000,23.550000,,台湾花莲,4.1
1990-03-30 00:19:15,73.180000,39.380000,24.00,新疆克孜勒苏州乌恰县,5.4
1990-03-08 08:11:52,105.800000,40.600000,,内蒙古阿拉善左旗,4.5
1990-03-04 19:51:06,80.670000,34.670000,,西藏日土,4.5
1990-02-27 00:19:30,122.500000,36.080000,,黄海,4.1
1990-02-14 13:49:32,99.620000,23.230000,31.00,云南普洱市澜沧县,5.1
1990-02-14 05:13:05,98.950000,25.950000,15.00,云南泸水,4.3
1990-02-09 12:04:34,98.950000,25.900000,,云南泸水,4.1
1990-02-08 20:07:25,123.770000,25.170000,,东海,4.6
1990-02-07 01:00:04,84.920000,37.020000,,新疆且末,4.3
1990-02-04 09:13:59,121.620000,47.770000,,内蒙古扎兰屯,4.1
1990-01-28 00:24:39,76.680000,37.520000,34.00,新疆叶城,4.0
1990-01-27 07:27:39,100.070000,23.370000,25.00,云南景谷,4.2
1990-01-27 06:46:18,100.020000,23.220000,,云南澜沧,4.8
1990-01-21 15:53:32,88.380000,41.730000,18.00,新疆托克逊,4.5
1990-01-15 20:42:25,122.150000,24.380000,24.00,台湾宜兰县海域,5.1
1990-01-15 11:19:44,103.180000,30.750000,15.00,四川大邑,4.6
1990-01-14 11:03:18,92.000000,37.840000,12.00,青海海西州茫崖市,6.5
1990-01-09 10:29:21,88.080000,28.130000,,西藏定结,4.7
1990-01-07 15:26:14,77.670000,40.220000,18.00,新疆阿合奇,4.1
1990-01-04 12:09:08,82.770000,36.420000,,新疆民丰,4.5
1990-01-03 05:38:26,79.170000,40.780000,17.00,新疆柯坪,4.2
1989-12-25 21:24:03,99.770000,31.520000,,四川甘孜,4.6
1989-12-25 04:26:24,118.950000,40.330000,18.00,河北青龙,4.2
1989-12-25 03:24:36,111.300000,35.580000,11.00,山西候马,4.9
1989-12-25 02:50:23,79.120000,40.780000,13.00,新疆柯坪,4.0
1989-12-14 12:13:01,115.280000,37.600000,16.00,河北冀县,4.3
1989-12-13 15:23:17,74.570000,38.600000,56.00,新疆阿克陶,4.2
1989-12-10 04:59:36,75.370000,38.400000,89.00,新疆阿克陶,4.0
1989-12-06 20:53:51,103.100000,30.270000,30.00,四川邛崃,4.3
1989-12-02 12:02:12,93.950000,43.130000,16.00,新疆哈密,4.0
1989-12-02 01:35:25,79.220000,40.730000,12.00,新疆柯坪,4.0
1989-12-02 01:32:43,79.200000,40.800000,18.00,新疆柯坪,4.0
1989-11-26 01:02:33,114.670000,23.730000,,广东紫金,4.3
1989-11-26 00:13:48,114.650000,23.750000,,广东河源,4.5
1989-11-20 11:21:06,106.850000,29.910000,23.00,重庆渝北区,5.3
1989-11-16 16:32:34,77.500000,39.820000,31.00,新疆伽师,4.1
1989-10-28 21:26:11,80.970000,36.400000,,新疆策勒,4.1
1989-10-24 21:33:29,82.470000,41.850000,,新疆拜城,4.0
1989-10-23 21:19:33,113.820000,39.920000,20.00,山西大同,4.8
1989-10-20 19:52:21,81.630000,38.700000,38.00,新疆策勒,4.1
1989-10-19 18:29:04,113.730000,39.920000,13.00,山西大同,4.7
1989-10-19 02:20:46,113.870000,39.920000,7.00,山西大同市阳高县,5.5
1989-10-19 01:11:18,113.820000,39.970000,15.00,山西大同,4.7
1989-10-19 01:01:34,113.910000,39.920000,13.00,山西大同市阳高县,5.9
1989-10-18 22:57:22,113.880000,39.940000,10.00,山西大同市阳高县,5.7
1989-10-18 11:11:16,95.780000,30.120000,,西藏波密,4.6
1989-10-14 00:07:12,122.560000,24.820000,56.00,台湾宜兰县海域,5.2
1989-10-08 23:49:28,82.600000,36.400000,,新疆民丰,4.9
1989-10-08 02:59:42,82.700000,36.500000,,新疆民丰,4.7
1989-10-07 11:15:13,94.430000,33.180000,,青海杂多,4.3
1989-10-05 06:42:28,82.720000,36.580000,,新疆民丰,4.2
1989-09-28 02:37:46,99.480000,23.380000,5.00,云南耿马,4.1
1989-09-24 01:51:38,121.980000,22.710000,22.00,台湾台东县海域,5.4
1989-09-22 10:25:50,102.510000,31.580000,12.00,四川阿坝州小金县,6.5
1989-09-21 17:41:38,73.770000,38.630000,,新疆阿克陶,4.1
1989-09-21 00:21:58,97.170000,39.120000,24.00,青海天峻,4.9
1989-09-20 08:26:13,103.210000,25.470000,15.00,云南昆明市寻甸县,5.0
1989-09-20 01:39:26,99.720000,25.970000,15.00,云南洱源,4.1
1989-09-19 17:45:12,78.170000,35.970000,,新疆皮山,4.0
1989-09-18 12:53:17,112.220000,22.130000,10.00,广东恩平,4.0
1989-09-11 05:44:36,80.950000,36.030000,25.00,新疆策勒,4.2
1989-09-10 22:06:02,73.980000,38.580000,,新疆阿克陶,4.1
1989-09-07 16:18:35,121.320000,24.070000,,台湾南投,4.0
1989-09-07 15:57:33,121.510000,24.190000,30.00,台湾花莲县,5.0
1989-09-05 05:36:50,119.630000,22.150000,,台湾高雄,4.1
1989-09-04 06:03:57,102.770000,39.500000,,内蒙古阿拉善右旗,4.7
1989-08-22 20:24:15,94.200000,32.800000,,青海杂多,4.1
1989-08-22 07:12:41,122.530000,24.110000,44.00,台湾花莲县海域,6.3
1989-08-13 09:31:12,120.870000,22.630000,,台湾台东,4.3
1989-08-03 19:31:19,121.990000,23.120000,9.00,台湾台东县海域,6.7
1989-08-01 12:09:05,94.900000,32.400000,,西藏巴青,4.0
1989-07-21 11:09:14,99.490000,29.990000,13.00,四川甘孜州巴塘县,5.9
1989-07-13 20:53:08,80.830000,36.350000,,新疆策勒,4.6
1989-06-16 05:15:23,101.180000,34.670000,,青海河南,4.2
1989-06-09 22:46:05,102.380000,29.340000,9.00,四川雅安市石棉县,5.0
1989-06-08 21:46:28,121.480000,23.500000,26.00,台湾花莲县,5.1
1989-06-04 23:07:45,99.480000,23.480000,,云南耿马,4.7
1989-05-26 09:08:45,75.220000,39.550000,27.00,新疆乌恰,4.3
1989-05-18 04:44:23,99.650000,22.900000,15.00,云南西盟,4.0
1989-05-17 06:15:20,91.330000,35.830000,13.00,青海治多,4.6
1989-05-16 17:48:51,83.900000,43.670000,23.00,新疆尼勒克,4.0
1989-05-16 02:05:36,122.130000,24.200000,,台湾花莲,4.1
1989-05-14 07:19:41,91.550000,35.270000,33.00,青海海西州格尔木市,5.5
1989-05-08 08:03:11,80.180000,44.620000,4.00,新疆温泉,4.0
1989-05-07 08:38:18,99.620000,23.520000,34.00,云南临沧市耿马县,6.2
1989-05-06 10:40:56,99.900000,22.330000,12.00,云南普洱市孟连县,5.1
1989-05-04 01:28:21,99.450000,30.070000,10.00,四川甘孜州巴塘县,5.1
1989-05-03 23:41:31,99.550000,30.070000,7.00,四川甘孜州巴塘县,6.3
1989-05-03 13:53:01,99.540000,30.110000,14.00,四川甘孜州巴塘县,6.3
1989-05-01 07:05:26,99.470000,30.040000,14.00,四川甘孜州巴塘县,5.2
1989-04-26 17:16:39,99.530000,23.330000,5.00,云南沧源,4.1
1989-04-25 10:13:20,99.420000,30.050000,7.00,四川甘孜州巴塘县,6.6
1989-04-19 16:40:19,90.100000,30.020000,,西藏当雄,4.3
1989-04-16 08:02:24,90.100000,30.020000,,西藏当雄,4.0
1989-04-16 04:34:08,99.230000,29.990000,12.00,四川甘孜州巴塘县,6.6
1989-04-15 06:51:50,99.530000,23.330000,,云南沧源,4.8
1989-04-13 10:07:31,96.000000,33.800000,,青海治多,4.8
1989-04-11 21:50:04,80.950000,36.200000,,新疆策勒,4.0
1989-03-26 23:03:54,80.820000,36.020000,22.00,新疆策勒,4.0
1989-03-26 10:55:48,121.060000,19.350000,31.00,南海海域,5.1
1989-03-26 07:18:17,80.920000,36.100000,,新疆策勒,4.2
1989-03-23 20:38:50,78.130000,40.850000,30.00,新疆阿合奇,4.1
1989-03-17 12:02:04,80.870000,35.920000,30.00,新疆策勒,4.8
1989-03-09 04:02:02,93.320000,27.950000,,西藏错那,4.9
1989-03-08 20:43:40,74.370000,40.870000,,新疆乌恰,4.1
1989-03-07 13:58:51,77.580000,36.200000,,新疆叶城,4.3
1989-03-01 21:00:33,102.490000,31.500000,13.00,四川阿坝州小金县,5.0
1989-02-28 08:26:26,91.530000,27.150000,,西藏达旺,4.5
1989-02-24 06:00:58,109.350000,40.630000,,内蒙古乌拉特前旗,4.2
1989-02-15 02:22:23,102.270000,42.320000,,内蒙古雅干西北,4.2
1989-02-10 08:36:49,99.570000,25.980000,15.00,云南洱源,4.7
1989-02-04 01:49:58,90.000000,30.110000,8.00,西藏拉萨市尼木县,5.6
1989-01-19 19:52:50,94.330000,29.750000,,西藏林芝,4.2
1989-01-19 02:22:46,100.100000,30.060000,31.00,四川甘孜州理塘县,5.2
1989-01-16 03:40:50,76.600000,37.920000,21.00,新疆莎车,4.0
1989-01-12 14:13:54,122.400000,40.500000,,辽宁盖县,4.3
1989-01-09 23:05:16,88.280000,42.700000,15.00,新疆托克逊,4.0
1989-01-09 01:41:42,120.480000,24.170000,31.00,台湾彰化县,5.0
1989-01-06 01:42:21,90.820000,41.930000,9.00,新疆鄯善,4.0
1989-01-02 07:13:07,83.300000,36.700000,,新疆民丰,4.0
1988-12-28 07:14:03,83.670000,36.670000,,新疆民丰,4.9
1988-12-26 15:46:01,100.030000,39.080000,16.00,甘肃临泽,4.7
1988-12-26 02:12:57,83.530000,36.930000,,新疆民丰,4.7
1988-12-25 05:41:59,83.530000,36.920000,,新疆民丰,4.8
1988-12-19 23:39:35,78.230000,36.530000,,新疆皮山,4.0
1988-12-19 19:06:55,99.570000,23.300000,15.00,云南临沧市耿马县,5.3
1988-12-08 23:32:47,99.560000,23.400000,9.00,云南临沧市耿马县,5.1
1988-12-03 02:15:07,101.670000,30.250000,15.00,四川康定,4.1
1988-11-30 23:49:08,119.000000,19.300000,,南海,4.2
1988-11-30 16:13:29,99.950000,22.760000,13.00,云南普洱市澜沧县,6.5
1988-11-27 12:17:55,99.940000,22.740000,14.00,云南普洱市澜沧县,5.8
1988-11-26 06:29:39,91.930000,34.420000,23.00,青海海西州格尔木市,6.0
1988-11-22 01:46:02,99.600000,38.570000,24.00,甘肃张掖市肃南县,5.2
1988-11-16 00:56:45,89.330000,42.220000,11.00,新疆吐鲁番,4.7
1988-11-15 18:28:14,99.710000,23.180000,16.00,云南临沧市耿马县,5.6
1988-11-11 17:04:12,91.670000,34.670000,,青海治多,4.1
1988-11-10 13:18:34,91.850000,34.420000,,青海格尔木,4.3
1988-11-07 16:08:16,91.370000,34.330000,,青海格尔木,4.0
1988-11-07 10:39:55,99.540000,23.460000,7.00,云南临沧市耿马县,5.3
1988-11-07 10:21:52,91.960000,33.190000,8.00,青海海西州格尔木市,5.1
1988-11-07 04:35:28,99.370000,23.360000,10.00,云南临沧市耿马县,5.0
1988-11-07 04:24:24,99.810000,23.030000,10.00,云南普洱市澜沧县,5.6
1988-11-07 00:00:31,99.520000,23.370000,11.00,云南临沧市耿马县,5.4
1988-11-06 23:12:03,100.320000,23.200000,16.00,云南普洱市景谷县,5.0
1988-11-06 22:29:46,99.550000,23.290000,9.00,云南临沧市耿马县,5.2
1988-11-06 22:13:24,99.640000,23.240000,7.00,云南临沧市耿马县,5.5
1988-11-06 21:39:49,99.670000,22.870000,18.00,云南普洱市澜沧县,5.7
1988-11-06 21:15:44,99.550000,23.160000,16.00,云南临沧市耿马县,7.2
1988-11-06 21:03:17,99.790000,22.920000,13.00,云南普洱市澜沧县,7.4
1988-11-05 12:58:09,91.620000,34.380000,,青海格尔木,4.2
1988-11-05 10:14:30,91.870000,34.270000,7.00,青海海西州格尔木市,6.8
1988-11-05 02:04:01,108.170000,20.480000,9.00,南海,4.8
1988-10-27 15:23:50,91.910000,34.290000,30.00,青海海西州格尔木市,5.0
1988-10-23 11:42:13,96.450000,29.420000,,西藏察隅,4.3
1988-10-19 22:19:37,95.350000,29.550000,,西藏墨脱,4.2
1988-10-19 22:19:27,95.100000,30.400000,,西藏波密,4.3
1988-10-16 20:36:58,121.450000,21.930000,,台湾恒春,4.0
1988-10-16 20:14:20,121.720000,21.830000,33.00,台湾屏东县海域,5.8
1988-10-16 20:09:27,121.710000,21.910000,31.00,台湾屏东县海域,6.2
1988-10-07 02:22:50,74.320000,39.730000,27.00,新疆乌恰,4.0
1988-10-06 21:10:49,74.320000,39.730000,22.00,新疆乌恰,4.0
1988-10-01 07:14:09,99.480000,38.620000,5.00,甘肃肃南,4.2
1988-09-29 15:00:00,88.700000,42.600000,,新疆托克逊,4.1
1988-09-23 12:46:39,74.480000,39.610000,24.00,新疆克孜勒苏州乌恰县,5.0
1988-09-03 20:52:47,97.390000,29.990000,30.00,西藏昌都市八宿县,5.0
1988-09-03 03:47:35,122.470000,40.800000,,辽宁营口,4.5
1988-08-31 13:09:00,99.700000,22.850000,,云南澜沧,4.1
1988-08-28 23:34:53,122.440000,24.170000,42.00,台湾花莲县海域,5.0
1988-08-15 01:50:50,99.860000,22.830000,15.00,云南普洱市澜沧县,5.0
1988-08-13 02:58:47,74.590000,39.850000,33.00,新疆克孜勒苏州乌恰县,5.4
1988-08-13 02:58:29,74.380000,39.860000,17.00,新疆克孜勒苏州乌恰县,5.4
1988-08-11 11:40:54,121.410000,21.870000,17.00,台湾屏东县海域,5.1
1988-08-10 00:51:36,122.400000,24.220000,,台湾花莲,4.7
1988-08-06 13:51:52,89.470000,39.430000,,新疆若羌,4.0
1988-08-03 17:44:12,118.650000,39.600000,,河北滦南,4.1
1988-07-29 07:28:12,77.680000,40.220000,13.00,新疆阿合奇,4.2
1988-07-26 22:46:39,118.100000,39.570000,18.00,河北唐山,4.5
1988-07-25 05:28:45,80.900000,35.880000,,新疆策勒,4.0
1988-07-23 13:51:43,114.220000,40.080000,,河北阳泉,4.6
1988-07-22 02:39:32,121.610000,22.620000,39.00,台湾台东县海域,5.0
1988-07-21 07:15:36,121.610000,23.990000,47.00,台湾花莲县,6.0
1988-07-05 15:36:59,94.180000,27.720000,,西藏错那,4.6
1988-07-05 15:36:30,90.070000,28.670000,,西藏康马,4.5
1988-07-04 08:54:34,87.970000,43.680000,28.00,新疆乌鲁木齐,4.1
1988-07-03 13:20:40,121.530000,25.160000,20.00,台湾台北市,5.0
1988-06-23 09:47:44,74.050000,39.780000,,新疆乌恰,4.0
1988-06-20 06:20:59,73.400000,38.600000,,帕米尔,4.1
1988-06-09 18:13:06,99.530000,35.500000,,青海兴海,4.3
1988-06-08 10:16:18,77.780000,40.200000,20.00,新疆阿合奇,4.0
1988-06-07 01:28:59,95.700000,28.300000,,西藏墨脱,4.1
1988-06-02 14:11:43,101.490000,30.610000,9.00,四川甘孜州道孚县,5.0
1988-06-02 13:39:36,101.480000,30.580000,15.00,四川道孚,4.0
1988-05-29 07:13:24,88.330000,31.080000,,西藏申扎,4.0
1988-05-27 00:30:02,87.330000,30.720000,,西藏昂孜错,4.3
1988-05-25 08:05:20,77.670000,40.630000,19.00,新疆阿合奇,4.3
1988-05-11 04:51:47,95.220000,28.500000,,西藏墨脱,4.5
1988-05-10 00:03:43,95.100000,30.400000,,西藏边坝,4.0
1988-05-02 10:13:25,82.200000,40.120000,19.00,新疆沙雅,4.7
1988-04-25 21:40:04,103.020000,30.480000,15.00,四川芦山,4.0
1988-04-25 04:03:29,121.860000,23.540000,43.00,台湾花莲县海域,5.3
1988-04-16 11:32:44,120.180000,43.750000,23.00,内蒙古阿鲁科尔沁旗,4.6
1988-04-15 18:58:15,102.760000,26.360000,9.00,四川凉山州会东县,5.4
1988-04-12 06:35:17,121.300000,23.360000,22.00,台湾花莲县,5.2
1988-04-12 04:27:44,106.280000,38.100000,10.00,宁夏灵武,4.3
1988-04-07 11:05:06,121.630000,24.030000,16.00,台湾花莲县,5.8
1988-04-06 19:29:00,94.770000,27.680000,,西藏墨脱,4.3
1988-04-01 09:27:11,89.850000,47.670000,,新疆富蕴,4.5
1988-03-28 19:51:43,96.130000,28.830000,,西藏察隅,4.1
1988-03-28 19:51:26,94.670000,30.080000,,西藏波密,4.0
1988-03-25 10:07:52,79.650000,44.630000,,新疆温泉,4.5
1988-03-23 04:25:42,73.420000,38.600000,,新疆乌孜别里山口,4.2
1988-03-19 21:30:27,81.000000,35.900000,,新疆策勒,4.3
1988-03-14 15:29:51,81.000000,36.050000,,新疆策勒,4.8
1988-03-04 21:51:43,99.870000,22.420000,,云南澜沧,4.0
1988-03-03 11:21:20,121.820000,23.850000,32.00,台湾花莲县海域,5.2
1988-02-29 19:24:23,73.130000,37.830000,,帕米尔,4.3
1988-02-26 20:54:42,81.250000,36.000000,,新疆策勒,4.1
1988-02-25 13:59:27,122.450000,42.250000,,辽宁彰武,4.8
1988-02-17 18:52:00,96.600000,28.320000,,西藏察隅,4.1
1988-02-17 14:30:22,93.120000,27.030000,,西藏错那,4.8
1988-02-17 14:30:10,91.670000,27.070000,,不丹,4.3
1988-02-16 09:02:38,95.230000,29.380000,,西藏墨脱,4.2
1988-02-14 23:54:59,122.050000,24.070000,,台湾花莲,4.0
1988-02-14 22:51:02,122.070000,24.150000,,台湾花莲,4.0
1988-02-13 03:15:32,122.530000,23.860000,15.00,台湾花莲县海域,5.9
1988-02-10 05:00:10,73.450000,40.330000,,新疆乌恰,4.0
1988-01-25 09:12:19,94.820000,30.210000,14.00,西藏林芝市墨脱县,5.5
1988-01-25 00:49:20,79.320000,41.550000,,新疆乌什,4.2
1988-01-22 09:25:40,73.000000,37.580000,,帕米尔,4.0
1988-01-19 05:01:02,99.270000,35.420000,,青海兴海,4.0
1988-01-10 15:43:14,100.960000,27.230000,9.00,云南丽江市宁蒗县,5.5
1988-01-10 15:24:35,106.360000,38.090000,9.00,宁夏银川市灵武市,5.1
1988-01-08 23:52:01,106.350000,38.080000,27.00,宁夏灵武,4.3
1988-01-06 23:31:10,75.290000,39.730000,15.00,新疆克孜勒苏州乌恰县,5.0
1988-01-05 14:23:15,74.100000,38.500000,,新疆阿克陶,4.1
1988-01-04 05:32:25,106.340000,38.070000,14.00,宁夏银川市灵武市,5.4
1988-01-03 06:02:31,77.220000,40.530000,,新疆阿图什,4.0
1988-01-01 22:27:44,94.880000,29.670000,,西藏米林,4.3
1987-12-22 08:16:38,89.620000,41.300000,19.00,新疆巴音郭楞州尉犁县,5.6
1987-12-18 13:53:42,120.800000,23.410000,27.00,台湾嘉义县,5.6
1987-12-17 20:17:20,83.400000,41.950000,,新疆库车,4.9
1987-11-25 21:09:44,99.770000,22.400000,,云南澜沧,4.3
1987-11-11 21:18:40,114.800000,40.280000,,河北宣化,4.2
1987-11-07 00:09:23,74.330000,37.430000,,新疆塔什库尔干,4.1
1987-11-07 00:08:02,74.500000,37.570000,,新疆塔什库尔干,4.0
1987-10-17 02:30:46,82.800000,44.170000,6.00,新疆精河,4.1
1987-10-15 01:05:11,118.800000,17.200000,,南海,4.3
1987-10-11 18:37:10,135.430000,44.620000,,苏联,4.0
1987-10-11 09:48:36,101.670000,37.880000,,甘肃肃南,4.0
1987-10-08 19:31:48,80.320000,35.900000,,新疆策勒,4.2
1987-10-07 06:18:18,90.520000,29.840000,9.00,西藏拉萨市当雄县,5.0
1987-10-06 21:06:20,88.670000,43.320000,,新疆吐鲁番,4.6
1987-10-05 14:38:31,101.020000,22.450000,,云南景洪,4.0
1987-10-04 11:04:44,75.220000,39.970000,,新疆乌恰,4.3
1987-09-26 11:15:19,99.180000,24.930000,15.00,云南施甸,4.6
1987-09-26 07:16:28,90.410000,29.830000,13.00,西藏拉萨市当雄县,5.1
1987-09-23 11:00:11,95.920000,29.120000,,西藏察隅,4.2
1987-09-22 22:51:08,96.980000,28.400000,,西藏察隅,4.2
1987-09-22 09:25:52,78.100000,35.900000,,新疆皮山,4.0
1987-09-19 05:58:37,89.640000,47.310000,16.00,新疆阿勒泰地区富蕴县,5.6
1987-09-17 09:34:59,95.370000,29.450000,,西藏墨脱,4.3
1987-09-15 10:04:33,114.550000,23.770000,6.00,广东河源,4.5
1987-09-12 19:03:41,99.130000,35.270000,,青海玛多,4.3
1987-09-12 08:40:12,100.200000,38.750000,9.00,甘肃张掖,4.5
1987-09-07 20:45:57,89.700000,33.670000,,西藏唐古拉山,4.2
1987-09-07 07:38:52,93.350000,27.300000,,西藏错那,4.5
1987-09-06 04:46:12,118.700000,22.470000,11.00,南海海域,5.5
1987-09-03 17:08:12,74.880000,39.000000,,新疆乌恰,4.6
1987-09-02 08:37:18,122.600000,24.550000,,台湾苏澳,4.1
1987-08-30 01:58:03,80.600000,34.300000,,西藏日土,4.3
1987-08-21 15:07:10,131.470000,52.430000,,苏联,4.1
1987-08-15 00:59:55,115.580000,25.070000,19.00,江西寻乌,4.8
1987-08-10 20:46:54,106.270000,38.070000,,宁夏灵武,4.5
1987-08-10 20:46:36,106.220000,38.100000,,宁夏灵武,4.5
1987-08-10 20:26:47,106.230000,38.080000,,宁夏灵武,4.3
1987-08-10 20:12:14,106.420000,38.110000,9.00,宁夏银川市灵武市,5.2
1987-08-10 05:15:00,83.690000,29.500000,47.00,西藏日喀则市仲巴县,5.3
1987-08-08 08:09:56,131.620000,50.800000,,苏联,4.1
1987-08-08 07:35:06,117.880000,39.330000,27.00,天津汉沽,4.2
1987-08-06 04:04:28,99.120000,24.800000,,云南施甸,4.1
1987-08-05 18:24:21,82.190000,41.340000,32.00,新疆阿克苏地区新和县,5.0
1987-08-05 12:10:12,82.130000,41.200000,,新疆新和,4.0
1987-08-04 20:05:36,74.770000,39.800000,,新疆乌恰,4.1
1987-08-03 07:19:12,115.600000,25.030000,19.00,江西寻乌,4.9
1987-08-02 17:07:33,115.560000,24.960000,12.00,江西赣州市寻乌县,5.4
1987-07-16 02:16:28,118.630000,39.780000,14.00,河北滦县,4.0
1987-07-13 04:18:14,120.870000,22.990000,2.00,台湾台东县,5.2
1987-06-28 09:16:37,101.670000,37.700000,15.00,甘肃肃南,4.9
1987-06-27 15:38:57,121.620000,24.370000,25.00,台湾宜兰县,5.4
1987-06-12 17:51:01,122.260000,25.490000,279.00,东海海域,5.2
1987-06-08 21:30:36,74.670000,39.780000,,新疆乌恰,4.8
1987-06-07 12:26:24,118.080000,39.530000,20.00,河北丰南,4.0
1987-05-18 10:03:09,100.260000,26.220000,4.00,云南大理州鹤庆县,5.0
1987-05-17 02:21:09,73.170000,39.270000,,新疆乌孜别里山口,4.0
1987-05-14 23:31:04,121.100000,23.000000,,台湾台东,4.0
1987-05-11 04:19:31,79.580000,44.130000,,新疆伊宁,4.2
1987-05-10 11:36:21,82.920000,36.920000,,新疆民丰,4.5
1987-04-30 13:17:39,74.530000,39.780000,26.00,新疆克孜勒苏州乌恰县,5.8
1987-04-24 13:47:10,83.400000,46.770000,,新疆塔城,4.2
1987-04-19 04:48:23,81.250000,34.500000,,西藏日土,4.3
1987-04-12 02:13:25,122.090000,23.970000,26.00,台湾花莲县海域,5.4
1987-04-09 15:25:33,87.010000,35.480000,24.00,西藏那曲市双湖县,5.2
1987-04-05 01:45:09,79.900000,42.780000,,新疆昭苏,4.1
1987-04-02 21:30:39,81.000000,36.000000,,新疆策勒,4.6
1987-03-21 07:00:23,114.250000,38.280000,6.00,河北平山,4.0
1987-03-09 11:13:37,74.000000,38.300000,,新疆中苏待议区,4.2
1987-03-03 17:41:31,79.290000,41.350000,15.00,新疆阿克苏地区乌什县,5.0
1987-03-03 09:27:24,103.250000,34.230000,12.00,甘肃迭部,4.1
1987-02-26 03:56:34,91.250000,38.060000,24.00,青海海西州茫崖市,6.1
1987-02-25 22:28:04,111.780000,21.730000,,广东阳江,4.6
1987-02-24 06:31:03,79.270000,41.480000,,新疆乌什,4.3
1987-02-17 11:03:23,120.760000,33.570000,11.00,江苏盐城市射阳县,5.0
1987-02-15 07:03:10,79.300000,41.570000,,新疆乌什,4.1
1987-02-08 11:29:18,81.430000,34.500000,,西藏日土,4.2
1987-02-07 15:30:07,81.300000,36.300000,,新疆策勒,4.2
1987-02-05 19:04:27,121.200000,22.800000,,台湾台东,4.3
1987-02-04 20:15:26,121.250000,24.580000,,台湾新竹,4.1
1987-02-02 04:21:48,121.000000,19.300000,15.00,巴士海峡,4.6
1987-02-01 17:08:13,122.540000,24.080000,31.00,台湾花莲县海域,5.1
1987-01-24 16:09:20,79.340000,41.470000,26.00,新疆阿克苏地区乌什县,6.4
1987-01-22 09:22:03,80.300000,35.700000,,新疆策勒,4.5
1987-01-11 14:02:36,80.870000,36.000000,,新疆策勒,4.1
1987-01-09 09:00:47,95.730000,28.120000,,西藏察隅,4.6
1987-01-08 02:19:06,103.360000,34.260000,20.00,甘肃甘南州迭部县,5.8
1987-01-06 18:45:59,106.600000,21.680000,14.00,越南,4.3
1987-01-06 13:07:48,121.780000,24.010000,40.00,台湾花莲县海域,5.9
1987-01-06 06:52:46,81.310000,41.950000,16.00,新疆阿克苏地区拜城县,5.8
1986-12-30 06:24:46,122.650000,24.530000,12.00,台湾宜兰县海域,5.0
1986-12-29 23:49:59,119.970000,15.300000,53.00,南海海域,5.5
1986-12-29 20:01:00,119.300000,22.400000,,台湾海域,4.5
1986-12-27 05:26:35,100.000000,25.300000,33.00,云南省巍山彝-回族自,4.3
1986-12-27 04:50:21,100.070000,25.330000,,云南省巍山彝-回族自,4.2
1986-12-22 23:55:45,95.200000,29.900000,33.00,西藏林芝县,4.5
1986-12-22 12:04:01,121.110000,24.360000,30.00,台湾苗栗县,5.0
1986-12-21 10:42:00,122.800000,25.500000,,台湾海域,4.0
1986-12-21 07:08:14,93.700000,36.720000,20.00,青海海西州格尔木市,5.3
1986-12-11 07:55:00,121.600000,25.100000,,台湾海域隆市,4.1
1986-12-08 17:38:00,121.900000,24.500000,,台湾海域,4.6
1986-12-07 12:27:00,121.600000,24.200000,,台湾海域莲县,4.1
1986-12-04 19:00:20,122.240000,24.890000,32.00,台湾宜兰县海域,5.2
1986-11-30 11:03:51,121.950000,23.950000,32.00,台湾花莲县海域,5.4
1986-11-30 06:09:15,122.700000,24.730000,26.00,台湾宜兰县海域,5.0
1986-11-26 17:49:46,121.700000,24.200000,,台湾海域莲县,4.9
1986-11-23 04:59:56,94.600000,32.200000,33.00,西藏巴青县,4.8
1986-11-23 02:04:32,98.630000,24.420000,,云南省泸西县,4.2
1986-11-20 21:04:15,93.050000,32.630000,33.00,西藏那曲市安多县,5.0
1986-11-20 09:28:06,121.800000,24.000000,,台湾海域,4.1
1986-11-19 11:26:53,121.880000,24.050000,32.00,台湾花莲县海域,5.0
1986-11-18 23:31:08,122.090000,23.980000,32.00,台湾花莲县海域,5.0
1986-11-18 16:49:13,121.810000,23.940000,34.00,台湾花莲县海域,5.4
1986-11-16 21:31:11,121.500000,23.900000,,台湾海域莲县,4.1
1986-11-16 21:13:57,121.800000,23.830000,33.00,台湾花莲县海域,5.4
1986-11-16 15:07:25,121.810000,23.820000,30.00,台湾花莲县海域,5.1
1986-11-16 00:12:52,121.700000,24.200000,,台湾海域莲县,4.9
1986-11-15 17:28:33,121.800000,24.100000,,台湾海域,4.1
1986-11-15 15:24:07,121.680000,23.920000,27.00,台湾花莲县海域,6.1
1986-11-15 11:24:59,121.750000,24.040000,31.00,台湾花莲县海域,5.7
1986-11-15 11:07:49,121.800000,24.500000,,台湾海域兰县,4.3
1986-11-15 09:00:02,121.750000,24.050000,29.00,台湾花莲县海域,5.8
1986-11-15 08:38:10,121.890000,23.860000,30.00,台湾花莲县海域,5.0
1986-11-15 08:33:45,121.770000,23.790000,39.00,台湾花莲县海域,5.0
1986-11-15 08:17:42,121.840000,23.920000,33.00,台湾花莲县海域,6.3
1986-11-15 07:29:23,121.670000,23.950000,29.00,台湾花莲县海域,5.4
1986-11-15 07:04:36,121.720000,23.930000,32.00,台湾花莲县海域,6.7
1986-11-15 06:34:23,122.000000,24.040000,34.00,台湾花莲县海域,5.5
1986-11-15 05:41:45,121.820000,24.230000,19.00,台湾花莲县海域,5.2
1986-11-15 05:20:05,121.810000,24.020000,34.00,台湾花莲县海域,7.3
1986-11-12 18:06:12,73.400000,38.700000,,中国境外,4.9
1986-11-10 16:58:05,116.720000,40.050000,,北京市通州区,4.2
1986-11-07 00:11:10,123.200000,24.800000,,台湾海域,4.0
1986-10-27 04:56:40,102.850000,25.800000,,云南省禄劝彝-苗族自,4.3
1986-10-22 22:35:46,118.760000,22.440000,13.00,南海海域,5.4
1986-10-14 10:08:45,122.200000,24.300000,,台湾海域,4.0
1986-10-14 06:56:40,94.900000,30.200000,,西藏波密县,4.5
1986-10-13 00:29:11,94.900000,30.400000,,西藏波密县,4.5
1986-10-11 05:04:04,121.800000,21.200000,,台湾海域,4.2
1986-10-10 16:59:20,94.900000,30.300000,30.00,西藏波密县,4.3
1986-10-07 07:28:07,102.490000,25.430000,9.00,云南昆明市禄劝县,5.2
1986-09-17 05:52:34,101.620000,37.720000,10.00,甘肃肃南,4.5
1986-09-17 04:11:24,101.690000,37.780000,18.00,青海海北州门源县,5.4
1986-09-17 00:01:37,86.600000,31.000000,,西藏尼玛县,4.0
1986-09-16 21:29:05,86.700000,31.200000,,西藏尼玛县,4.2
1986-09-12 22:08:53,91.810000,34.620000,34.00,青海海西州格尔木市,5.2
1986-09-11 12:22:31,78.600000,32.700000,,西藏,4.3
1986-09-10 00:22:51,85.060000,31.490000,30.00,西藏阿里地区措勤县,5.0
1986-09-01 10:02:54,91.700000,34.600000,5.00,青海省格尔木市,4.1
1986-08-28 21:11:43,91.900000,34.600000,,青海省治多县,4.8
1986-08-28 20:58:08,101.630000,37.680000,10.00,甘肃肃南,4.0
1986-08-28 09:09:54,91.700000,34.700000,,青海省治多县,4.3
1986-08-26 21:11:25,101.620000,37.680000,14.00,甘肃肃南,4.6
1986-08-26 17:42:59,101.630000,37.780000,8.00,青海海北州门源县,6.5
1986-08-25 08:56:28,91.800000,34.700000,,青海省治多县,4.3
1986-08-23 08:15:05,91.900000,34.400000,,青海省格尔木市,4.5
1986-08-22 21:39:34,91.770000,34.520000,10.00,青海海西州格尔木市,5.2
1986-08-21 07:36:17,91.800000,34.600000,,青海省格尔木市,4.7
1986-08-21 06:32:05,91.700000,34.470000,33.00,青海海西州格尔木市,5.3
1986-08-21 05:23:52,91.750000,34.540000,15.00,青海海西州格尔木市,6.4
1986-08-18 07:47:22,102.870000,23.920000,,云南省建水县,4.3
1986-08-16 08:11:39,77.600000,40.100000,,新疆阿图什市,4.0
1986-08-16 04:20:37,126.530000,48.590000,28.00,黑龙江黑河市五大连池市,5.5
1986-08-13 10:32:00,101.400000,27.400000,,四川省盐源县,4.2
1986-08-12 18:45:51,101.470000,27.480000,6.00,四川凉山州盐源县,5.4
1986-08-12 03:58:37,101.300000,27.400000,15.00,四川省盐源县,4.6
1986-08-11 18:37:59,121.280000,20.150000,32.00,南海海域,5.1
1986-08-11 16:05:56,121.740000,22.330000,,台湾台东县海域,5.6
1986-08-08 02:19:04,81.300000,34.600000,,西藏日土县,4.1
1986-08-07 03:55:13,100.850000,29.300000,11.00,四川甘孜州理塘县,5.5
1986-07-31 19:36:35,122.710000,24.830000,32.00,台湾宜兰县海域,5.7
1986-07-30 19:31:50,121.650000,24.700000,29.00,台湾宜兰县,6.0
1986-07-20 04:12:55,86.950000,31.250000,32.00,西藏那曲市尼玛县,5.1
1986-07-17 16:15:33,78.100000,43.300000,,中国境外,4.0
1986-07-12 17:52:02,123.580000,49.430000,,内蒙古鄂伦春旗,4.2
1986-07-10 09:15:25,101.420000,27.370000,,四川省盐源县,4.7
1986-07-07 04:39:59,80.000000,34.500000,,新疆西藏日土县,4.3
1986-07-07 03:24:22,80.220000,34.420000,9.00,西藏阿里地区日土县,6.1
1986-07-07 01:31:32,86.600000,32.500000,,西藏尼玛县,4.3
1986-07-04 21:21:16,97.130000,37.500000,,青海省德令哈市,4.2
1986-07-02 11:56:58,120.480000,38.380000,16.00,山东,4.1
1986-06-30 09:57:21,87.600000,34.500000,33.00,西藏尼玛县,4.3
1986-06-29 19:22:36,86.900000,31.300000,33.00,西藏尼玛县,4.8
1986-06-25 08:28:22,86.900000,31.200000,33.00,西藏尼玛县,4.9
1986-06-24 11:45:11,121.500000,23.900000,,台湾海域莲县,4.1
1986-06-24 01:19:29,86.800000,31.100000,33.00,西藏尼玛县,4.7
1986-06-21 01:12:46,86.810000,31.240000,33.00,西藏那曲市尼玛县,6.4
1986-06-13 06:20:32,87.400000,43.700000,,新疆乌鲁木齐市市辖区,4.1
1986-06-13 06:19:50,87.400000,43.780000,,新疆乌鲁木齐县,4.6
1986-06-06 08:47:45,120.990000,21.740000,27.00,台湾屏东县海域,5.0
1986-06-05 00:20:59,121.640000,23.960000,18.00,台湾花莲县海域,5.5
1986-06-05 00:14:52,121.600000,24.100000,,台湾海域莲县,4.0
1986-06-03 10:35:08,104.150000,38.550000,16.00,内蒙古阿拉善左旗,4.8
1986-05-26 07:12:28,103.000000,30.500000,,四川省芦山县,4.0
1986-05-24 18:02:09,121.690000,24.030000,23.00,台湾花莲县海域,5.3
1986-05-24 17:58:14,121.710000,24.110000,20.00,台湾花莲县海域,5.5
1986-05-23 17:51:15,91.200000,31.700000,33.00,西藏安多县,4.5
1986-05-23 05:00:00,121.600000,24.200000,,台湾海域莲县,4.1
1986-05-23 03:25:39,121.550000,32.480000,,黄海海域,4.7
1986-05-23 01:47:24,121.730000,24.010000,27.00,台湾花莲县海域,5.6
1986-05-21 22:52:17,121.600000,24.000000,,台湾海域莲县,4.1
1986-05-20 15:07:36,78.700000,41.200000,,新疆阿合奇县,4.0
1986-05-20 14:02:02,78.600000,41.200000,,新疆阿合奇县,4.5
1986-05-20 13:37:30,121.610000,24.110000,30.00,台湾花莲县,5.7
1986-05-20 13:25:46,121.690000,24.090000,20.00,台湾花莲县海域,6.8
1986-05-19 03:33:00,124.600000,26.600000,,东海海域,4.3
1986-05-08 16:59:07,121.100000,24.200000,,台湾海域中县,4.2
1986-05-08 11:18:08,101.270000,23.070000,,云南省普洱哈尼-彝族,4.2
1986-04-29 23:23:11,88.300000,31.400000,35.00,西藏申扎县,4.0
1986-04-26 00:12:33,77.240000,40.100000,19.00,新疆克孜勒苏州阿图什市,5.4
1986-04-24 08:22:15,89.580000,47.500000,22.00,新疆阿勒泰地区富蕴县,5.1
1986-04-21 00:55:37,92.200000,32.200000,33.00,西藏聂荣县,4.5
1986-04-20 11:14:01,123.300000,24.790000,32.00,先岛群岛海域,5.1
1986-04-14 05:28:26,85.270000,32.670000,51.00,西藏阿里地区改则县,5.0
1986-04-08 10:14:59,121.700000,24.700000,,台湾海域兰县,4.6
1986-04-04 19:23:22,95.990000,33.110000,10.00,青海玉树州玉树市,5.1
1986-04-01 05:54:14,73.380000,38.440000,121.00,新疆克孜勒苏州阿克陶县,5.1
1986-03-27 01:20:35,122.860000,24.710000,31.00,台湾宜兰县海域,5.3
1986-03-25 20:13:47,123.210000,24.690000,33.00,先岛群岛海域,5.4
1986-03-25 06:10:49,122.840000,24.860000,44.00,台湾宜兰县海域,5.3
1986-03-24 10:33:56,122.840000,24.900000,18.00,台湾宜兰县海域,6.0
1986-03-23 22:08:56,123.110000,24.830000,47.00,先岛群岛海域,5.2
1986-03-23 18:54:41,122.880000,24.740000,35.00,台湾宜兰县海域,5.2
1986-03-23 08:57:27,89.100000,34.200000,33.00,西藏班戈县,4.2
1986-03-23 08:46:58,122.850000,24.750000,32.00,台湾宜兰县海域,5.0
1986-03-23 07:53:45,123.240000,24.660000,21.00,先岛群岛海域,5.1
1986-03-23 04:48:21,122.980000,24.800000,47.00,先岛群岛海域,5.2
1986-03-23 04:29:45,123.390000,24.850000,34.00,先岛群岛海域,5.0
1986-03-23 02:45:32,123.150000,24.700000,32.00,先岛群岛海域,5.5
1986-03-23 02:14:41,122.380000,26.110000,31.00,东海海域,5.0
1986-03-23 00:06:28,123.230000,24.560000,35.00,台湾宜兰县海域,5.0
1986-03-22 22:46:04,122.860000,24.700000,33.00,台湾宜兰县海域,5.3
1986-03-22 22:27:18,123.090000,24.690000,34.00,先岛群岛海域,5.5
1986-03-22 22:24:41,123.430000,24.540000,27.00,先岛群岛海域,5.2
1986-03-22 21:55:35,123.190000,24.610000,43.00,先岛群岛海域,5.2
1986-03-22 21:33:56,123.160000,24.680000,16.00,先岛群岛海域,5.4
1986-03-22 21:27:29,123.210000,24.730000,16.00,先岛群岛海域,5.1
1986-03-22 20:57:06,122.930000,24.740000,69.00,台湾宜兰县海域,5.0
1986-03-22 20:50:38,122.940000,24.590000,34.00,先岛群岛海域,5.3
1986-03-22 20:49:37,122.810000,24.610000,19.00,台湾宜兰县海域,5.1
1986-03-22 20:37:44,122.980000,24.880000,53.00,台湾宜兰县海域,5.2
1986-03-22 20:06:32,122.960000,24.700000,32.00,先岛群岛海域,6.2
1986-03-22 19:56:12,122.890000,24.810000,31.00,台湾宜兰县海域,5.3
1986-03-22 19:49:32,122.880000,24.840000,36.00,台湾宜兰县海域,5.0
1986-03-22 19:19:36,122.760000,24.710000,32.00,台湾宜兰县海域,5.9
1986-03-22 19:14:59,122.870000,24.700000,32.00,台湾宜兰县海域,5.2
1986-03-22 19:05:48,122.800000,24.600000,35.00,台湾宜兰县海域,5.1
1986-03-22 18:55:01,122.940000,24.730000,57.00,台湾宜兰县海域,5.3
1986-03-22 18:52:57,123.120000,24.490000,16.00,先岛群岛海域,5.4
1986-03-22 18:31:07,123.020000,24.760000,34.00,先岛群岛海域,5.9
1986-03-22 18:22:50,122.970000,24.670000,42.00,先岛群岛海域,5.4
1986-03-22 17:57:49,122.920000,24.710000,40.00,台湾宜兰县海域,5.5
1986-03-22 17:48:03,122.910000,24.870000,14.00,台湾宜兰县海域,5.5
1986-03-22 17:43:14,122.820000,24.810000,31.00,台湾宜兰县海域,5.4
1986-03-22 17:41:27,122.760000,24.900000,29.00,台湾宜兰县海域,5.1
1986-03-22 17:33:19,122.860000,24.730000,30.00,台湾宜兰县海域,5.0
1986-03-22 17:22:03,122.900000,24.790000,49.00,台湾宜兰县海域,5.6
1986-03-22 17:20:34,122.780000,24.800000,65.00,台湾宜兰县海域,5.2
1986-03-22 17:16:19,122.870000,24.780000,62.00,台湾宜兰县海域,5.0
1986-03-22 17:04:07,122.980000,24.800000,34.00,先岛群岛海域,5.5
1986-03-22 16:54:15,122.920000,24.750000,33.00,台湾宜兰县海域,5.5
1986-03-22 16:47:44,122.820000,24.580000,43.00,台湾宜兰县海域,5.3
1986-03-22 16:32:54,123.000000,24.840000,35.00,先岛群岛海域,5.4
1986-03-22 16:18:01,122.940000,24.730000,32.00,台湾宜兰县海域,5.4
1986-03-22 15:15:19,122.910000,24.770000,60.00,台湾宜兰县海域,5.0
1986-03-22 12:45:32,121.610000,23.490000,43.00,台湾花莲县海域,5.9
1986-03-19 11:00:18,122.860000,24.820000,13.00,台湾宜兰县海域,5.4
1986-03-18 09:22:33,103.000000,26.720000,,云南省巧家县,4.1
1986-03-16 10:39:16,122.930000,24.830000,15.00,台湾宜兰县海域,5.0
1986-03-13 16:41:18,100.190000,26.190000,10.00,云南大理州鹤庆县,5.4
1986-03-06 07:52:07,103.150000,21.900000,,中国境外,4.5
1986-03-02 21:05:28,82.800000,39.800000,,新疆沙雅县,4.0
1986-03-02 08:42:40,89.300000,32.400000,33.00,西藏班戈县,4.2
1986-03-01 23:09:45,82.900000,34.700000,38.00,西藏改则县,4.7
1986-03-01 01:07:26,126.680000,48.640000,10.00,黑龙江黑河市五大连池市,5.3
1986-02-27 15:36:55,122.410000,23.990000,28.00,台湾花莲县海域,5.0
1986-02-27 14:23:13,122.260000,24.080000,42.00,台湾花莲县海域,5.8
1986-02-18 06:07:03,115.180000,37.800000,24.00,河北省辛集市,4.0
1986-02-15 07:08:47,115.230000,37.750000,27.00,河北省宁晋县,4.3
1986-02-12 19:54:14,82.900000,34.700000,38.00,西藏改则县,4.5
1986-02-12 11:08:19,121.300000,24.200000,,台湾海域投县,4.1
1986-02-06 05:59:33,98.370000,29.820000,9.00,西藏昌都市芒康县,5.0
1986-01-28 17:28:22,75.250000,39.880000,18.00,新疆克孜勒苏州乌恰县,5.2
1986-01-28 14:19:19,120.700000,23.200000,20.00,台湾海域雄县,4.2
1986-01-26 05:30:18,84.800000,31.500000,33.00,西藏措勤县,4.5
1986-01-16 21:04:30,121.950000,24.790000,10.00,台湾宜兰县海域,6.4
1986-01-16 18:32:56,122.960000,24.700000,39.00,先岛群岛海域,5.0
1986-01-13 16:42:24,122.940000,24.760000,9.00,台湾宜兰县海域,5.3
1986-01-10 11:46:31,86.600000,28.700000,63.00,西藏定日县,4.6
1986-01-07 22:46:30,92.700000,34.000000,33.00,青海省格尔木市,4.3
1986-01-04 00:31:05,83.900000,36.800000,,新疆且末县,4.0
1985-12-27 22:50:21,77.150000,39.870000,10.00,新疆阿图什,4.1
1985-12-27 02:04:26,92.100000,27.100000,11.00,西藏错那,4.0
1985-12-25 12:47:08,89.650000,32.130000,33.00,西藏班戈,4.7
1985-12-24 22:42:48,122.430000,23.930000,42.00,台湾花莲,4.1
1985-12-20 09:52:55,75.270000,39.420000,15.00,新疆乌恰,4.3
1985-12-19 09:50:26,75.220000,39.420000,15.00,新疆乌恰,4.3
1985-12-19 08:46:54,75.280000,39.380000,20.00,新疆乌恰,4.5
1985-12-17 13:18:34,99.470000,45.280000,15.00,内蒙古额济纳旗西北,4.2
1985-12-08 22:24:29,86.520000,30.720000,14.00,西藏尼玛,4.7
1985-12-08 21:34:57,86.520000,30.870000,16.00,西藏尼玛,4.9
1985-12-06 08:56:58,99.820000,21.550000,10.00,云南孟连东南,4.2
1985-12-05 19:35:03,121.920000,21.980000,124.00,台湾兰屿,4.0
1985-12-02 08:44:02,105.050000,26.480000,15.00,云南贵州水城,4.3
1985-11-28 21:42:54,97.120000,26.270000,17.00,云南泸水西,4.3
1985-11-28 02:09:23,122.650000,24.970000,7.00,台湾基隆东,4.8
1985-11-27 15:23:50,104.580000,43.200000,29.00,内蒙古乌拉特后旗北,4.0
1985-11-26 08:27:04,122.030000,22.570000,28.00,台湾兰屿,4.1
1985-11-24 08:14:57,95.580000,33.700000,32.00,青海治多,4.3
1985-11-23 19:39:55,73.320000,38.500000,108.00,新疆乌兹别里山口西,4.1
1985-11-23 08:47:15,121.180000,38.780000,,辽宁旅顺口,4.0
1985-11-23 06:30:00,122.000000,22.600000,24.00,台湾台东,4.3
1985-11-21 19:42:22,115.830000,40.080000,20.00,北京门头沟,4.2
1985-11-20 18:09:33,122.900000,23.580000,33.00,台湾大港口,4.1
1985-11-19 01:01:51,122.280000,24.020000,25.00,台湾花莲,4.3
1985-11-12 20:10:20,85.370000,45.870000,3.00,新疆托里,4.1
1985-11-12 09:14:20,90.800000,35.900000,33.00,青海可可西里湖,4.1
1985-11-08 12:15:49,90.750000,35.620000,16.00,青海可可西里湖,4.3
1985-11-08 05:16:17,121.170000,24.320000,25.00,台湾花莲,4.2
1985-11-07 13:25:14,121.980000,24.730000,85.00,台湾宜兰,4.2
1985-11-06 16:38:48,118.520000,22.370000,19.00,台湾海峡,4.3
1985-11-04 13:45:46,99.580000,25.850000,14.00,云南云龙,4.1
1985-11-04 07:26:48,76.850000,37.620000,31.00,新疆叶城,4.2
1985-11-02 17:23:18,120.600000,20.600000,35.00,南海,4.7
1985-11-02 08:13:31,122.130000,24.820000,77.00,台湾宜兰,4.1
1985-10-31 23:26:08,92.550000,27.070000,17.00,西藏错那,4.3
1985-10-31 04:18:53,82.900000,31.700000,33.00,西藏改则,4.5
1985-10-26 11:30:39,121.780000,24.520000,5.00,台湾宜兰,4.0
1985-10-25 14:18:53,121.830000,24.430000,12.00,台湾宜兰,4.3
1985-10-17 12:12:13,121.700000,21.970000,9.00,台湾兰屿,4.1
1985-10-14 00:00:31,73.500000,40.100000,,新疆乌恰西北,4.0
1985-10-13 02:22:36,92.560000,27.140000,12.00,西藏山南市错那县,5.0
1985-10-08 01:44:14,88.230000,37.330000,7.00,新疆若羌,4.0
1985-10-05 12:01:58,118.600000,39.730000,10.00,河北滦县,4.2
1985-10-04 07:53:53,75.720000,39.350000,34.00,新疆疏附,4.5
1985-10-04 03:30:22,75.570000,39.320000,29.00,新疆疏附,4.0
1985-09-25 09:47:03,75.330000,39.330000,11.00,新疆乌恰,4.1
1985-09-20 23:01:27,122.130000,24.730000,31.00,台湾宜兰县海域,5.8
1985-09-13 13:33:08,84.030000,29.730000,32.00,西藏仲巴,4.2
1985-09-12 07:04:56,75.350000,39.420000,23.00,新疆疏附,4.0
1985-09-12 05:12:46,75.400000,39.200000,,新疆疏附,4.7
1985-09-12 04:45:50,75.380000,39.360000,26.00,新疆克孜勒苏州乌恰县,6.6
1985-09-11 21:10:02,122.220000,31.050000,10.00,浙江舟山群岛,4.1
1985-09-06 02:30:20,97.710000,25.360000,10.00,云南德宏州盈江县,5.8
1985-09-02 07:34:06,75.280000,39.420000,19.00,新疆疏附,4.0
1985-09-02 03:07:42,102.750000,23.720000,6.00,云南红河州建水县,5.4
1985-08-31 03:15:56,102.880000,25.870000,9.00,云南禄劝,4.5
1985-08-30 07:39:48,75.410000,39.500000,17.00,新疆克孜勒苏州乌恰县,5.0
1985-08-29 22:40:35,122.270000,24.170000,10.00,台湾花莲,4.0
1985-08-29 21:17:32,75.100000,39.600000,10.00,新疆乌恰,4.1
1985-08-29 21:15:05,75.080000,39.350000,11.00,新疆乌恰,4.3
1985-08-28 21:09:09,81.180000,44.330000,34.00,新疆伊宁,4.2
1985-08-28 08:09:58,75.350000,39.480000,7.00,新疆疏附,4.6
1985-08-26 02:42:17,97.730000,25.350000,,云南腾冲西北,4.8
1985-08-25 23:22:37,74.950000,39.630000,13.00,新疆乌恰,4.2
1985-08-25 14:44:56,74.900000,39.700000,14.00,新疆乌恰,4.3
1985-08-25 02:23:41,75.270000,39.220000,10.00,新疆疏附,4.0
1985-08-24 20:26:24,75.270000,39.220000,12.00,新疆疏附,4.0
1985-08-24 12:17:52,75.220000,39.180000,12.00,新疆疏附,4.3
1985-08-24 00:32:55,74.980000,39.380000,13.00,新疆乌恰,4.2
1985-08-24 00:25:27,75.100000,39.570000,10.00,新疆乌恰,4.5
1985-08-23 23:38:23,75.120000,39.530000,11.00,新疆乌恰,4.5
1985-08-23 22:11:39,74.980000,39.770000,11.00,新疆乌恰,4.5
1985-08-23 21:45:27,75.270000,39.620000,7.00,新疆乌恰,4.9
1985-08-23 21:06:15,75.400000,39.300000,,新疆疏附,4.7
1985-08-23 21:01:26,75.300000,39.300000,,新疆乌恰,4.8
1985-08-23 20:53:58,75.400000,39.500000,10.00,新疆疏附,4.3
1985-08-23 20:41:55,75.320000,39.530000,7.00,新疆克孜勒苏州乌恰县,7.1
1985-08-23 16:51:33,75.400000,39.400000,,新疆疏附,4.0
1985-08-23 16:32:54,75.270000,39.430000,9.00,新疆克孜勒苏州乌恰县,5.0
1985-08-23 11:19:55,97.730000,25.400000,,云南腾冲西北,4.7
1985-08-21 21:28:24,73.900000,39.600000,,新疆乌恰西北,4.0
1985-08-21 20:28:29,74.370000,39.880000,22.00,新疆乌恰,4.1
1985-08-20 19:07:33,90.330000,41.630000,32.00,新疆鄯善,4.9
1985-08-19 21:41:15,102.630000,22.070000,,云南绿春南,4.8
1985-08-16 16:12:32,73.500000,38.700000,,帕米尔,4.7
1985-08-16 01:14:17,73.600000,38.400000,33.00,帕米尔,4.7
1985-08-12 08:21:32,121.750000,24.820000,20.00,台湾宜兰,4.5
1985-08-12 00:06:00,95.630000,36.200000,33.00,青海海西州格尔木市,5.2
1985-08-11 01:30:33,118.780000,39.750000,5.00,河北昌黎,4.0
1985-08-05 21:18:20,121.980000,24.480000,9.00,台湾宜兰,4.2
1985-08-05 21:02:35,121.790000,24.170000,20.00,台湾花莲县海域,5.0
1985-08-05 21:00:39,121.880000,24.500000,8.00,台湾宜兰县海域,5.4
1985-08-03 07:27:04,77.500000,40.500000,,新疆阿图什,4.2
1985-08-02 07:09:02,89.900000,47.000000,,新疆富蕴,4.0
1985-08-01 20:13:44,95.160000,29.170000,25.00,西藏林芝市米林县,5.7
1985-07-19 10:38:07,94.820000,30.370000,15.00,西藏波密,4.6
1985-07-16 11:16:51,82.100000,42.100000,,新疆拜城,4.3
1985-07-14 07:10:27,101.820000,37.830000,18.00,甘肃肃南,4.1
1985-07-12 12:51:15,82.400000,31.620000,32.00,西藏革吉,4.0
1985-07-11 01:06:20,121.730000,24.280000,23.00,台湾花莲,4.2
1985-07-06 02:56:02,99.770000,21.970000,,云南孟连南,4.0
1985-06-29 21:32:28,75.500000,39.200000,,新疆疏附,4.5
1985-06-27 12:16:54,104.470000,34.000000,,甘肃宕昌,4.1
1985-06-22 18:32:56,121.420000,22.750000,31.00,台湾台东,4.3
1985-06-21 23:13:36,85.030000,31.950000,20.00,西藏改则,4.7
1985-06-21 10:33:05,113.450000,42.580000,11.00,内蒙古苏尼特右旗,4.5
1985-06-17 12:24:04,82.330000,31.730000,26.00,西藏革吉,4.1
1985-06-17 10:48:31,82.880000,34.700000,27.00,西藏改则,4.3
1985-06-16 05:34:35,83.170000,34.730000,29.00,西藏改则,4.3
1985-06-15 23:17:40,82.950000,34.720000,19.00,西藏阿里地区改则县,5.4
1985-06-13 04:34:10,122.320000,24.530000,9.00,台湾宜兰,4.2
1985-06-13 01:22:51,122.180000,24.660000,20.00,台湾宜兰县海域,6.3
1985-06-12 21:23:12,122.340000,24.590000,20.00,台湾宜兰县海域,5.2
1985-06-03 01:36:22,85.650000,43.750000,,新疆沙湾,4.6
1985-06-02 08:04:41,96.920000,37.230000,,青海德令哈,4.2
1985-05-30 08:40:42,98.270000,30.930000,33.00,西藏贡觉,4.6
1985-05-28 22:15:48,74.000000,37.300000,,新疆塔什库尔干西南,4.7
1985-05-27 06:56:37,90.000000,39.300000,,新疆若羌,4.5
1985-05-26 17:20:02,89.900000,39.300000,,新疆若羌,4.0
1985-05-22 18:51:45,118.530000,39.830000,,河北滦县,4.2
1985-05-20 23:11:40,87.190000,35.530000,32.00,西藏那曲市双湖县,6.3
1985-05-13 07:00:05,122.150000,24.370000,29.00,台湾南澳,4.0
1985-05-02 11:12:34,112.370000,37.420000,21.00,山西祁县,4.1
1985-04-27 09:31:27,73.200000,38.680000,103.00,新疆乌兹别里山口西,4.9
1985-04-22 19:57:00,118.770000,39.720000,12.00,河北昌黎,4.2
1985-04-22 11:31:34,118.770000,39.750000,9.00,河北昌黎,4.6
1985-04-21 21:21:27,87.290000,35.600000,32.00,西藏那曲市双湖县,5.8
1985-04-21 13:33:52,73.000000,39.000000,,新疆乌兹别里山口西,4.0
1985-04-18 13:52:52,102.930000,25.890000,5.00,云南昆明市禄劝县,6.2
1985-04-17 03:14:34,87.280000,35.570000,33.00,西藏尼玛,4.6
1985-04-11 23:20:39,73.980000,38.170000,151.00,新疆慕士塔格山西南,4.8
1985-04-03 18:32:36,120.820000,24.600000,8.00,台湾苗栗,4.1
1985-03-31 04:32:02,93.720000,33.220000,,青海杂多,4.3
1985-03-29 19:15:02,104.830000,29.370000,7.00,四川自贡,4.6
1985-03-10 03:50:59,122.280000,24.790000,9.00,台湾宜兰县海域,5.2
1985-02-28 02:04:30,81.500000,41.900000,,新疆拜城,4.1
1985-02-19 03:41:04,123.170000,23.560000,52.00,先岛群岛海域,5.6
1985-02-16 01:21:23,82.470000,34.380000,33.00,西藏改则,4.8
1985-02-10 17:19:10,74.400000,41.000000,,新疆乌恰北,4.2
1985-02-09 07:40:35,89.800000,49.600000,,新疆阿勒泰东北,4.8
1985-02-06 07:47:41,122.520000,24.230000,55.00,台湾花莲,4.1
1985-02-03 15:40:59,84.530000,42.120000,,新疆轮台,4.0
1985-01-31 06:02:11,85.500000,30.970000,33.00,西藏措勤,4.9
1985-01-26 02:03:23,75.100000,38.700000,,新疆阿克陶,4.2
1985-01-20 11:45:42,121.430000,24.870000,51.00,台湾宜兰,4.8
1985-01-16 16:45:36,95.260000,32.940000,15.00,青海玉树州杂多县,5.2
1985-01-14 05:51:22,122.450000,24.110000,43.00,台湾花莲县海域,5.2
1985-01-08 00:13:05,92.010000,27.170000,10.00,西藏山南市错那县,5.1
1985-01-05 11:56:33,77.600000,36.400000,,新疆叶城,4.5
1985-01-03 11:37:20,120.950000,19.170000,44.00,南海海域,5.0
1984-12-29 09:06:58,122.150000,24.700000,52.00,台湾宜兰县海域,5.5
1984-12-19 13:59:57,88.420000,41.670000,5.00,新疆托克逊,4.2
1984-12-07 18:21:36,102.680000,37.230000,,甘肃天祝,4.7
1984-12-05 15:15:42,96.800000,32.830000,,青海玉树,4.1
1984-12-03 12:17:43,96.550000,27.360000,39.00,西藏林芝市察隅县,5.2
1984-11-30 18:19:23,122.640000,24.380000,68.00,台湾宜兰县海域,5.0
1984-11-27 09:54:20,114.130000,40.500000,14.00,山西天镇,4.0
1984-11-23 17:45:24,106.300000,38.050000,17.00,宁夏银川市灵武市,5.3
1984-11-20 01:08:11,84.020000,42.070000,21.00,新疆轮台,4.2
1984-11-18 09:31:00,82.900000,36.800000,,新疆民丰,4.1
1984-11-13 14:40:32,73.900000,39.600000,5.00,新疆乌恰,4.6
1984-11-05 06:31:36,122.280000,24.010000,31.00,台湾花莲县海域,5.0
1984-10-25 18:15:05,75.500000,36.770000,,新疆明铁盖山口,4.1
1984-10-13 16:27:38,105.480000,42.150000,33.00,内蒙古乌拜尔哈北,4.6
1984-10-03 06:13:33,88.600000,31.000000,,西藏申扎,4.0
1984-09-29 05:38:43,82.400000,34.400000,47.00,西藏改则,4.3
1984-09-10 13:18:28,76.650000,36.570000,,新疆乔戈里峰,4.2
1984-09-04 13:23:29,93.470000,41.150000,,新疆哈密,4.6
1984-08-29 01:22:38,96.100000,35.100000,,青海曲麻莱,4.1
1984-08-21 02:44:00,121.400000,23.100000,,台湾台东,4.0
1984-08-13 00:51:22,120.770000,18.430000,37.00,南海海域,5.5
1984-08-09 09:23:37,73.100000,39.200000,,新疆乌兹别里山口西北,4.1
1984-08-06 16:40:07,88.000000,32.200000,,西藏尼玛,4.7
1984-07-25 17:28:19,77.600000,39.950000,22.00,新疆巴楚,4.2
1984-07-24 04:56:54,121.600000,32.500000,,黄海,4.2
1984-07-06 21:52:06,79.420000,40.720000,23.00,新疆乌什,4.5
1984-07-01 02:12:30,78.600000,40.120000,20.00,新疆巴楚,4.0
1984-07-01 01:00:44,78.570000,40.130000,12.00,新疆巴楚,4.1
1984-06-28 18:19:36,83.400000,34.100000,33.00,西藏改则,4.9
1984-06-24 06:52:55,122.470000,22.280000,6.00,先岛群岛以南海域,5.3
1984-06-20 03:04:32,77.320000,37.020000,44.00,新疆叶城,4.1
1984-06-14 21:55:02,96.500000,37.180000,,青海德令,4.5
1984-06-01 23:47:32,78.950000,40.320000,16.00,新疆巴楚,4.2
1984-05-29 14:31:20,84.700000,36.900000,,新疆且末,4.6
1984-05-22 00:25:46,121.750000,32.550000,,黄海,4.0
1984-05-21 23:39:00,121.600000,32.640000,16.00,黄海海域,6.2
1984-05-21 23:37:50,121.660000,32.600000,16.00,黄海海域,6.1
1984-05-21 02:24:32,121.900000,24.220000,24.00,台湾花莲县海域,5.2
1984-05-18 17:59:46,79.480000,36.650000,54.00,新疆和田,4.7
1984-05-11 11:13:41,73.700000,39.600000,,新疆乌兹别里山口北,4.2
1984-04-30 11:32:51,99.180000,22.000000,,云南孟连南,4.0
1984-04-30 03:51:06,99.220000,22.000000,,云南孟连南,4.0
1984-04-24 11:34:11,99.390000,21.830000,33.00,云南普洱市孟连县,5.2
1984-04-24 06:38:21,99.220000,21.950000,,云南孟连南,4.0
1984-04-24 06:36:03,122.080000,25.010000,20.00,台湾宜兰县海域,5.0
1984-04-24 06:29:56,99.190000,21.970000,2.00,云南普洱市孟连县,6.3
1984-04-23 04:22:38,84.200000,30.600000,,西藏隆格尔,4.0
1984-04-20 01:29:04,122.480000,24.970000,15.00,台湾宜兰县海域,5.5
1984-04-18 09:34:16,122.500000,24.800000,24.00,台湾宜兰县海域,5.2
1984-04-16 17:41:00,122.800000,24.400000,,台湾,4.1
1984-04-15 15:34:16,130.700000,43.300000,560.00,吉林汪清,4.8
1984-04-15 12:56:42,82.200000,31.800000,8.00,西藏革吉,4.5
1984-04-11 16:15:27,80.100000,35.100000,,新疆和田,4.2
1984-04-07 14:28:26,101.270000,22.440000,12.00,云南西双版纳州景洪市,5.1
1984-04-04 10:31:54,100.430000,23.770000,,云南景谷,4.7
1984-03-30 14:15:41,79.000000,40.850000,15.00,新疆乌什,4.3
1984-03-28 17:11:18,122.680000,24.100000,37.00,台湾花莲县海域,6.0
1984-03-19 01:39:20,77.800000,39.900000,35.00,新疆伽师,4.2
1984-03-14 23:32:33,79.580000,34.430000,27.00,西藏日土,4.2
1984-03-11 19:11:10,98.780000,24.480000,,云南龙陵,4.1
1984-03-09 12:58:39,120.440000,19.240000,15.00,南海海域,5.1
1984-03-04 16:23:53,101.630000,22.150000,,云南勐腊,4.2
1984-03-02 16:33:20,75.400000,39.780000,20.00,新疆乌恰,4.1
1984-02-28 02:06:33,121.130000,19.290000,26.00,南海海域,5.5
1984-02-23 20:15:01,121.600000,24.600000,,台湾兰县,4.1
1984-02-21 00:02:29,95.700000,29.000000,22.00,西藏墨脱,4.3
1984-02-19 05:44:17,97.680000,39.480000,,甘肃肃南,4.1
1984-02-17 10:37:26,100.740000,37.740000,28.00,青海海北州祁连县,5.3
1984-02-13 12:48:57,122.460000,25.460000,274.00,台湾新北市海域,5.5
1984-02-12 14:38:48,76.200000,38.380000,43.00,新疆公格尔山,4.3
1984-02-11 18:11:47,82.600000,36.100000,,新疆于田,4.7
1984-02-06 16:12:05,77.800000,40.150000,23.00,新疆巴楚,4.0
1984-01-29 19:43:23,73.100000,38.500000,120.00,内蒙古乌兹别里山口西南,4.2
1984-01-22 04:47:20,96.640000,30.310000,15.00,西藏昌都市八宿县,5.1
1984-01-21 16:38:52,83.500000,47.250000,29.00,新疆塔城东北,4.3
1984-01-20 22:53:53,96.500000,28.300000,,西藏察隅,4.0
1984-01-19 19:12:36,122.360000,24.130000,34.00,台湾花莲县海域,5.1
1984-01-17 20:20:27,105.200000,36.620000,44.00,甘肃白银,4.0
1984-01-16 01:12:26,96.400000,28.600000,23.00,西藏察隅,4.2
1984-01-07 22:03:19,93.150000,44.730000,30.00,新疆巴里坤,4.0
1984-01-07 19:18:23,118.750000,39.720000,21.00,河北滦县,4.8
1984-01-07 06:57:42,92.480000,45.370000,29.00,新疆巴里坤西北,4.6
1984-01-06 07:34:00,102.170000,37.960000,17.00,甘肃武威市天祝县,5.3
1983-12-25 10:52:26,91.200000,37.000000,,青海海西州,4.2
1983-12-17 14:37:42,73.000000,39.300000,,新疆乌兹别里山口西北,4.1
1983-12-16 21:47:30,73.000000,39.400000,,新疆乌兹别里山口西北,4.3
1983-12-08 10:53:42,121.930000,24.290000,9.00,台湾花莲县海域,5.1
1983-12-07 17:03:38,106.820000,24.920000,,广西乐业,4.3
1983-12-05 20:00:11,106.850000,24.900000,,广西乐业,4.6
1983-11-25 13:04:45,75.300000,40.080000,28.00,新疆乌恰,4.1
1983-11-22 00:19:26,96.300000,32.500000,,青海囊廉,4.3
1983-11-14 21:55:10,75.120000,40.330000,3.00,新疆乌恰,4.3
1983-11-07 05:09:44,115.250000,35.170000,15.00,山东菏泽市牡丹区,6.0
1983-11-06 03:48:24,89.990000,33.990000,27.00,青海海西州乌兰县,6.0
1983-10-19 17:34:41,99.700000,22.450000,,云南澜沧,4.3
1983-10-14 06:39:30,81.120000,43.100000,12.00,新疆昭苏,4.0
1983-10-08 15:45:27,130.800000,44.220000,580.00,黑龙江牡丹江市东宁市,6.1
1983-10-05 00:25:17,118.900000,39.850000,19.00,河北卢龙,4.2
1983-10-03 05:03:24,92.500000,28.100000,38.00,西藏错那,4.3
1983-09-25 11:29:42,122.360000,24.070000,14.00,台湾花莲县海域,5.0
1983-09-23 20:29:23,122.240000,24.050000,34.00,台湾花莲县海域,6.2
1983-09-23 04:04:44,122.270000,24.080000,27.00,台湾花莲县海域,5.0
1983-09-22 03:20:44,122.150000,24.190000,28.00,台湾花莲县海域,6.7
1983-09-16 10:15:09,91.000000,32.000000,8.00,西藏安多,4.7
1983-09-10 01:01:37,122.430000,24.100000,22.00,台湾花莲县海域,5.6
1983-09-08 07:11:56,122.340000,24.080000,15.00,台湾花莲县海域,5.6
1983-09-06 17:40:46,77.000000,39.580000,29.00,新疆喀什,4.0
1983-09-01 17:50:17,103.730000,23.450000,,云南蒙自,4.3
1983-08-25 19:05:32,74.090000,39.260000,32.00,新疆克孜勒苏州乌恰县,5.1
1983-08-16 21:34:40,91.000000,31.500000,50.00,西藏安多,4.3
1983-08-16 02:27:39,77.130000,40.220000,26.00,新疆喀什,4.3
1983-08-12 07:52:09,108.100000,32.100000,,四川万源,4.6
1983-08-11 05:45:21,93.100000,34.300000,,青海治多,4.3
1983-08-07 03:49:49,96.300000,32.700000,,青海囊廉,4.0
1983-07-27 08:31:59,99.030000,38.530000,,青海祁连,4.6
1983-07-23 00:21:08,102.000000,21.330000,,云南勐腊南,4.0
1983-07-20 22:07:47,77.780000,40.350000,22.00,新疆阿合奇,4.0
1983-07-15 18:39:00,121.000000,23.100000,,台湾东县,4.5
1983-07-12 05:18:22,77.700000,40.720000,19.00,新疆阿合奇,4.3
1983-07-04 04:24:00,121.700000,24.400000,,台湾宜兰,4.2
1983-07-03 10:49:00,122.200000,21.200000,,台湾兰屿东南,4.5
1983-07-01 05:46:44,80.320000,43.030000,15.00,新疆昭苏,4.0
1983-06-29 07:59:30,83.970000,43.880000,23.00,新疆新源,4.7
1983-06-26 03:40:54,122.590000,24.010000,32.00,台湾花莲县海域,5.3
1983-06-25 22:13:59,122.900000,23.400000,,台湾大港口以东,4.1
1983-06-24 17:35:10,122.540000,24.040000,19.00,台湾花莲县海域,5.0
1983-06-24 17:06:45,122.460000,24.220000,43.00,台湾花莲县海域,6.9
1983-06-21 22:48:08,122.400000,24.210000,43.00,台湾花莲县海域,6.3
1983-06-21 22:31:52,122.440000,24.110000,42.00,台湾花莲县海域,5.4
1983-06-15 14:05:52,92.970000,34.330000,9.00,青海海西州格尔木市,5.6
1983-06-09 14:25:16,90.000000,39.750000,,新疆罗布泊,4.6
1983-06-06 06:16:58,73.600000,39.500000,,新疆乌兹别里山口北,4.5
1983-06-05 18:39:38,75.590000,39.190000,22.00,新疆克孜勒苏州阿克陶县,5.0
1983-06-04 17:34:44,103.420000,27.060000,27.00,云南昭通市鲁甸县,5.0
1983-06-01 05:05:40,79.830000,34.600000,,新疆喀喇昆仑山口,4.6
1983-05-28 11:28:06,101.400000,22.410000,5.00,云南西双版纳州景洪市,5.2
1983-05-27 17:28:09,104.050000,41.420000,,内蒙古阿拉善右旗,4.1
1983-05-26 20:07:13,101.330000,22.390000,9.00,云南西双版纳州景洪市,5.1
1983-05-23 22:30:50,100.680000,23.500000,,云南景谷,4.6
1983-05-22 01:09:46,100.630000,24.870000,,云南南涧,4.2
1983-05-17 00:30:01,87.320000,43.770000,26.00,新疆乌鲁木齐,4.7
1983-05-16 21:18:32,99.830000,39.000000,,甘肃肃南,4.1
1983-05-16 12:01:48,85.300000,43.050000,,新疆和静,4.0
1983-05-10 09:18:51,121.900000,24.400000,,台湾宜兰,4.1
1983-05-10 08:15:03,121.440000,24.520000,9.00,台湾宜兰县,5.9
1983-04-27 02:15:00,121.500000,24.400000,20.00,台湾宜兰,4.5
1983-04-26 23:26:40,122.720000,24.640000,118.00,台湾宜兰县海域,5.7
1983-04-23 02:28:24,88.000000,42.400000,21.00,新疆托克逊,4.3
1983-04-15 01:32:30,120.900000,23.000000,,台湾东县,4.0
1983-04-11 02:42:08,104.180000,38.580000,,内蒙古阿拉善左旗,4.2
1983-04-10 13:38:44,77.880000,40.180000,28.00,新疆巴楚,4.2
1983-04-09 20:47:56,98.800000,21.850000,,云南孟连西南,4.2
1983-04-05 15:07:27,75.720000,40.070000,58.00,新疆乌恰,4.7
1983-04-05 15:02:20,75.200000,40.200000,,新疆乌恰,4.2
1983-04-05 14:50:29,75.230000,40.040000,8.00,新疆克孜勒苏州乌恰县,6.1
1983-04-03 10:16:30,114.780000,40.750000,20.00,河北宣化,4.7
1983-03-31 00:13:33,75.270000,40.100000,30.00,新疆乌恰,4.6
1983-03-30 14:46:20,75.200000,40.070000,15.00,新疆克孜勒苏州乌恰县,5.3
1983-03-27 10:42:44,92.800000,34.400000,,青海治多,4.5
1983-03-25 01:43:51,107.000000,43.850000,,内蒙古乌拉特后旗以北,4.9
1983-03-20 09:56:25,121.930000,40.230000,,辽宁盖县,4.3
1983-03-01 21:22:29,96.300000,28.400000,,西藏察隅,4.5
1983-02-28 04:33:01,78.510000,32.580000,2.00,西藏阿里地区噶尔县,5.2
1983-02-26 10:05:34,121.030000,22.470000,13.00,台湾台东县海域,5.0
1983-02-25 16:37:06,77.820000,36.180000,4.00,新疆喀喇昆仑山口,4.2
1983-02-20 22:14:23,121.200000,23.000000,,台湾台东,4.1
1983-02-19 23:57:20,122.000000,24.000000,,台湾花莲,4.3
1983-02-18 04:27:35,75.450000,40.030000,21.00,新疆乌恰,4.1
1983-02-17 12:24:53,103.830000,25.380000,,云南曲靖,4.0
1983-02-17 08:15:58,84.130000,43.780000,10.00,新疆新源,4.5
1983-02-13 15:23:03,74.730000,40.020000,31.00,新疆乌恰,4.3
1983-02-13 12:18:51,75.400000,40.020000,18.00,新疆乌恰,4.0
1983-02-13 10:38:59,75.300000,40.100000,,新疆乌恰,4.8
1983-02-13 10:06:00,75.200000,40.100000,,新疆乌恰,4.6
1983-02-13 09:52:45,75.380000,39.990000,5.00,新疆克孜勒苏州乌恰县,5.4
1983-02-13 09:40:11,75.070000,39.970000,17.00,新疆克孜勒苏州乌恰县,6.7
1983-02-13 06:58:22,105.900000,23.900000,,云南富宁,4.0
1983-02-12 06:56:43,109.400000,40.500000,15.00,内蒙古达拉特旗,4.6
1983-02-09 19:32:13,109.400000,40.630000,16.00,内蒙古包头,4.7
1983-02-09 13:53:56,120.440000,19.610000,5.00,南海海域,5.8
1983-02-09 13:43:35,120.430000,19.590000,32.00,南海海域,5.7
1983-02-09 11:05:40,120.460000,19.740000,31.00,南海海域,5.2
1983-02-07 13:27:00,122.500000,24.700000,,台湾宜兰,4.0
1983-02-06 08:05:48,114.950000,37.520000,27.00,河北宁晋,4.0
1983-01-28 16:38:43,94.680000,36.870000,,青海格尔木,4.3
1983-01-21 01:47:41,79.680000,39.720000,23.00,新疆巴楚,4.3
1983-01-15 02:22:30,75.800000,35.900000,,新疆乔戈里峰西,4.1
1983-01-14 11:15:05,96.000000,29.000000,,西藏察隅,4.5
1983-01-01 11:46:29,82.330000,35.900000,,新疆于田,4.0
1982-12-31 17:58:04,128.250000,28.850000,45.00,东海海域,5.8
1982-12-30 20:54:22,85.380000,42.580000,15.00,新疆和静,4.1
1982-12-28 16:00:01,99.420000,25.560000,15.00,云南大理州永平县,5.4
1982-12-28 15:30:05,101.140000,22.340000,12.00,云南西双版纳州景洪市,5.3
1982-12-17 10:43:02,122.580000,24.470000,80.00,台湾宜兰县海域,6.2
1982-12-10 02:16:46,116.550000,40.470000,,北京怀柔,4.5
1982-12-08 14:07:46,109.400000,40.630000,20.00,内蒙古包头,4.7
1982-12-07 19:05:38,114.880000,12.220000,33.00,南海海域,5.0
1982-12-04 16:17:09,78.620000,34.580000,,新疆喀喇昆仑山口,4.0
1982-11-30 10:02:36,79.220000,42.120000,7.00,新疆乌什北,4.1
1982-11-22 09:07:57,77.570000,39.950000,24.00,新疆伽师,4.9
1982-11-04 11:08:33,121.400000,23.000000,,台湾台东,4.2
1982-11-01 03:56:15,122.230000,24.890000,15.00,台湾宜兰县海域,5.0
1982-11-01 02:40:50,82.370000,36.640000,20.00,新疆和田地区民丰县,5.5
1982-10-29 09:43:09,121.800000,24.000000,,台湾花莲,4.2
1982-10-27 23:36:32,105.960000,23.800000,15.00,云南文山州富宁县,5.8
1982-10-27 18:30:13,121.550000,20.600000,40.00,巴布延群岛海域,5.0
1982-10-25 22:48:48,82.700000,39.370000,,新疆塔里木盆地,4.5
1982-10-21 04:01:58,121.840000,23.920000,33.00,台湾花莲县海域,6.2
1982-10-19 20:46:02,118.980000,39.880000,,河北卢龙,4.9
1982-10-09 00:31:50,123.400000,26.200000,,东海,4.3
1982-10-08 21:34:57,100.020000,26.450000,25.00,云南大理州洱源县,5.1
1982-10-08 14:02:04,87.570000,43.770000,14.00,新疆乌鲁木齐,4.0
1982-10-03 12:52:08,88.400000,35.200000,33.00,西藏班戈,4.6
1982-09-30 13:44:49,73.900000,38.100000,170.00,新疆乌兹别里山口南,4.6
1982-09-29 23:12:44,91.100000,35.000000,15.00,青海治多,4.3
1982-09-27 20:37:36,73.400000,39.590000,10.00,新疆克孜勒苏州乌恰县,5.0
1982-09-06 07:53:18,122.370000,24.240000,33.00,台湾花莲县海域,5.0
1982-08-24 13:25:33,75.270000,37.280000,,新疆塔什库尔干,4.3
1982-08-12 18:39:58,79.800000,43.050000,,新疆昭苏西,4.6
1982-08-05 04:02:18,79.750000,35.980000,,新疆和田,4.2
1982-08-03 16:03:31,85.570000,28.030000,33.00,西藏聂拉木西南,4.2
1982-07-28 15:07:54,79.770000,36.230000,38.00,新疆和田,4.5
1982-07-10 10:53:02,123.030000,23.750000,33.00,台湾花莲以东,4.5
1982-07-06 00:32:56,86.630000,43.730000,25.00,新疆乌鲁木齐,4.0
1982-07-03 16:13:34,100.140000,26.650000,15.00,云南大理州剑川县,5.4
1982-07-03 14:58:43,99.730000,26.570000,,云南剑川,4.0
1982-06-29 03:27:06,79.480000,36.720000,46.00,新疆和田,4.5
1982-06-20 04:38:29,121.200000,23.200000,,台湾富里,4.0
1982-06-20 04:25:49,121.200000,23.200000,,台湾富里,4.2
1982-06-16 07:24:32,100.030000,31.960000,15.00,四川甘孜州甘孜县,6.0
1982-06-11 05:27:43,82.200000,31.700000,,西藏革吉,4.5
1982-06-08 17:40:50,102.570000,37.670000,44.00,甘肃武威,4.0
1982-06-08 14:46:59,106.400000,43.370000,,内蒙古乌拜尔哈北,4.1
1982-06-07 10:12:01,101.800000,21.850000,,云南勐腊东北,4.0
1982-06-05 00:32:58,86.680000,43.650000,28.00,新疆乌鲁木齐,4.0
1982-05-29 19:27:21,95.500000,29.700000,22.00,西藏墨脱,4.7
1982-05-29 18:28:54,114.570000,36.580000,28.00,河北邯郸,4.3
1982-05-20 00:33:57,78.430000,40.930000,28.00,新疆阿合奇,4.3
1982-05-09 11:10:44,121.300000,23.400000,,台湾莲县,4.0
1982-05-08 07:17:08,93.600000,36.400000,15.00,青海格尔木,4.1
1982-05-06 11:15:51,121.900000,24.800000,70.00,台湾宜兰,4.3
1982-05-03 00:55:40,95.100000,29.900000,38.00,西藏林芝,4.6
1982-04-28 17:59:48,84.050000,43.050000,23.00,新疆新源,4.0
1982-04-26 10:48:28,78.720000,37.280000,29.00,新疆和田,4.1
1982-04-24 10:04:44,92.900000,28.300000,52.00,西藏隆子,4.2
1982-04-23 00:39:35,95.060000,30.050000,33.00,西藏林芝市波密县,5.4
1982-04-22 07:52:28,121.070000,32.820000,30.00,江苏东台,4.6
1982-04-19 22:42:17,120.310000,20.090000,,南海海域,6.4
1982-04-18 02:17:12,120.440000,19.920000,40.00,南海海域,5.0
1982-04-17 22:50:06,120.470000,19.900000,33.00,南海海域,5.0
1982-04-17 17:21:03,120.440000,20.010000,42.00,南海海域,6.6
1982-04-14 14:36:56,105.630000,36.710000,20.00,宁夏中卫市海原县,5.5
1982-04-05 10:19:45,88.930000,27.480000,33.00,西藏日喀则市亚东县,5.2
1982-04-01 03:59:25,94.600000,33.300000,33.00,青海杂多,4.0
1982-03-26 15:51:06,83.670000,42.170000,17.00,新疆库车,4.1
1982-03-24 10:12:08,76.170000,38.950000,33.00,新疆喀什,4.8
1982-03-12 15:49:26,80.280000,37.100000,26.00,新疆和田,4.8
1982-03-11 18:42:57,110.280000,33.200000,25.00,陕西山阳,4.5
1982-03-08 03:41:59,118.670000,39.870000,26.00,河北迁安,4.5
1982-03-07 19:48:45,94.840000,33.440000,25.00,青海玉树州杂多县,5.1
1982-03-05 20:07:11,76.000000,38.100000,,新疆塔什库尔干,4.1
1982-03-04 21:49:23,74.970000,38.080000,30.00,新疆塔什库尔干,4.0
1982-02-23 20:23:54,77.550000,40.530000,23.00,新疆阿合奇,4.3
1982-02-20 17:25:16,102.630000,22.330000,33.00,云南普洱市江城县,5.0
1982-02-18 21:42:08,127.770000,28.890000,44.00,东海海域,5.0
1982-02-18 00:53:55,121.570000,23.860000,36.00,台湾花莲县,5.0
1982-02-09 17:33:37,118.150000,39.630000,26.00,河北唐山,4.2
1982-01-26 17:47:57,114.870000,37.400000,22.00,河北隆尧,4.3
1982-01-26 01:26:17,82.300000,31.600000,33.00,西藏革吉,4.5
1982-01-25 15:50:25,109.380000,18.530000,,海南三亚,4.0
1982-01-25 02:12:48,82.130000,31.530000,,西藏革吉,4.0
1982-01-25 01:27:48,82.200000,31.500000,25.00,西藏革吉,4.1
1982-01-24 11:31:53,82.250000,31.820000,23.00,西藏革吉,4.0
1982-01-24 02:19:46,82.270000,31.580000,45.00,西藏阿里地区普兰县,5.0
1982-01-24 01:48:03,82.180000,31.760000,33.00,西藏阿里地区普兰县,6.0
1982-01-24 01:37:30,82.310000,31.830000,28.00,西藏阿里地区普兰县,6.6
1982-01-23 22:10:41,121.560000,23.990000,17.00,台湾花莲县,6.5
1982-01-22 12:30:01,89.860000,31.090000,33.00,西藏那曲市申扎县,5.7
1982-01-13 23:17:42,112.480000,37.470000,27.00,山西太谷,4.2
1982-01-05 15:50:02,78.670000,40.800000,19.00,新疆阿合奇,4.0
1981-12-24 22:07:38,77.330000,40.170000,26.00,新疆巴楚,4.8
1981-12-23 09:37:16,122.950000,24.720000,127.00,台湾宜兰,4.3
1981-12-23 06:27:26,115.430000,35.600000,19.00,山东鄄城,4.1
1981-12-22 16:19:56,121.200000,24.380000,33.00,台湾苗栗,4.0
1981-12-18 13:46:24,78.430000,40.030000,23.00,新疆巴楚,4.0
1981-12-15 00:02:30,92.900000,32.800000,33.00,青海杂多,4.1
1981-12-14 16:44:51,77.070000,39.980000,29.00,新疆喀什,4.8
1981-12-14 06:40:03,122.850000,24.780000,143.00,台湾宜兰,4.0
1981-12-14 06:20:30,95.080000,30.000000,33.00,西藏波密,4.7
1981-12-13 20:57:18,92.880000,32.820000,54.00,青海杂多,4.2
1981-12-13 19:06:18,92.870000,32.700000,49.00,青海杂多,4.0
1981-12-12 06:11:10,83.620000,44.130000,19.00,新疆精河,4.0
1981-12-09 13:08:02,106.420000,40.030000,16.00,内蒙古阿拉善左旗,4.2
1981-12-06 16:26:42,114.070000,36.870000,,河北沙河,4.1
1981-12-03 07:32:35,75.520000,39.820000,30.00,新疆乌恰,4.2
1981-12-02 22:02:46,78.200000,38.180000,31.00,新疆叶城,4.2
1981-11-28 01:21:45,131.150000,42.920000,540.00,吉林延边州珲春市东部海域,6.2
1981-11-21 12:25:06,89.080000,29.550000,50.00,西藏南木林,4.3
1981-11-09 02:01:03,114.990000,37.400000,20.00,河北邢台市隆尧县,5.8
1981-11-07 18:54:35,103.880000,31.330000,,四川什邡,4.1
1981-10-29 15:29:18,95.370000,33.320000,15.00,青海治多,4.3
1981-10-27 02:34:40,95.030000,30.170000,33.00,西藏波密,4.3
1981-10-26 07:22:10,122.670000,24.170000,29.00,台湾花莲,4.0
1981-10-24 12:17:16,94.980000,29.900000,48.00,西藏波密,4.2
1981-10-24 09:39:28,95.160000,29.920000,33.00,西藏林芝市波密县,5.0
1981-10-24 07:44:49,95.020000,30.030000,33.00,西藏林芝市波密县,5.4
1981-10-20 05:18:28,121.380000,23.120000,22.00,台湾新港,4.2
1981-10-18 09:08:26,122.450000,40.470000,,辽宁盖县,4.2
1981-10-17 17:32:14,88.720000,35.130000,55.00,西藏班戈,4.0
1981-10-17 12:50:28,82.020000,41.900000,32.00,新疆拜城,4.0
1981-10-17 07:01:38,88.800000,35.100000,33.00,西藏班戈,4.1
1981-10-13 21:01:44,125.030000,25.670000,145.00,台湾基隆,4.0
1981-10-11 20:50:18,74.000000,39.500000,,新疆乌兹别里山口,4.0
1981-10-11 07:32:00,101.180000,30.980000,,四川道孚,4.2
1981-10-05 12:28:13,131.520000,42.730000,530.00,吉林珲春东,4.2
1981-10-03 17:01:46,94.880000,30.380000,59.00,西藏波密,4.3
1981-09-29 00:13:53,95.200000,37.000000,,青海格尔木,4.0
1981-09-23 16:53:31,91.630000,30.670000,19.00,西藏当雄,4.2
1981-09-20 20:28:11,81.770000,35.620000,33.00,新疆于田,4.0
1981-09-19 14:51:00,101.460000,23.020000,33.00,云南普洱市宁洱县,6.0
1981-09-18 11:51:26,118.670000,43.730000,,内蒙古巴林右旗,4.0
1981-09-16 04:43:02,125.150000,26.120000,152.00,台湾东北,4.5
1981-09-15 11:31:57,77.700000,35.050000,,新疆喀喇昆仑山口西南,4.2
1981-09-13 07:32:55,121.200000,23.200000,,台湾新港,4.0
1981-09-12 16:29:10,96.250000,42.750000,,新疆哈密,4.1
1981-09-12 16:16:45,96.300000,42.730000,,新疆哈密,4.9
1981-08-31 20:31:45,78.700000,34.900000,,新疆喀喇昆仑山口,4.2
1981-08-31 02:54:54,121.930000,24.500000,20.00,台湾苏澳,4.0
1981-08-25 19:23:59,115.000000,40.550000,25.00,河北宣化,4.2
1981-08-17 02:55:32,96.430000,25.500000,,云南泸水,4.8
1981-08-14 14:09:36,97.810000,25.320000,33.00,云南德宏州盈江县,5.1
1981-08-13 11:01:35,113.410000,40.580000,18.00,内蒙古乌兰察布市丰镇市,5.6
1981-08-12 11:43:11,122.670000,40.680000,9.00,辽宁海城,4.7
1981-08-12 09:06:20,79.020000,37.600000,39.00,新疆和田,4.8
1981-08-03 15:45:48,123.100000,25.070000,165.00,台湾宜兰东北,4.1
1981-08-03 13:07:44,117.950000,39.380000,,天津宁河,4.0
1981-07-31 06:59:17,123.700000,25.500000,205.00,台湾东北,4.0
1981-07-28 11:20:37,88.900000,32.000000,33.00,西藏班戈,4.1
1981-07-25 11:58:41,122.270000,24.900000,125.00,台湾宜兰,4.0
1981-07-24 11:43:26,76.130000,36.750000,,新疆乔戈里峰,4.3
1981-07-07 10:29:09,97.670000,25.420000,25.00,云南德宏州盈江县,5.1
1981-07-07 04:03:49,85.680000,43.980000,20.00,新疆石河子,4.8
1981-06-28 16:01:43,121.850000,21.230000,127.00,台湾兰屿,4.9
1981-06-26 01:04:14,122.700000,24.680000,105.00,台湾宜兰,4.3
1981-06-23 06:14:19,108.700000,20.600000,15.00,南海北部湾,4.7
1981-06-21 12:23:39,122.130000,24.970000,26.00,台湾基隆,4.2
1981-06-19 10:11:44,122.650000,37.420000,18.00,山东荣成,4.0
1981-06-18 06:21:27,105.750000,42.920000,,内蒙古乌拜尔哈北,4.0
1981-06-13 08:56:57,78.470000,31.780000,33.00,西藏札达西,4.8
1981-06-10 21:52:42,88.520000,32.750000,33.00,西藏班戈,4.5
1981-06-10 06:08:18,91.430000,34.450000,15.00,青海海西州格尔木市,6.5
1981-06-09 12:11:45,73.400000,38.400000,110.00,新疆乌兹别里山口西南,4.6
1981-06-01 18:38:22,121.800000,24.600000,15.00,台湾宜兰,4.0
1981-06-01 14:01:45,78.280000,40.950000,25.00,新疆阿合奇,4.3
1981-05-22 19:36:21,101.180000,27.330000,10.00,云南丽江市宁蒗县,5.0
1981-05-15 12:07:57,90.250000,46.000000,,新疆富蕴,4.3
1981-05-15 09:51:16,73.100000,38.500000,90.00,新疆乌兹别里山口西南,4.2
1981-05-14 05:35:36,122.700000,24.050000,25.00,台湾花莲,4.1
1981-05-13 10:07:53,82.510000,32.620000,33.00,西藏阿里地区革吉县,5.4
1981-05-04 19:05:05,114.700000,23.720000,7.00,广东紫金,4.3
1981-04-26 07:06:10,122.020000,48.890000,20.00,内蒙古呼伦贝尔市牙克石市,5.1
1981-04-23 17:47:25,75.700000,39.980000,33.00,新疆乌恰,4.5
1981-04-21 11:22:52,85.920000,42.050000,11.00,新疆库尔勒,4.1
1981-04-19 21:07:36,122.780000,24.930000,20.00,台湾基隆,4.3
1981-04-15 01:01:43,86.500000,35.120000,33.00,西藏玛尼,4.3
1981-04-01 00:17:51,83.170000,43.270000,22.00,新疆新源,4.5
1981-03-31 06:22:41,120.500000,22.900000,,台湾高雄,4.6
1981-03-30 03:21:14,79.270000,38.320000,22.00,新疆塔里木盆地,4.9
1981-03-28 06:41:04,121.300000,23.300000,,台湾新港,4.1
1981-03-12 10:15:46,77.680000,34.950000,,新疆喀喇昆仑山口西南,4.3
1981-03-10 01:22:32,87.650000,43.350000,32.00,新疆乌鲁木齐,4.0
1981-03-04 08:42:09,121.900000,24.980000,145.00,台湾基隆,4.2
1981-03-02 20:13:45,121.380000,22.890000,23.00,台湾台东县海域,6.2
1981-03-01 22:10:27,97.600000,42.500000,,内蒙古额济纳旗,4.3
1981-02-27 10:27:34,121.800000,24.720000,70.00,台湾宜兰,4.2
1981-02-21 04:09:10,121.450000,22.960000,25.00,台湾台东县海域,5.2
1981-02-20 18:12:36,76.970000,40.430000,30.00,新疆阿图什,4.7
1981-02-15 20:46:29,73.800000,39.500000,,新疆乌恰,4.3
1981-02-14 22:40:01,121.730000,24.470000,5.00,台湾苏澳,4.3
1981-02-11 03:26:49,86.580000,43.720000,21.00,新疆呼图壁,4.3
1981-02-10 07:13:07,86.990000,36.310000,33.00,新疆巴音郭楞州且末县,5.3
1981-02-09 08:25:28,122.420000,24.370000,33.00,台湾南澳,4.0
1981-02-09 06:46:02,87.320000,36.530000,33.00,新疆且末,4.5
1981-02-08 10:30:49,88.530000,30.630000,33.00,西藏申扎,4.2
1981-02-08 10:08:32,118.780000,39.700000,,河北昌黎,4.2
1981-02-04 10:34:00,122.270000,24.870000,,台湾宜兰,4.2
1981-01-29 12:51:34,121.790000,24.490000,25.00,台湾宜兰县,6.4
1981-01-26 18:12:01,78.430000,35.630000,25.00,新疆大红柳滩,4.1
1981-01-25 00:13:12,123.020000,36.120000,,黄海,4.0
1981-01-24 22:10:31,121.630000,24.050000,55.00,台湾花莲,4.7
1981-01-24 05:13:48,101.110000,31.010000,12.00,四川甘孜州道孚县,6.9
1981-01-13 21:55:18,104.870000,28.770000,,四川南溪,4.1
1981-01-06 07:05:28,122.620000,24.030000,19.00,台湾花莲,4.0
1981-01-05 05:10:47,82.230000,47.470000,33.00,新疆塔城西北,4.6
1981-01-03 08:11:10,90.120000,38.150000,33.00,青海茫崖,4.3
1981-01-02 09:10:14,121.770000,24.280000,25.00,台湾南澳,4.5
1980-12-27 08:11:34,118.620000,39.820000,,河北滦县,4.0
1980-12-16 06:30:43,90.580000,46.030000,,新疆富蕴,4.5
1980-12-16 06:11:50,90.400000,46.030000,33.00,新疆阿勒泰地区青河县,5.8
1980-12-14 14:17:34,90.530000,46.150000,18.00,新疆富蕴,4.3
1980-12-13 04:37:48,118.870000,39.930000,,河北卢龙,4.2
1980-12-08 01:24:55,124.600000,33.900000,,黄海,4.1
1980-12-07 10:34:55,135.430000,45.480000,97.00,黑龙江虎林东南,4.3
1980-12-06 10:45:29,78.400000,40.060000,33.00,新疆喀什地区巴楚县,5.3
1980-12-02 05:48:25,122.030000,23.670000,10.00,台湾花莲,4.6
1980-11-30 05:42:16,121.600000,23.880000,10.00,台湾花莲,4.0
1980-11-25 17:27:05,85.420000,27.930000,33.00,西藏聂拉木西南,4.0
1980-11-23 00:00:53,121.330000,21.730000,33.00,台湾恒春,4.6
1980-11-20 22:03:29,85.200000,29.450000,33.00,西藏萨嘎,4.5
1980-11-20 03:00:47,88.770000,27.430000,17.00,不丹,6.6
1980-11-19 21:55:59,99.720000,26.200000,,云南洱源,4.7
1980-11-18 21:46:21,85.180000,29.630000,25.00,西藏萨嘎,4.5
1980-11-14 21:37:02,121.790000,24.660000,76.00,台湾宜兰县,5.2
1980-11-07 20:36:49,122.310000,24.080000,15.00,台湾花莲县海域,5.7
1980-11-07 15:52:40,122.420000,24.080000,38.00,台湾花莲,4.0
1980-11-06 09:34:25,86.140000,43.810000,15.00,新疆昌吉州玛纳斯县,5.7
1980-11-05 08:05:02,122.420000,24.080000,43.00,台湾花莲,4.0
1980-11-05 08:00:28,122.420000,24.080000,42.00,台湾花莲,4.3
1980-10-19 22:17:05,93.500000,34.500000,15.00,青海治多,4.8
1980-10-18 17:12:40,121.800000,24.420000,15.00,台湾苏澳,4.2
1980-10-18 08:08:22,121.800000,24.360000,15.00,台湾宜兰县海域,5.6
1980-10-13 15:49:05,109.170000,40.500000,,内蒙古达拉特旗,4.0
1980-10-13 03:53:03,99.880000,22.030000,,云南澜沧,4.5
1980-10-13 00:03:35,81.550000,44.350000,29.00,新疆温泉,4.6
1980-10-09 00:19:58,87.730000,31.570000,33.00,西藏尼玛,4.9
1980-10-08 15:14:43,77.030000,35.030000,30.00,新疆铁隆滩西,4.8
1980-10-08 14:57:01,76.900000,35.150000,20.00,新疆喀什地区叶城县,5.0
1980-10-08 06:49:34,77.750000,40.150000,30.00,新疆巴楚,4.6
1980-10-07 17:48:56,82.200000,36.000000,,新疆于田,4.1
1980-10-07 17:38:44,82.300000,35.900000,,新疆于田,4.3
1980-10-07 17:32:09,82.070000,35.660000,33.00,新疆和田地区于田县,5.8
1980-10-07 06:58:59,82.220000,36.000000,20.00,新疆于田,4.3
1980-10-06 06:45:52,122.900000,24.020000,15.00,台湾花莲,4.0
1980-09-30 21:41:09,120.620000,22.720000,15.00,台湾高雄,4.0
1980-09-25 18:56:51,120.650000,23.590000,20.00,台湾云林县,5.3
1980-09-25 10:26:58,118.670000,39.750000,,河北滦县,4.3
1980-09-25 05:00:13,94.800000,30.400000,15.00,西藏波密,4.0
1980-09-23 04:37:52,78.650000,32.670000,33.00,西藏噶尔西南,4.2
1980-09-21 01:24:14,91.900000,36.900000,,青海海西州,4.2
1980-09-20 22:51:16,94.800000,30.400000,15.00,西藏波密,4.0
1980-09-19 19:02:46,94.900000,30.400000,15.00,西藏波密,4.1
1980-09-14 10:03:32,95.020000,30.750000,15.00,西藏边坝,4.0
1980-09-13 08:37:09,94.900000,30.400000,15.00,西藏波密,4.2
1980-09-09 14:37:13,94.870000,30.350000,15.00,西藏波密,4.3
1980-09-04 14:47:21,79.850000,44.320000,33.00,新疆霍城西,4.6
1980-09-04 11:07:46,94.870000,30.570000,15.00,西藏边坝,4.2
1980-09-03 21:46:16,94.950000,30.300000,15.00,西藏波密,4.2
1980-09-01 07:38:34,77.770000,40.800000,33.00,新疆阿合奇,4.2
1980-08-30 11:27:37,94.300000,30.100000,15.00,西藏波密,4.2
1980-08-30 10:51:03,96.300000,28.700000,15.00,西藏察隅,4.0
1980-08-29 23:49:39,94.800000,30.300000,15.00,西藏波密,4.3
1980-08-28 04:23:50,85.020000,44.200000,33.00,新疆乌苏,4.5
1980-08-26 13:08:07,94.950000,30.430000,15.00,西藏波密,4.2
1980-08-25 11:46:55,94.800000,30.500000,15.00,西藏波密,4.0
1980-08-23 21:25:17,94.900000,30.400000,20.00,西藏波密,4.2
1980-08-22 14:51:36,85.050000,44.200000,30.00,新疆乌苏,4.9
1980-08-20 14:34:15,85.000000,44.200000,30.00,新疆乌苏,4.1
1980-08-19 23:30:12,94.830000,30.470000,25.00,西藏波密,4.3
1980-08-18 08:43:19,75.920000,39.070000,36.00,新疆喀什,4.0
1980-08-18 00:08:50,76.180000,39.550000,39.00,新疆喀什,4.5
1980-08-17 05:21:05,121.670000,24.620000,20.00,台湾宜兰,4.0
1980-08-15 05:45:02,88.630000,33.120000,20.00,西藏那曲市双湖县,5.2
1980-08-11 15:33:28,77.920000,36.120000,46.00,新疆喀喇昆仑山口,4.9
1980-08-10 01:02:01,94.920000,30.150000,,西藏林芝,4.0
1980-08-08 21:54:10,94.930000,30.130000,,西藏林芝,4.2
1980-08-08 04:45:45,94.900000,30.330000,33.00,西藏波密,4.1
1980-08-06 19:35:08,117.850000,39.300000,20.00,天津宁河,4.2
1980-08-06 17:21:05,117.870000,39.320000,20.00,天津汉沽,4.0
1980-08-02 03:10:42,113.950000,36.050000,19.00,河南林县,4.7
1980-08-02 01:42:26,121.620000,23.970000,15.00,台湾化莲,4.3
1980-08-01 03:03:06,74.840000,39.570000,36.00,新疆克孜勒苏州乌恰县,5.3
1980-07-31 09:42:12,91.080000,37.920000,20.00,青海海西州,4.7
1980-07-29 21:38:12,104.680000,38.830000,,内蒙古阿拉善左旗,4.2
1980-07-27 02:27:45,126.450000,26.450000,,东海,4.5
1980-07-24 17:00:09,111.520000,21.720000,15.00,广东阳西,4.0
1980-07-22 20:52:47,89.800000,39.600000,,新疆罗布泊,4.0
1980-07-13 04:39:35,93.780000,36.870000,25.00,青海海西州格尔木市,5.1
1980-07-10 20:01:49,81.400000,43.850000,,新疆察布查尔,4.0
1980-07-09 16:43:12,118.150000,23.430000,5.00,广东南澎列岛,4.1
1980-07-04 21:57:07,75.470000,39.480000,34.00,新疆乌恰,4.3
1980-06-25 10:53:56,88.480000,32.910000,14.00,西藏那曲市双湖县,5.2
1980-06-24 15:35:46,88.580000,32.980000,15.00,西藏那曲市双湖县,6.1
1980-06-24 11:03:37,106.950000,34.970000,23.00,陕西陇县,4.3
1980-06-22 22:38:52,81.750000,30.150000,20.00,西藏普兰以南,4.9
1980-06-18 17:32:14,121.560000,21.870000,15.00,台湾屏东县海域,5.5
1980-06-18 05:45:53,103.870000,23.530000,20.00,云南红河州蒙自市,5.8
1980-06-14 21:01:13,85.780000,42.050000,23.00,新疆库尔勒,4.1
1980-06-07 20:14:42,121.030000,21.120000,39.00,台湾恒春南,4.7
1980-06-04 04:32:11,88.830000,30.950000,33.00,西藏那曲市申扎县,5.6
1980-06-01 14:18:57,95.570000,39.070000,20.00,甘肃酒泉市肃北县,5.6
1980-05-29 23:41:48,122.580000,24.670000,,台湾宜兰,4.7
1980-05-28 13:27:12,122.370000,24.250000,15.00,台湾花莲,4.0
1980-05-25 13:30:59,97.430000,38.730000,15.00,青海天峻,4.3
1980-05-19 19:47:53,107.000000,25.970000,,贵州平塘,4.0
1980-05-16 23:36:03,121.580000,21.830000,32.00,台湾绿岛,4.3
1980-05-14 18:40:21,121.900000,37.580000,18.00,山东威海,4.1
1980-05-14 16:47:06,98.620000,22.420000,,云南西盟西,4.1
1980-05-08 10:37:11,117.620000,23.350000,25.00,广东南澎列岛,4.3
1980-04-24 15:59:36,99.100000,37.770000,25.00,青海天峻,4.7
1980-04-22 13:35:53,122.100000,24.600000,,台湾宜兰,4.0
1980-04-18 03:25:32,99.130000,37.860000,15.00,青海海西州天峻县,5.2
1980-04-14 19:50:28,95.570000,30.270000,33.00,西藏波密,4.3
1980-04-13 13:26:36,95.600000,30.400000,,西藏波密,4.6
1980-04-11 18:48:19,74.000000,38.300000,131.00,新疆塔什库尔干,4.2
1980-04-07 12:34:03,120.730000,21.420000,21.00,台湾恒春,4.2
1980-04-04 07:36:12,121.920000,24.250000,,台湾花莲,4.0
1980-04-03 02:30:08,120.970000,23.000000,25.00,台湾台东,4.0
1980-03-29 03:17:11,122.300000,24.920000,15.00,台湾宜兰,4.0
1980-03-28 21:27:09,122.280000,24.780000,10.00,台湾宜兰,4.1
1980-03-28 02:38:32,119.400000,40.100000,,河北青龙,4.0
1980-03-27 06:24:38,94.320000,28.630000,25.00,西藏墨脱,4.2
1980-03-22 18:08:17,88.350000,43.800000,33.00,新疆乌鲁木齐,4.0
1980-03-21 16:59:46,121.340000,22.980000,33.00,台湾台东县海域,5.5
1980-03-19 08:42:20,75.200000,41.200000,,新疆乌恰北,4.5
1980-03-13 21:24:39,87.830000,34.280000,15.00,西藏那曲市双湖县,5.1
1980-03-09 16:42:08,126.330000,26.530000,,东海,4.6
1980-03-09 16:41:09,126.510000,27.160000,33.00,东海海域,5.6
1980-03-09 07:44:18,126.460000,27.170000,33.00,东海海域,6.7
1980-03-09 05:54:14,112.070000,37.280000,22.00,山西平遥,4.6
1980-03-09 02:26:02,123.370000,24.550000,15.00,台湾东北,4.5
1980-03-08 17:31:52,125.830000,26.570000,120.00,东海,4.6
1980-03-07 06:06:40,126.350000,26.680000,33.00,东海,4.8
1980-03-07 05:00:16,91.880000,36.140000,15.00,青海海西州格尔木市,5.6
1980-03-05 21:57:27,127.030000,26.530000,25.00,东海,4.2
1980-03-05 19:47:14,126.500000,26.950000,25.00,东海海域,5.1
1980-03-05 17:06:06,126.710000,26.720000,25.00,东海海域,5.0
1980-03-04 15:16:44,88.700000,30.900000,15.00,西藏申扎,4.3
1980-03-03 07:28:55,126.640000,26.920000,15.00,东海海域,6.4
1980-03-03 07:20:38,126.650000,27.020000,15.00,东海海域,5.6
1980-03-02 01:29:02,97.150000,28.930000,20.00,西藏察隅,4.2
1980-02-27 14:54:00,90.700000,43.600000,12.00,新疆鄯善,4.1
1980-02-27 08:26:04,82.400000,32.900000,,西藏革吉,4.2
1980-02-22 19:58:39,88.700000,30.700000,15.00,西藏申扎,4.3
1980-02-22 15:05:42,88.800000,30.700000,15.00,西藏申扎,4.5
1980-02-22 11:02:45,88.590000,30.570000,15.00,西藏那曲市申扎县,6.6
1980-02-20 16:10:25,90.300000,33.000000,25.00,西藏安多,4.3
1980-02-15 19:46:21,124.680000,25.820000,167.00,东海,4.8
1980-02-15 17:09:35,78.650000,40.950000,9.00,新疆阿合奇,4.3
1980-02-14 11:49:37,76.900000,36.800000,,新疆叶城,4.7
1980-02-14 09:42:42,122.780000,23.930000,,台湾花莲,4.3
1980-02-14 06:09:34,76.950000,36.390000,108.00,新疆喀什地区叶城县,5.8
1980-02-10 12:46:00,122.220000,48.880000,5.00,内蒙古呼伦贝尔市鄂伦春旗,5.6
1980-02-09 18:50:51,126.330000,27.330000,235.00,东海,4.0
1980-02-09 13:24:40,121.870000,24.930000,60.00,台湾台北,4.2
1980-02-07 13:31:29,117.900000,39.520000,,天津宁河,4.8
1980-02-06 13:32:10,89.460000,39.160000,10.00,新疆巴音郭楞州若羌县,5.0
1980-02-03 15:07:16,80.200000,36.800000,25.00,新疆洛浦,4.0
1980-02-02 20:29:14,101.290000,27.850000,16.00,四川凉山州木里县,5.8
1980-01-27 11:29:26,82.200000,33.800000,33.00,西藏日土,4.7
1980-01-24 20:32:06,121.030000,23.750000,,台湾南投,4.3
1980-01-24 19:24:39,121.080000,25.170000,20.00,台湾桃园,4.1
1980-01-21 21:11:25,84.600000,36.800000,,新疆且末,4.8
1980-01-15 14:24:08,102.680000,27.270000,,四川普格,4.1
1980-01-13 11:59:20,97.900000,29.000000,15.00,西藏左贡,4.7
1980-01-10 11:47:42,126.780000,26.570000,100.00,东海,4.5
1980-01-09 18:29:19,88.100000,32.700000,33.00,西藏尼玛,4.1
1980-01-09 05:58:07,78.820000,37.080000,25.00,新疆和田,4.1
1980-01-08 07:44:25,125.110000,40.260000,10.00,辽宁丹东市宽甸县,5.3
1980-01-06 17:11:43,98.580000,25.870000,,云南泸水,4.3
1980-01-06 12:30:41,103.950000,29.820000,,四川井研,4.1
1980-01-06 06:28:35,121.420000,21.730000,33.00,台湾兰屿,4.2
1980-01-03 03:53:01,96.450000,31.800000,10.00,西藏类乌齐,4.3
1980-01-01 15:47:45,98.570000,25.950000,,云南泸水,4.1
1979-12-25 11:36:37,131.000000,42.900000,510.00,吉林延边州珲春市,5.5
1979-12-23 17:46:32,121.800000,23.000000,36.00,台湾台东县海域,5.0
1979-12-20 15:19:27,101.930000,37.700000,,甘肃肃南,4.6
1979-12-16 08:34:47,122.500000,48.480000,,内蒙古扎兰屯,4.2
1979-12-15 11:15:55,122.500000,48.500000,,内蒙古扎兰屯,4.3
1979-12-09 18:10:41,128.300000,28.800000,35.00,东海海域,5.0
1979-12-06 17:48:55,95.600000,30.100000,10.00,西藏林芝市波密县,5.1
1979-12-04 02:38:08,80.270000,35.530000,,新疆策勒,4.2
1979-12-03 03:09:43,121.400000,23.100000,15.00,台湾台东县海域,5.0
1979-12-02 14:15:53,121.100000,23.100000,,台湾台东,4.1
1979-12-02 13:25:18,121.400000,22.900000,38.00,台湾台东县海域,6.1
1979-12-02 09:37:11,90.300000,38.500000,24.00,青海海西州茫崖市,5.7
1979-11-29 06:25:15,91.420000,36.230000,,青海海西州,4.5
1979-11-29 02:11:31,78.900000,37.100000,,新疆皮山,4.0
1979-11-06 14:38:23,85.750000,32.770000,33.00,西藏改则,4.7
1979-11-06 03:16:12,99.330000,30.570000,,四川甘孜州巴塘县,5.0
1979-11-06 02:47:55,106.230000,38.380000,29.00,宁夏银川,4.1
1979-11-03 10:34:21,84.500000,36.900000,,新疆且末,4.2
1979-10-29 07:20:15,85.880000,37.280000,,新疆且末,4.3
1979-10-16 21:34:34,79.620000,36.730000,,新疆和田,4.0
1979-10-12 00:15:19,124.900000,51.700000,,黑龙江呼玛,4.5
1979-10-08 13:03:11,121.300000,23.950000,,台湾花莲,4.0
1979-10-04 18:36:39,97.900000,32.220000,,西藏生达,4.2
1979-09-29 19:32:46,95.780000,28.950000,50.00,西藏墨脱,4.6
1979-09-28 15:46:47,90.520000,38.300000,15.00,青海海西州,4.6
1979-09-25 19:15:55,100.870000,34.180000,,甘肃玛曲,4.0
1979-09-23 21:11:00,118.220000,39.650000,28.00,河北唐山,4.2
1979-09-18 10:03:46,90.850000,35.850000,,青海治多,4.2
1979-09-16 13:14:12,89.600000,38.050000,,新疆若羌,4.3
1979-09-15 20:17:17,95.450000,32.850000,15.00,青海杂多,4.5
1979-09-14 21:01:25,102.150000,29.580000,,四川泸定,4.0
1979-09-14 04:54:51,120.000000,22.600000,37.00,台湾高雄市海域,5.2
1979-09-06 10:53:04,85.600000,32.800000,25.00,西藏阿里地区改则县,5.4
1979-09-02 11:22:33,118.300000,39.700000,,河北唐山市古冶区,5.0
1979-09-01 18:14:43,94.370000,34.080000,,青海治多,4.2
1979-08-30 02:42:00,118.380000,39.680000,,河北唐山,4.3
1979-08-30 01:23:38,78.100000,35.700000,79.00,新疆皮山,4.0
1979-08-27 05:35:29,121.200000,24.100000,,台湾南投,4.0
1979-08-26 12:58:14,95.400000,32.870000,20.00,青海杂多,4.9
1979-08-26 04:20:15,118.520000,39.730000,,河北滦县,4.5
1979-08-25 01:03:12,108.200000,41.050000,18.00,内蒙古巴彦淖尔市五原县,5.2
1979-08-25 00:59:29,108.100000,41.200000,18.00,内蒙古巴彦淖尔市五原县,6.0
1979-08-21 23:40:48,84.000000,43.820000,,新疆尼勒克,4.1
1979-08-09 01:00:48,98.800000,25.000000,10.00,云南保山市隆阳区,5.0
1979-08-08 17:26:05,119.500000,16.100000,67.00,南海海域,5.2
1979-08-05 21:34:50,73.420000,39.420000,,新疆乌恰西南,4.6
1979-07-31 19:48:02,108.430000,40.900000,23.00,内蒙古乌拉特前旗,4.6
1979-07-30 02:38:47,78.380000,40.050000,,新疆柯坪,4.1
1979-07-29 20:39:47,77.750000,40.930000,,新疆阿合奇,4.0
1979-07-29 09:40:53,78.200000,40.020000,,新疆巴楚,4.2
1979-07-25 20:55:03,105.350000,34.480000,20.00,甘肃天水,4.7
1979-07-20 23:12:32,121.350000,23.550000,,台湾花莲,4.3
1979-07-16 14:00:13,87.700000,34.750000,33.00,西藏班戈,4.6
1979-07-14 14:09:17,116.750000,48.900000,,内蒙古新巴尔虎右旗,4.1
1979-07-11 16:49:38,119.270000,31.430000,7.00,江苏溧阳,4.8
1979-07-10 08:06:08,119.270000,31.430000,9.00,江苏溧阳,4.2
1979-07-09 18:57:23,119.250000,31.450000,12.00,江苏常州市溧阳市,6.0
1979-07-09 18:47:18,88.280000,43.800000,,新疆阜康,4.2
1979-07-08 08:43:14,84.450000,44.180000,,新疆乌苏,4.0
1979-06-30 23:31:24,119.850000,38.400000,,渤海,4.0
1979-06-19 12:15:15,111.870000,37.100000,,山西晋中市介休市,5.2
1979-06-13 23:19:08,83.920000,42.670000,40.00,新疆和静,4.3
1979-06-13 17:11:45,92.180000,32.600000,,西藏聂荣,4.9
1979-06-13 00:26:20,81.200000,35.100000,,西藏日土,4.1
1979-06-12 05:01:50,94.400000,45.300000,,新疆巴里坤东,4.3
1979-06-11 23:46:51,80.870000,34.970000,,西藏日土,4.8
1979-06-09 10:51:01,119.850000,38.450000,,渤海,4.0
1979-06-09 09:21:07,79.600000,36.500000,,新疆和田,4.0
1979-06-02 23:58:00,92.000000,32.650000,,西藏安多,4.6
1979-06-02 15:08:14,84.000000,42.670000,,新疆和静,4.5
1979-05-25 07:39:30,77.800000,36.700000,,新疆皮山,4.7
1979-05-22 06:46:58,110.500000,31.080000,16.00,湖北宜昌市秭归县,5.1
1979-05-22 05:32:00,104.170000,32.670000,,四川平武,4.3
1979-05-21 06:59:13,80.300000,30.000000,23.00,西藏阿里地区普兰县,5.6
1979-05-17 10:23:00,118.770000,39.680000,15.00,河北昌黎,4.3
1979-05-17 10:21:00,118.780000,39.730000,13.00,河北昌黎,4.1
1979-05-13 14:42:32,80.000000,37.000000,,新疆洛浦,4.7
1979-05-13 14:30:17,122.600000,24.200000,,台湾花莲,4.0
1979-05-10 02:41:00,79.170000,42.150000,,新疆乌什北,4.8
1979-04-25 10:23:47,102.720000,27.050000,,四川宁南,4.5
1979-04-25 10:21:53,96.800000,27.400000,50.00,西藏林芝市察隅县,5.0
1979-04-23 19:30:15,87.130000,42.280000,21.00,新疆和硕,4.6
1979-04-20 06:00:38,83.380000,32.930000,15.00,西藏改则,4.7
1979-04-18 01:01:57,73.400000,38.600000,96.00,新疆克孜勒苏州阿克陶县,5.0
1979-04-08 06:28:19,118.270000,39.730000,15.00,河北唐山,4.0
1979-04-03 22:54:26,126.300000,27.300000,62.00,东海海域,5.1
1979-04-01 21:07:26,75.600000,38.800000,,新疆阿克陶,4.5
1979-03-31 23:58:15,89.300000,32.700000,,西藏班戈,4.8
1979-03-29 20:07:59,91.850000,36.820000,,青海海西州,4.1
1979-03-29 15:07:22,97.300000,32.400000,45.00,青海玉树州玉树市,6.2
1979-03-29 10:01:31,83.400000,42.000000,20.00,新疆阿克苏地区库车市,6.0
1979-03-22 05:45:44,122.180000,24.330000,15.00,台湾南澳,4.8
1979-03-18 14:41:23,102.000000,20.900000,33.00,云南西双版纳州勐腊县,5.0
1979-03-18 08:42:36,101.150000,23.130000,,云南普洱,4.3
1979-03-16 22:57:10,101.130000,23.170000,,云南普洱,4.2
1979-03-15 23:26:00,101.070000,23.100000,,云南普洱,4.6
1979-03-15 20:58:13,101.250000,23.120000,,云南普洱,4.5
1979-03-15 20:52:26,101.100000,23.200000,10.00,云南普洱市宁洱县,6.8
1979-03-13 10:22:37,87.370000,43.230000,,新疆托克逊,4.2
1979-03-07 20:54:48,101.020000,27.330000,,云南宁蒗,4.9
1979-03-05 06:11:24,118.570000,39.820000,15.00,河北滦县,4.7
1979-03-02 15:20:13,117.420000,33.180000,11.00,安徽蚌埠市固镇县,4.9
1979-02-27 11:01:32,121.800000,47.600000,,内蒙古扎兰屯,4.5
1979-02-21 10:04:07,111.150000,43.350000,,内蒙古二连浩特西,4.1
1979-02-21 06:21:58,85.470000,42.150000,,新疆和静,4.0
1979-02-13 03:19:42,94.470000,44.970000,,新疆老爷庙北,4.6
1979-02-07 23:15:05,116.800000,49.000000,,内蒙古新巴尔虎右旗,4.0
1979-02-06 22:45:15,116.750000,48.900000,,内蒙古新巴尔虎右旗,4.7
1979-02-05 17:55:29,122.700000,24.300000,,台湾花莲,4.0
1979-02-02 09:08:38,90.780000,39.650000,,新疆若羌,4.8
1979-01-31 23:39:48,99.550000,29.770000,,四川理塘,4.5
1979-01-31 20:36:24,131.200000,42.800000,536.00,吉林延边州珲春市东部海域,5.5
1979-01-29 22:40:04,86.780000,44.030000,,新疆呼图壁,4.1
1979-01-27 12:45:04,81.400000,41.680000,,新疆拜城,4.3
1979-01-25 23:14:48,86.780000,44.030000,,新疆呼图壁,4.0
1979-01-24 16:45:21,88.730000,31.920000,,西藏申扎,4.0
1979-01-22 15:34:51,100.680000,20.320000,,云南勐海南,4.0
1979-01-14 20:38:45,100.650000,22.900000,,云南景谷,4.2
1979-01-13 11:27:09,92.120000,27.070000,,西藏错那,4.3
1979-01-10 07:33:44,102.000000,20.900000,,云南西双版纳州勐腊县,5.3
1979-01-10 07:28:38,102.100000,20.900000,,云南西双版纳州勐腊县,5.1
1979-01-07 11:34:40,99.530000,29.780000,,四川理塘,4.5
1979-01-04 09:30:40,121.650000,23.400000,,台湾绿岛,4.0
1979-01-03 14:38:49,120.500000,22.000000,20.00,台湾屏东县海域,5.0
1979-01-02 04:07:20,77.380000,39.870000,,新疆伽师,4.2
1978-12-27 22:46:37,121.700000,23.500000,,台湾大港口,4.1
1978-12-26 15:49:09,121.600000,22.900000,10.00,台湾台东县海域,5.0
1978-12-25 08:00:56,118.520000,39.730000,9.00,河北滦县,4.0
1978-12-25 00:44:40,122.970000,40.630000,,辽宁海城,4.2
1978-12-24 10:45:16,121.600000,23.500000,,台湾大港口,4.0
1978-12-23 23:03:03,121.600000,23.300000,,台湾台东,4.1
1978-12-23 21:08:36,122.100000,23.300000,,台湾台东县海域,5.0
1978-12-23 20:28:30,121.800000,23.600000,,台湾大港口,4.1
1978-12-23 19:23:12,122.100000,23.400000,33.00,台湾台东县海域,7.0
1978-12-15 11:34:20,74.130000,39.530000,,新疆乌恰,4.8
1978-12-06 15:30:12,118.470000,39.830000,11.00,河北滦县,4.1
1978-12-05 09:31:18,98.500000,24.280000,,云南潞西,4.6
1978-12-02 03:22:44,85.800000,32.800000,33.00,西藏改则,4.8
1978-12-01 02:39:19,118.300000,39.600000,,河北丰南,4.2
1978-11-30 14:49:17,85.700000,32.720000,33.00,西藏改则,4.7
1978-11-30 12:06:08,73.900000,39.600000,61.00,新疆乌恰,4.8
1978-11-30 11:31:00,74.200000,39.500000,74.00,新疆乌恰,4.8
1978-11-30 11:26:25,74.000000,39.600000,49.00,新疆乌恰,4.6
1978-11-26 16:08:21,81.630000,41.680000,,新疆拜城,4.2
1978-11-18 05:44:30,97.200000,37.000000,,青海德令哈,4.3
1978-11-17 07:06:21,101.150000,38.850000,10.00,甘肃山丹,4.1
1978-11-14 23:55:48,82.680000,43.430000,,新疆新源,4.1
1978-11-08 02:02:02,122.100000,24.100000,,台湾花莲,4.3
1978-10-29 02:58:46,121.400000,24.300000,,台湾花莲,4.3
1978-10-27 05:17:59,85.720000,32.580000,33.00,西藏尼玛,4.8
1978-10-20 00:08:29,77.000000,40.000000,,新疆阿图什,4.8
1978-10-17 00:30:26,93.700000,45.100000,37.00,新疆哈密市巴里坤县,5.2
1978-10-15 08:28:31,100.130000,27.080000,,云南丽江,4.2
1978-10-14 09:00:00,88.700000,41.580000,,新疆托克逊,4.6
1978-10-08 22:20:04,74.800000,39.400000,50.00,新疆克孜勒苏州乌恰县,6.0
1978-10-04 21:53:51,85.900000,27.800000,19.00,西藏日喀则市聂拉木县,5.6
1978-10-04 10:57:31,113.580000,39.530000,,山西浑源,4.0
1978-10-03 18:50:25,116.500000,40.170000,10.00,北京顺义,4.0
1978-09-28 21:08:59,115.520000,43.070000,,内蒙古正蓝旗,4.2
1978-09-28 18:22:26,101.900000,22.200000,,云南江城南,4.5
1978-09-28 16:22:56,101.700000,22.000000,,云南江城南,4.3
1978-09-28 01:23:46,74.900000,39.500000,60.00,新疆乌恰,4.0
1978-09-26 13:19:43,99.570000,29.770000,,四川理塘,4.2
1978-09-26 05:49:36,99.580000,29.870000,,四川理塘,4.6
1978-09-14 19:39:57,103.050000,26.330000,,云南东川,4.0
1978-09-13 08:53:33,121.700000,24.200000,,台湾花莲,4.0
1978-09-13 00:39:28,101.200000,22.920000,,云南普洱,4.6
1978-09-12 06:25:38,121.800000,24.200000,22.00,台湾花莲县海域,5.5
1978-09-11 00:34:03,121.800000,24.200000,14.00,台湾花莲县海域,5.8
1978-09-11 00:13:53,121.400000,24.100000,,台湾花莲,4.6
1978-09-11 00:10:55,121.800000,24.300000,24.00,台湾花莲县海域,5.0
1978-09-10 23:50:36,121.800000,24.200000,25.00,台湾花莲县海域,5.3
1978-09-10 07:11:07,101.170000,22.950000,,云南普洱市宁洱县,5.8
1978-09-08 20:19:06,121.600000,24.100000,,台湾花莲,4.0
1978-09-05 23:03:49,121.600000,24.100000,,台湾花莲,4.0
1978-09-05 11:42:33,121.800000,24.000000,23.00,台湾花莲县海域,6.0
1978-09-04 23:29:56,98.800000,24.600000,,云南龙陵,4.3
1978-09-04 04:33:44,83.100000,32.300000,40.00,西藏改则,4.5
1978-09-02 09:57:31,122.000000,24.800000,84.00,台湾宜兰县海域,6.2
1978-09-02 02:45:40,101.000000,27.530000,,四川盐源,4.6
1978-09-01 10:09:18,80.700000,37.450000,,新疆洛浦,4.1
1978-08-31 17:55:35,101.100000,27.550000,,四川盐源,4.5
1978-08-31 11:26:43,101.000000,27.620000,,四川凉山州盐源县,5.6
1978-08-26 12:53:11,121.300000,22.500000,,台湾台东,4.0
1978-08-19 08:00:59,96.000000,44.600000,,新疆伊吾东北,4.3
1978-08-18 12:14:16,104.170000,32.530000,,四川平武,4.2
1978-08-16 22:56:43,101.000000,38.280000,,甘肃民乐,4.7
1978-08-13 11:41:35,121.500000,22.300000,39.00,台湾台东县海域,5.3
1978-08-12 06:53:00,77.820000,40.070000,44.00,新疆巴楚,4.3
1978-08-12 04:30:58,77.100000,40.380000,61.00,新疆阿图什,4.0
1978-08-10 03:36:04,120.700000,25.300000,33.00,台湾新竹县海域,5.2
1978-08-10 02:35:04,121.500000,23.600000,25.00,台湾花莲县,5.7
1978-08-09 18:56:01,94.080000,45.900000,,新疆伊吾东北,4.0
1978-08-08 18:12:29,83.100000,32.300000,3.00,西藏阿里地区改则县,5.3
1978-08-08 11:59:43,82.300000,35.700000,,新疆于田,4.2
1978-08-07 21:27:53,117.950000,39.170000,,天津汉沽,4.0
1978-08-07 20:03:21,117.830000,39.250000,24.00,天津宁河,4.0
1978-08-05 07:27:04,98.620000,25.250000,,云南腾冲,4.3
1978-08-04 16:54:59,120.400000,20.000000,33.00,南海海域,5.0
1978-08-04 08:05:30,119.600000,15.700000,33.00,南海海域,5.0
1978-08-03 00:16:48,81.120000,44.370000,,新疆霍城,4.1
1978-07-31 19:55:41,81.800000,35.400000,40.00,新疆和田地区于田县,5.5
1978-07-31 08:20:40,122.000000,24.300000,16.00,台湾花莲县海域,5.2
1978-07-31 00:45:50,121.500000,24.600000,,台湾宜兰,4.0
1978-07-30 06:33:20,102.050000,22.880000,,云南绿春,4.3
1978-07-29 00:23:22,80.780000,43.130000,,新疆昭苏,4.0
1978-07-26 01:56:28,121.400000,22.400000,,台湾台东县海域,5.3
1978-07-25 07:54:44,121.400000,22.000000,,台湾屏东县海域,5.4
1978-07-24 19:41:54,121.600000,22.200000,38.00,台湾屏东县海域,5.0
1978-07-24 10:37:01,121.400000,21.900000,,台湾屏东县海域,5.2
1978-07-24 09:52:14,78.920000,41.930000,,新疆乌什北,4.0
1978-07-24 00:56:12,121.500000,21.900000,22.00,台湾屏东县海域,5.1
1978-07-24 00:02:47,121.000000,22.800000,,台湾台东,4.1
1978-07-23 23:52:04,121.400000,22.300000,31.00,台湾台东县海域,5.0
1978-07-23 23:14:26,121.000000,22.500000,,台湾台东,4.1
1978-07-23 22:59:43,121.200000,22.500000,,台湾台东,4.2
1978-07-23 22:42:40,121.400000,22.200000,34.00,台湾屏东县海域,7.3
1978-07-19 13:09:28,88.800000,38.000000,,新疆若羌,4.5
1978-07-13 05:49:55,102.950000,31.930000,,四川阿坝州黑水县,5.4
1978-07-10 05:29:33,81.400000,35.100000,,西藏日土,4.1
1978-07-06 14:26:57,121.300000,24.100000,,台湾南投,4.1
1978-07-03 16:46:35,94.000000,32.800000,33.00,青海玉树州杂多县,5.3
1978-07-01 14:13:20,122.200000,25.100000,,台湾基窿,4.0
1978-06-22 21:38:00,117.020000,39.470000,18.00,天津武清,4.2
1978-06-22 01:27:52,79.250000,41.600000,19.00,新疆乌什,4.7
1978-06-17 14:34:23,80.900000,36.200000,,新疆策勒,4.5
1978-06-11 12:29:49,118.550000,39.820000,18.00,河北滦县,4.0
1978-06-11 02:01:07,76.150000,37.780000,,新疆阿克陶,4.0
1978-06-11 01:45:32,86.300000,36.300000,,新疆且末,4.1
1978-06-05 21:25:00,114.130000,35.450000,,河南卫辉,4.5
1978-06-01 13:26:13,113.550000,39.870000,,山西大同,4.5
1978-05-31 02:05:17,101.600000,30.400000,,四川道孚,4.9
1978-05-30 23:09:06,121.800000,24.200000,,台湾花莲县海域,5.2
1978-05-30 11:57:33,104.170000,32.800000,,四川平武,4.7
1978-05-27 21:44:09,121.800000,23.900000,15.00,台湾花莲县海域,5.0
1978-05-22 00:01:35,122.650000,40.700000,12.00,辽宁营口,4.1
1978-05-20 14:01:44,122.480000,40.720000,15.00,辽宁营口市大石桥市,5.2
1978-05-20 09:40:52,100.300000,25.550000,,云南大理,4.9
1978-05-19 20:58:56,100.300000,25.530000,,云南大理州大理市,5.1
1978-05-19 13:33:25,116.570000,40.500000,,北京怀柔,4.0
1978-05-18 21:38:27,122.550000,40.700000,7.00,辽宁营口,4.2
1978-05-18 20:33:31,122.620000,40.720000,13.00,辽宁鞍山市海城市,5.9
1978-05-07 14:34:46,130.750000,46.450000,,黑龙江桦南,4.1
1978-05-06 18:02:48,122.900000,24.800000,37.00,台湾宜兰县海域,5.0
1978-05-05 07:16:53,99.780000,23.430000,,云南双江,4.2
1978-04-30 03:25:24,122.700000,24.600000,38.00,台湾宜兰县海域,6.5
1978-04-25 20:07:07,118.530000,39.800000,11.00,河北滦县,4.2
1978-04-22 23:04:20,85.900000,41.900000,24.00,新疆巴音郭楞州库尔勒市,5.4
1978-04-21 02:08:42,114.180000,40.580000,20.00,山西天镇,4.5
1978-04-20 01:01:46,92.700000,27.700000,51.00,西藏错那,4.5
1978-04-12 03:16:16,121.400000,24.900000,,台湾北,4.1
1978-04-08 18:26:10,121.100000,22.700000,27.00,台湾台东县,5.7
1978-04-04 08:40:29,82.300000,33.000000,17.00,西藏阿里地区革吉县,6.4
1978-04-04 01:40:55,121.800000,23.800000,,台湾,4.0
1978-03-16 20:27:21,118.570000,39.800000,13.00,河北滦县,4.1
1978-03-15 16:07:30,93.900000,45.300000,,新疆巴里坤东南,4.2
1978-03-15 04:32:17,122.600000,24.000000,58.00,台湾花莲县海域,5.6
1978-03-12 16:29:18,80.000000,41.900000,19.00,新疆阿克苏地区温宿县,5.5
1978-03-11 07:11:51,118.600000,39.870000,23.00,河北迁安,4.1
1978-02-23 14:28:36,120.300000,23.600000,,台湾林县,4.1
1978-02-21 20:43:14,101.100000,34.000000,,青海果洛州久治县,5.1
1978-02-11 08:11:21,108.130000,32.800000,27.00,陕西西乡,4.2
1978-02-08 08:15:41,122.600000,24.100000,52.00,台湾花莲县海域,5.8
1978-01-31 15:18:52,121.800000,23.600000,66.00,台湾花莲县海域,5.0
1978-01-22 19:46:57,106.900000,40.900000,30.00,内蒙古杭锦后旗,4.5
1978-01-19 04:37:24,95.420000,38.950000,,青海海西州,4.3
1978-01-11 09:44:59,77.020000,40.450000,,新疆阿图什,4.5
1977-12-31 11:24:39,91.330000,39.120000,,新疆若羌,4.9
1977-12-26 06:33:48,121.600000,24.200000,40.00,台湾花莲县,5.4
1977-12-23 17:09:50,77.480000,39.950000,,新疆巴楚,4.1
1977-12-22 12:45:16,127.900000,29.600000,46.00,东海海域,6.5
1977-12-22 06:27:22,118.800000,39.720000,5.00,河北昌黎,4.3
1977-12-21 03:44:00,118.780000,39.720000,6.00,河北昌黎,4.1
1977-12-21 00:24:00,102.000000,25.600000,,云南武定,4.7
1977-12-21 00:23:38,118.850000,39.720000,,河北昌黎,4.5
1977-12-19 00:47:16,77.300000,39.900000,21.00,新疆喀什地区伽师县,6.2
1977-12-16 18:15:21,97.300000,33.300000,18.00,青海玉树州玉树市,5.3
1977-12-12 10:44:02,121.300000,23.000000,18.00,台湾台东县,5.7
1977-12-08 00:19:32,94.300000,35.700000,16.00,青海格尔木,4.7
1977-12-06 14:19:00,121.400000,23.100000,44.00,台湾台东,4.7
1977-11-27 06:46:49,118.000000,39.400000,16.00,河北唐山市丰南区,5.1
1977-11-22 19:34:06,84.370000,44.320000,,新疆乌苏,4.6
1977-11-19 01:23:23,88.400000,32.600000,30.00,西藏那曲市尼玛县,5.2
1977-11-18 13:20:10,88.400000,32.700000,24.00,西藏那曲市尼玛县,6.6
1977-11-17 02:57:20,123.200000,24.900000,128.00,先岛群岛海域,5.0
1977-11-14 05:02:32,93.000000,26.500000,52.00,西藏山南市错那县,5.1
1977-11-06 03:33:31,112.500000,40.670000,,内蒙古卓资,4.0
1977-11-02 09:02:46,121.900000,24.700000,85.00,台湾,4.5
1977-10-28 21:17:01,121.100000,22.800000,,台湾台东,4.2
1977-10-27 13:29:24,93.250000,31.200000,35.00,西藏比如,4.0
1977-10-26 02:00:34,79.000000,40.920000,,新疆柯坪,4.7
1977-10-20 06:39:33,121.600000,22.600000,143.00,台湾台东县海域,5.5
1977-10-20 01:29:21,91.200000,39.200000,16.00,新疆巴音郭楞州若羌县,5.1
1977-10-19 11:55:00,107.600000,23.400000,16.00,广西平果,4.2
1977-10-19 10:44:47,107.600000,23.400000,16.00,广西百色市平果市,5.0
1977-10-18 02:30:15,120.700000,22.700000,,台湾台东,4.2
1977-10-13 19:46:57,121.700000,23.600000,17.00,台湾大港口,4.3
1977-10-08 07:06:06,128.300000,28.800000,41.00,东海海域,5.2
1977-10-06 08:27:52,117.900000,39.300000,,天津汉沽,4.0
1977-10-03 09:42:46,93.670000,32.200000,66.00,西藏巴青,4.7
1977-10-01 03:17:09,73.370000,39.380000,21.00,新疆乌恰西南,4.7
1977-09-30 05:18:06,102.520000,23.620000,,云南石屏,4.7
1977-09-26 22:38:24,122.570000,40.730000,6.00,辽宁营口,4.0
1977-09-22 05:55:56,89.180000,40.970000,,新疆尉犁,4.3
1977-09-15 10:33:41,117.200000,23.300000,,广东南澎列岛,4.6
1977-09-14 13:55:18,79.630000,37.230000,,新疆墨玉,4.9
1977-09-12 22:29:45,118.520000,39.720000,14.00,河北滦县,4.1
1977-09-04 15:18:47,84.520000,43.400000,,新疆新源,4.1
1977-09-02 13:41:45,126.400000,26.400000,92.00,先岛群岛东北海域,5.6
1977-08-30 17:20:09,121.100000,49.200000,,内蒙古牙克石,4.5
1977-08-14 23:51:54,121.700000,23.700000,18.00,台湾花莲,4.5
1977-08-14 08:03:22,98.080000,28.400000,33.00,西藏察隅,4.5
1977-07-29 17:14:10,75.200000,38.200000,114.00,新疆克孜勒苏州阿克陶县,5.3
1977-07-23 14:57:03,83.500000,42.300000,30.00,新疆阿克苏地区库车市,5.4
1977-07-21 04:51:49,84.800000,42.300000,,新疆轮台,4.1
1977-07-15 10:12:54,122.300000,24.100000,30.00,台湾花莲县海域,5.8
1977-07-15 09:39:33,86.500000,48.400000,,新疆哈巴河,4.1
1977-07-15 04:36:11,118.400000,39.730000,15.00,河北唐山,4.7
1977-07-15 04:32:35,118.470000,39.720000,25.00,河北滦县,4.6
1977-07-10 04:27:49,118.730000,40.020000,,河北迁安,4.6
1977-07-09 22:54:09,127.900000,28.900000,56.00,东海海域,5.2
1977-07-09 16:43:48,115.800000,35.000000,25.00,山东成武,4.1
1977-07-09 06:13:17,127.800000,28.800000,48.00,东海海域,5.5
1977-07-01 20:21:48,118.470000,39.750000,20.00,河北滦县,4.0
1977-06-26 06:02:10,89.800000,42.000000,15.00,新疆鄯善,4.7
1977-06-24 00:53:59,117.500000,39.570000,27.00,天津宝坻,4.1
1977-06-23 01:39:12,103.620000,28.850000,,四川马边,4.2
1977-06-22 01:39:14,103.500000,29.000000,,四川马边,4.1
1977-06-19 11:55:01,103.720000,32.870000,,四川松潘,4.3
1977-06-19 08:19:35,118.050000,39.630000,,河北丰润,4.3
1977-06-18 01:55:52,118.330000,39.780000,,河北滦县,4.3
1977-06-15 11:23:09,83.400000,41.830000,,新疆库车,4.6
1977-06-13 12:25:05,118.000000,39.370000,,河北丰南,4.1
1977-06-12 03:28:22,124.100000,52.600000,,黑龙江塔河,4.2
1977-06-06 02:19:27,85.730000,42.020000,,新疆库尔勒,4.7
1977-06-05 12:37:57,121.300000,41.950000,18.00,辽宁阜新,4.7
1977-05-31 05:20:45,81.800000,44.100000,,新疆伊宁,4.0
1977-05-28 10:44:56,81.800000,45.700000,,新疆托里西,4.1
1977-05-26 11:22:40,118.570000,39.680000,,河北滦县,4.2
1977-05-25 23:12:42,121.300000,24.500000,,台湾新竹,4.2
1977-05-18 01:23:00,118.730000,39.720000,9.00,河北滦县,4.2
1977-05-16 20:53:33,79.550000,40.700000,,新疆柯坪,4.5
1977-05-14 03:48:12,119.000000,39.920000,,河北卢龙,4.0
1977-05-12 19:17:52,117.700000,39.200000,19.00,天津宁河区,6.2
1977-05-12 04:31:30,114.630000,23.730000,8.00,广东河源,4.2
1977-05-10 11:56:27,119.130000,31.580000,9.00,江苏溧水,4.1
1977-05-03 20:26:31,101.100000,27.300000,23.00,四川凉山州盐源县,5.1
1977-04-29 14:00:34,118.350000,39.750000,,河北滦县,4.8
1977-04-27 06:24:45,74.400000,40.700000,,新疆乌恰西北,4.8
1977-04-26 05:17:45,118.750000,39.870000,14.00,河北迁安,4.1
1977-04-25 13:51:37,104.000000,31.650000,,四川茂县,4.0
1977-04-22 22:07:24,126.700000,27.200000,10.00,东海海域,5.1
1977-04-18 04:13:06,98.700000,24.500000,20.00,云南潞西,4.2
1977-04-16 20:20:13,100.820000,27.420000,,云南宁蒗,4.1
1977-04-16 08:23:01,105.400000,41.800000,13.00,内蒙古乌拉特后畦,4.5
1977-04-15 04:32:41,81.200000,35.150000,33.00,西藏日土,4.5
1977-04-11 05:10:35,118.120000,39.580000,14.00,河北唐山,4.1
1977-04-09 19:29:22,77.900000,37.000000,,新疆皮山,4.0
1977-04-04 12:13:35,100.900000,27.580000,,四川盐源,4.8
1977-04-02 15:03:00,118.450000,39.750000,13.00,河北唐山,4.1
1977-03-27 13:36:49,78.700000,32.700000,26.00,西藏阿里地区札达县,5.0
1977-03-24 15:46:38,73.520000,38.120000,,帕米尔,4.0
1977-03-24 07:14:10,118.700000,39.780000,14.00,河北滦县,4.5
1977-03-18 06:41:50,80.800000,46.500000,,新疆托里西,4.0
1977-03-17 07:57:28,99.680000,25.850000,,云南大理州漾濞县,5.2
1977-03-17 07:54:53,99.680000,25.850000,,云南大理州漾濞县,5.4
1977-03-17 06:08:48,104.120000,32.970000,,四川南坪,4.2
1977-03-17 00:37:50,74.200000,38.000000,,帕米尔,4.2
1977-03-16 20:56:52,89.400000,31.300000,33.00,西藏那曲市班戈县,5.2
1977-03-15 09:01:38,89.400000,31.400000,,西藏那曲市班戈县,5.2
1977-03-14 06:16:56,112.500000,40.500000,,内蒙古凉城,4.8
1977-03-13 19:55:27,118.880000,39.950000,,河北卢龙,4.0
1977-03-11 14:58:05,120.800000,19.900000,,南海,4.2
1977-03-10 17:43:38,114.300000,36.300000,15.00,河北磁县,4.0
1977-03-07 08:28:41,118.870000,39.900000,18.00,河北秦皇岛市卢龙县,5.7
1977-03-02 07:09:42,122.750000,40.700000,13.00,辽宁海城,4.1
1977-02-27 17:22:25,75.600000,38.600000,,新疆阿克陶,4.0
1977-02-26 14:11:59,95.120000,37.070000,,青海格尔木,4.2
1977-02-25 14:02:52,101.170000,27.500000,,四川盐源,4.5
1977-02-20 07:43:28,81.200000,34.600000,24.00,西藏阿里地区日土县,5.6
1977-02-19 14:15:23,78.400000,31.900000,,西藏阿里地区噶尔县,5.0
1977-02-18 00:28:27,101.080000,27.430000,,四川盐源,4.6
1977-02-17 03:55:26,73.300000,39.700000,33.00,新疆乌恰西南,4.5
1977-02-13 12:07:14,119.200000,15.700000,33.00,南海海域,5.8
1977-02-13 12:06:47,119.200000,15.700000,26.00,南海海域,5.7
1977-02-09 22:03:38,118.550000,39.780000,15.00,河北滦县,4.3
1977-02-07 08:57:30,101.100000,27.300000,,四川凉山州盐源县,5.1
1977-02-06 13:07:27,120.000000,20.900000,20.00,南海海域,5.3
1977-02-05 16:57:01,111.900000,45.200000,20.00,内蒙古苏尼特左旗西北,4.3
1977-02-05 14:12:59,79.700000,36.200000,,新疆和田,4.1
1977-02-04 01:02:02,117.130000,39.970000,15.00,河北三河,4.0
1977-02-02 13:44:07,112.200000,40.250000,13.00,内蒙古和林格尔,4.5
1977-02-02 05:18:44,73.200000,39.600000,,新疆乌恰西南,4.6
1977-01-31 01:48:51,117.780000,39.300000,16.00,天津宁河,4.0
1977-01-30 18:36:08,73.400000,39.600000,45.00,新疆乌恰西南,4.8
1977-01-24 03:59:28,95.750000,37.030000,,青海都兰,4.1
1977-01-21 12:00:00,122.680000,40.730000,14.00,辽宁海城,4.1
1977-01-21 10:20:08,122.000000,23.800000,46.00,台湾花莲县海域,5.2
1977-01-21 04:10:11,120.100000,21.200000,30.00,台湾屏东县海域,5.0
1977-01-19 10:16:08,95.500000,37.120000,,青海都兰,4.2
1977-01-19 08:46:16,95.800000,37.100000,18.00,青海海西州都兰县,6.3
1977-01-15 15:36:47,118.350000,39.680000,12.00,河北唐山,4.0
1977-01-15 12:23:48,101.230000,27.500000,,四川盐源,4.8
1977-01-15 06:49:00,118.870000,39.880000,5.00,河北卢龙,4.2
1977-01-15 06:46:51,118.770000,39.680000,,河北昌黎,4.9
1977-01-14 20:09:33,82.800000,34.700000,33.00,西藏阿里地区改则县,5.2
1977-01-13 01:43:32,102.220000,28.250000,30.00,四川冕宁,4.8
1977-01-08 05:02:52,98.820000,24.430000,,云南保山市龙陵县,5.2
1977-01-08 03:36:48,120.000000,21.100000,30.00,台湾屏东县海域,5.7
1977-01-07 05:50:08,88.000000,31.300000,25.00,西藏那曲市申扎县,5.0
1977-01-03 13:35:36,118.850000,39.800000,8.00,河北滦县,4.2
1977-01-02 08:53:05,91.200000,38.200000,33.00,青海海西州,4.7
1977-01-02 05:39:41,91.200000,38.200000,16.00,青海海西州茫崖市,6.4
1977-01-01 19:21:38,112.570000,37.680000,13.00,山西太原,4.0
1976-12-31 19:17:21,118.230000,39.630000,8.00,河北唐山,4.2
1976-12-27 17:00:57,118.580000,39.730000,17.00,河北滦县,4.2
1976-12-26 10:22:56,118.700000,39.700000,8.00,河北滦县,4.2
1976-12-22 02:54:05,101.000000,27.380000,,四川盐源,4.0
1976-12-17 18:02:11,94.000000,33.400000,33.00,青海杂多,4.8
1976-12-17 10:40:04,78.820000,41.170000,,新疆乌什,4.6
1976-12-16 16:27:10,73.000000,39.900000,,新疆乌恰西南,4.3
1976-12-16 02:11:34,74.620000,39.570000,,新疆乌恰,4.0
1976-12-15 08:27:17,85.280000,48.330000,,新疆友谊峰东,4.7
1976-12-15 02:35:02,101.100000,27.400000,,四川盐源,4.1
1976-12-14 11:48:51,101.150000,27.470000,,四川盐源,4.3
1976-12-13 20:28:34,101.050000,27.300000,24.00,云南宁蒗,4.2
1976-12-13 19:56:27,101.100000,27.330000,,四川盐源,4.1
1976-12-13 18:45:39,101.150000,27.320000,,四川盐源,4.1
1976-12-13 16:02:29,101.100000,27.300000,,四川盐源,4.3
1976-12-13 15:23:45,101.000000,27.300000,20.00,四川凉山州盐源县,5.0
1976-12-13 14:44:20,101.250000,27.400000,,四川盐源,4.7
1976-12-13 14:36:57,101.000000,27.400000,21.00,四川凉山州盐源县,6.4
1976-12-13 11:48:51,118.480000,39.820000,11.00,河北滦县,4.1
1976-12-11 09:06:24,120.300000,21.000000,,台湾屏东县海域,5.0
1976-12-08 15:49:27,98.930000,24.550000,,云南龙陵,4.7
1976-12-07 00:13:36,95.300000,29.000000,,西藏墨脱,4.0
1976-12-06 13:57:12,77.330000,39.950000,,新疆阿图什,4.0
1976-12-04 19:19:07,122.420000,40.750000,12.00,辽宁营口,4.3
1976-12-01 17:01:41,73.400000,39.600000,,新疆乌恰西南,4.6
1976-11-28 07:46:04,117.950000,39.320000,19.00,天津汉沽,4.6
1976-11-28 07:33:42,118.970000,39.320000,11.00,河北乐亭,4.7
1976-11-27 01:32:50,101.500000,21.400000,,云南勐腊,4.1
1976-11-26 04:52:43,115.750000,43.380000,,内蒙古阿巴嗄旗,4.0
1976-11-25 18:38:01,101.030000,27.500000,,四川盐源,4.1
1976-11-24 07:19:59,101.080000,27.400000,,四川盐源,4.1
1976-11-24 03:46:35,101.130000,27.430000,,四川盐源,4.3
1976-11-23 10:10:57,117.880000,39.370000,12.00,河北丰南,4.6
1976-11-20 09:03:00,101.130000,27.520000,,四川盐源,4.1
1976-11-18 22:20:44,118.830000,39.600000,29.00,河北滦南,4.0
1976-11-18 00:26:33,122.350000,39.920000,15.00,辽宁新金,4.5
1976-11-16 19:19:14,101.070000,27.370000,,四川盐源,4.9
1976-11-15 21:53:01,117.700000,39.400000,17.00,天津宁河区,6.9
1976-11-14 12:06:33,129.100000,29.300000,61.00,东海海域,5.0
1976-11-14 08:58:53,101.220000,27.420000,,四川盐源,4.0
1976-11-13 05:27:11,101.120000,27.500000,9.00,四川盐源,4.7
1976-11-12 21:13:39,118.820000,39.900000,,河北秦皇岛市卢龙县,5.0
1976-11-12 13:02:40,101.220000,27.600000,,四川盐源,4.2
1976-11-11 18:59:10,104.230000,32.650000,,四川平武,4.6
1976-11-11 10:20:09,73.700000,39.500000,48.00,新疆克孜勒苏州乌恰县,5.0
1976-11-10 19:23:20,101.070000,27.400000,20.00,四川盐源,4.1
1976-11-10 18:47:59,101.070000,27.420000,30.00,四川盐源,4.5
1976-11-10 18:45:52,74.580000,38.930000,,新疆阿克陶,4.1
1976-11-10 17:31:23,101.050000,27.370000,10.00,四川盐源,4.3
1976-11-10 06:49:06,73.920000,38.220000,,帕米尔,4.7
1976-11-09 18:01:54,101.070000,27.450000,20.00,四川盐源,4.3
1976-11-09 07:27:40,101.080000,27.520000,,四川盐源,4.5
1976-11-08 22:45:21,101.070000,27.420000,25.00,四川盐源,4.1
1976-11-08 14:48:49,77.470000,39.920000,,新疆伽师,4.2
1976-11-08 14:37:40,118.800000,39.700000,15.00,河北昌黎,4.0
1976-11-08 10:53:35,101.150000,27.430000,15.00,四川盐源,4.1
1976-11-08 08:29:43,101.170000,27.520000,,四川盐源,4.0
1976-11-08 06:04:03,101.070000,27.400000,,四川盐源,4.3
1976-11-07 16:13:54,101.070000,27.430000,,四川盐源,4.5
1976-11-07 09:57:44,101.200000,27.400000,,四川凉山州盐源县,5.1
1976-11-07 09:09:35,101.120000,27.480000,,四川盐源,4.0
1976-11-07 07:28:44,101.100000,27.400000,,四川盐源,4.3
1976-11-07 05:39:41,101.130000,27.380000,,四川盐源,4.1
1976-11-07 05:34:24,101.030000,27.450000,,四川盐源,4.0
1976-11-07 05:08:23,101.050000,27.450000,,四川盐源,4.3
1976-11-07 04:48:20,100.900000,27.400000,,云南宁蒗,4.3
1976-11-07 04:24:27,101.070000,27.420000,,四川盐源,4.5
1976-11-07 03:04:00,101.050000,27.380000,,四川盐源,4.0
1976-11-07 02:55:00,101.050000,27.380000,,四川盐源,4.3
1976-11-07 02:52:00,101.050000,27.380000,,四川盐源,4.7
1976-11-07 02:50:13,101.100000,27.500000,,四川凉山州盐源县,5.6
1976-11-07 02:30:00,101.080000,27.500000,,四川盐源,4.3
1976-11-07 02:04:05,101.100000,27.600000,21.00,四川凉山州盐源县,6.7
1976-11-03 13:41:03,99.200000,25.000000,10.00,云南保山市隆阳区,5.2
1976-11-03 09:41:21,118.750000,39.780000,11.00,河北滦县,4.0
1976-11-03 03:29:32,125.200000,26.700000,236.00,东海海域,6.2
1976-11-02 05:25:43,119.830000,33.170000,18.00,江苏盐城,4.6
1976-11-01 08:30:06,94.000000,45.120000,,新疆巴里坤东,4.0
1976-11-01 03:22:06,124.500000,25.600000,137.00,先岛群岛东北海域,5.1
1976-10-31 02:25:52,117.930000,39.370000,27.00,河北丰南,4.0
1976-10-30 15:47:07,95.670000,37.250000,,青海都兰,4.5
1976-10-29 11:16:24,124.400000,36.600000,,黄海,4.2
1976-10-26 05:51:21,125.500000,25.800000,125.00,先岛群岛东北海域,5.1
1976-10-25 07:38:36,118.870000,39.700000,15.00,河北昌黎,4.5
1976-10-25 01:11:57,118.850000,39.950000,14.00,河北迁安,4.2
1976-10-24 10:38:10,118.350000,39.680000,10.00,河北唐山,4.3
1976-10-24 00:09:21,86.230000,28.630000,80.00,西藏聂拉木,4.1
1976-10-23 17:50:29,112.150000,40.270000,,内蒙古和林格尔,4.2
1976-10-20 18:37:11,73.500000,38.600000,93.00,新疆克孜勒苏州阿克陶县,5.1
1976-10-19 13:01:02,119.020000,39.930000,8.00,河北卢龙,4.0
1976-10-17 22:18:35,112.550000,40.650000,,内蒙古卓资,4.2
1976-10-17 12:59:58,88.320000,41.700000,,新疆和硕,4.5
1976-10-17 07:24:49,94.400000,32.900000,30.00,青海玉树州杂多县,5.1
1976-10-16 15:12:23,100.000000,21.300000,,云南西双版纳州勐海县,5.4
1976-10-16 15:12:00,114.600000,12.900000,,南海,4.6
1976-10-16 00:47:56,125.600000,26.900000,18.00,东海海域,6.1
1976-10-14 22:35:36,112.500000,40.520000,,内蒙古凉城,4.8
1976-10-14 11:19:56,93.600000,45.100000,,新疆巴里坤东,4.7
1976-10-13 20:30:20,118.680000,39.770000,16.00,河北滦县,4.8
1976-10-12 23:19:30,98.700000,24.500000,10.00,云南保山市龙陵县,5.7
1976-10-10 01:13:29,118.430000,39.800000,10.00,河北滦县,4.0
1976-10-09 14:11:35,102.300000,24.100000,,云南玉溪市峨山县,5.3
1976-10-09 01:43:51,118.030000,39.450000,13.00,河北丰南,4.0
1976-10-08 05:49:51,118.420000,39.750000,11.00,河北唐山,4.1
1976-10-07 19:33:50,118.420000,39.750000,19.00,河北唐山,4.6
1976-10-07 18:27:59,121.900000,24.600000,53.00,台湾宜兰,4.3
1976-10-06 09:01:07,124.400000,35.300000,,黄海海域,5.4
1976-10-01 19:27:25,77.500000,36.000000,82.00,新疆喀什地区叶城县,5.1
1976-10-01 04:05:50,118.680000,39.820000,,河北滦县,4.6
1976-09-29 15:47:17,78.400000,31.800000,20.00,西藏阿里地区札达县,5.1
1976-09-29 07:12:58,119.020000,39.870000,,河北卢龙,4.9
1976-09-28 18:43:08,116.630000,39.750000,21.00,北京大兴,4.2
1976-09-27 19:19:43,118.020000,39.400000,,河北丰南,4.2
1976-09-26 10:19:32,122.300000,24.500000,,台湾南澳,4.2
1976-09-25 19:50:25,118.400000,39.720000,7.00,河北唐山市古冶区,5.0
1976-09-24 21:39:34,106.400000,39.980000,31.00,内蒙古阿拉善左旗,4.1
1976-09-24 03:40:07,118.170000,39.580000,,河北唐山,4.2
1976-09-23 09:25:12,106.370000,40.020000,17.00,内蒙古阿拉善左旗,4.5
1976-09-23 04:07:01,106.400000,39.900000,20.00,内蒙古阿拉善盟阿拉善左旗,6.2
1976-09-21 06:45:25,104.200000,32.800000,17.00,四川绵阳市平武县,5.2
1976-09-19 21:56:11,101.070000,22.480000,,云南西双版纳州景洪市,5.2
1976-09-19 10:08:41,118.650000,39.730000,15.00,河北滦县,4.0
1976-09-19 03:14:59,118.800000,39.720000,11.00,河北昌黎,4.7
1976-09-18 00:39:38,85.230000,43.750000,,新疆沙湾,4.8
1976-09-17 18:55:44,119.020000,39.950000,8.00,河北卢龙,4.5
1976-09-15 14:08:42,118.870000,39.700000,20.00,河北昌黎,4.3
1976-09-15 13:52:44,117.920000,39.380000,15.00,河北丰南,4.2
1976-09-14 23:38:30,94.100000,37.680000,,青海海西州,4.7
1976-09-14 14:43:51,89.600000,29.800000,107.00,西藏日喀则市南木林县,5.3
1976-09-14 05:06:55,118.500000,39.720000,14.00,河北滦县,4.0
1976-09-13 13:45:34,118.730000,39.780000,,河北滦县,4.0
1976-09-13 02:39:51,119.030000,39.950000,17.00,河北青龙,4.2
1976-09-12 18:56:49,126.700000,52.500000,,黑龙江塔河西南,4.2
1976-09-10 22:37:26,122.500000,24.000000,,台湾花莲,4.8
1976-09-09 17:39:36,121.900000,24.400000,,台湾宜兰县海域,5.3
1976-09-09 04:13:01,78.800000,32.000000,9.00,西藏阿里地区噶尔县,5.0
1976-09-08 06:48:58,118.750000,39.920000,,河北迁安,4.0
1976-09-07 11:28:33,123.600000,48.200000,12.00,内蒙古阿荣旗,4.6
1976-09-07 04:02:41,119.050000,39.950000,,河北卢龙,4.0
1976-09-07 01:01:59,119.000000,39.970000,15.00,河北卢龙,4.6
1976-09-04 15:24:38,118.030000,39.380000,16.00,河北丰南,4.0
1976-09-04 10:10:12,122.300000,24.900000,,台湾,4.8
1976-09-03 17:57:28,100.200000,28.100000,,四川甘孜州稻城县,5.2
1976-09-02 17:19:41,118.920000,39.920000,11.00,河北卢龙,4.0
1976-09-02 16:49:32,118.950000,40.000000,9.00,河北卢龙,4.6
1976-09-01 10:26:56,118.030000,39.330000,14.00,天津宁河,4.1
1976-09-01 09:06:51,104.100000,32.500000,22.00,四川绵阳市平武县,5.1
1976-08-31 21:04:17,118.900000,39.880000,15.00,河北卢龙,4.1
1976-08-31 11:56:28,118.880000,39.820000,11.00,河北卢龙,4.7
1976-08-31 11:27:20,118.880000,39.880000,10.00,河北秦皇岛市卢龙县,5.3
1976-08-31 11:25:27,118.700000,39.800000,,河北唐山市滦州市,5.6
1976-08-30 00:04:51,122.200000,24.900000,129.00,台湾宜兰县海域,5.0
1976-08-29 07:01:00,78.670000,37.520000,,新疆皮山,4.0
1976-08-28 18:32:24,104.200000,32.570000,,四川平武,4.0
1976-08-28 14:34:03,118.920000,39.970000,15.00,河北卢龙,4.6
1976-08-26 01:31:53,118.170000,39.650000,12.00,河北唐山,4.5
1976-08-25 12:03:04,118.120000,39.430000,13.00,河北丰南,4.2
1976-08-25 07:25:56,123.000000,40.600000,13.00,辽宁海城,4.0
1976-08-24 05:02:07,104.200000,32.620000,,四川平武,4.0
1976-08-24 01:15:48,118.330000,39.650000,16.00,河北唐山,4.1
1976-08-23 23:23:31,118.130000,39.500000,14.00,河北丰南,4.0
1976-08-23 16:58:17,104.180000,32.670000,,四川平武,4.0
1976-08-23 14:43:29,104.080000,32.630000,,四川松潘,4.0
1976-08-23 12:31:05,104.330000,32.330000,,四川平武,4.1
1976-08-23 11:30:06,104.300000,32.500000,23.00,四川绵阳市平武县,7.2
1976-08-22 21:19:49,104.130000,32.580000,,四川松潘,4.1
1976-08-22 06:40:46,104.130000,32.580000,,四川松潘,4.0
1976-08-22 05:49:53,104.400000,32.600000,21.00,四川绵阳市平武县,6.7
1976-08-21 06:05:45,117.830000,39.330000,7.00,天津宁河,4.1
1976-08-20 01:10:45,117.870000,39.280000,,天津汉沽,4.0
1976-08-19 20:49:45,104.300000,32.900000,15.00,四川绵阳市平武县,5.9
1976-08-19 14:12:42,117.480000,39.220000,16.00,天津,4.5
1976-08-18 11:26:08,104.150000,32.800000,,四川松潘,4.1
1976-08-18 01:17:53,117.400000,39.250000,,天津,4.2
1976-08-17 23:15:36,99.100000,24.330000,,云南龙陵,4.0
1976-08-17 05:20:06,117.980000,39.380000,17.00,河北丰南,4.3
1976-08-17 04:11:36,118.930000,39.880000,12.00,河北卢龙,4.0
1976-08-17 03:25:43,118.170000,39.450000,18.00,河北丰南,4.1
1976-08-17 00:42:19,118.120000,39.380000,,河北丰南,4.1
1976-08-17 00:05:16,84.870000,43.320000,,新疆和静,4.2
1976-08-16 23:26:08,104.170000,32.580000,,四川平武,4.3
1976-08-16 23:00:52,104.200000,32.950000,,四川平武,4.1
1976-08-16 22:56:37,104.600000,32.500000,,四川绵阳市平武县,5.0
1976-08-16 22:06:45,104.100000,32.600000,15.00,四川阿坝州松潘县,7.2
1976-08-16 17:58:05,118.480000,39.820000,23.00,河北滦县,4.3
1976-08-16 15:25:24,79.650000,36.120000,,新疆和田,4.5
1976-08-16 06:39:45,118.000000,39.450000,16.00,河北丰南,4.8
1976-08-16 05:27:43,118.970000,39.920000,13.00,河北卢龙,4.3
1976-08-15 22:53:55,118.480000,39.770000,15.00,河北滦县,4.0
1976-08-15 22:33:01,118.070000,39.450000,16.00,河北丰南,4.3
1976-08-15 18:53:22,118.380000,39.700000,,河北唐山,4.1
1976-08-15 18:28:35,118.380000,39.770000,,河北滦县,4.3
1976-08-15 18:21:15,118.330000,39.730000,,河北唐山,4.3
1976-08-15 00:02:42,118.700000,39.850000,12.00,河北滦县,4.6
1976-08-14 15:10:29,118.770000,39.870000,,河北卢龙,4.0
1976-08-14 13:40:45,118.870000,39.880000,10.00,河北卢龙,4.1
1976-08-14 10:32:29,118.350000,39.780000,11.00,河北滦县,4.0
1976-08-12 20:51:19,98.730000,24.850000,,云南龙陵,4.0
1976-08-11 09:36:36,118.500000,39.850000,15.00,河北滦县,4.3
1976-08-10 22:23:35,118.850000,39.920000,,河北卢龙,4.3
1976-08-10 14:08:43,118.830000,39.920000,21.00,河北卢龙,4.0
1976-08-10 13:28:52,118.000000,39.430000,,河北丰南,4.7
1976-08-10 03:53:52,118.380000,39.800000,,河北滦县,4.0
1976-08-09 20:14:35,118.750000,39.780000,13.00,河北滦县,4.2
1976-08-09 15:58:31,118.430000,39.750000,,河北唐山,4.2
1976-08-09 14:13:57,118.070000,39.500000,15.00,河北丰南,4.0
1976-08-09 13:47:33,117.980000,39.450000,,河北丰南,4.6
1976-08-09 10:10:02,118.250000,39.420000,,河北丰南,4.7
1976-08-09 09:28:51,118.470000,39.820000,12.00,河北滦县,4.7
1976-08-09 07:36:08,118.870000,39.970000,8.00,河北卢龙,4.0
1976-08-09 06:41:33,118.820000,39.950000,14.00,河北秦皇岛市卢龙县,5.3
1976-08-08 12:26:05,118.830000,39.880000,8.00,河北卢龙,4.0
1976-08-07 14:45:49,118.600000,39.750000,,河北滦县,4.0
1976-08-07 13:18:05,118.630000,39.750000,5.00,河北滦县,4.2
1976-08-07 05:22:09,118.000000,39.330000,,天津宁河,4.0
1976-08-07 04:40:50,117.830000,39.330000,16.00,天津宁河,4.0
1976-08-07 01:34:06,117.970000,39.320000,,天津宁河,4.0
1976-08-06 21:17:22,118.270000,39.730000,10.00,河北唐山,4.1
1976-08-06 19:49:13,118.200000,39.500000,10.00,河北丰南,4.1
1976-08-06 03:12:42,118.530000,39.720000,14.00,河北滦县,4.1
1976-08-05 23:31:36,118.330000,39.630000,,河北丰南,4.1
1976-08-04 13:04:18,117.920000,39.230000,15.00,天津汉沽,4.5
1976-08-04 09:24:14,118.720000,39.880000,,河北迁安,4.5
1976-08-03 20:21:10,118.120000,39.430000,,河北丰南,4.0
1976-08-03 18:16:52,118.070000,39.630000,10.00,河北唐山,4.6
1976-08-03 15:50:19,77.900000,40.900000,23.00,新疆克孜勒苏州阿合奇县,5.2
1976-08-03 15:40:04,118.800000,40.000000,,河北迁安,4.2
1976-08-03 14:54:11,118.450000,39.750000,18.00,河北唐山,4.0
1976-08-03 13:55:56,118.520000,39.720000,,河北滦县,4.2
1976-08-03 09:43:30,118.550000,39.780000,12.00,河北滦县,4.2
1976-08-02 22:54:15,118.020000,39.420000,28.00,河北丰南,4.0
1976-08-02 18:49:26,118.380000,39.620000,,河北丰南,4.0
1976-08-02 18:26:13,118.900000,39.920000,10.00,河北卢龙,4.1
1976-08-02 17:15:56,118.080000,39.350000,,河北丰南,4.6
1976-08-02 16:38:14,118.670000,39.970000,,河北迁安,4.1
1976-08-02 07:58:19,118.070000,39.380000,18.00,河北丰南,4.1
1976-08-02 04:53:50,118.250000,39.450000,,河北丰南,4.8
1976-08-02 02:02:16,98.600000,24.820000,,云南保山市龙陵县,5.0
1976-08-01 18:48:31,118.150000,39.430000,14.00,河北丰南,4.0
1976-08-01 10:05:20,79.980000,34.120000,,西藏日土,4.6
1976-08-01 06:26:36,118.050000,39.420000,,河北丰南,4.7
1976-08-01 02:01:12,118.270000,39.550000,,河北丰南,4.2
1976-08-01 01:51:27,118.730000,39.970000,,河北迁安,4.1
1976-07-31 23:20:16,118.580000,39.770000,,河北滦县,4.3
1976-07-31 22:42:00,118.750000,39.620000,,河北滦南,4.0
1976-07-31 19:28:12,118.120000,39.350000,,河北丰南,4.1
1976-07-31 15:46:44,79.600000,36.300000,30.00,新疆和田,4.0
1976-07-31 15:42:09,118.450000,39.650000,,河北唐山,4.1
1976-07-31 15:23:27,118.720000,39.720000,17.00,河北滦县,4.5
1976-07-31 07:52:52,117.880000,39.420000,,河北丰南,4.2
1976-07-31 06:26:20,118.500000,39.650000,,河北滦县,4.3
1976-07-31 05:23:15,118.400000,39.700000,,河北唐山市滦州市,5.0
1976-07-31 04:17:20,118.450000,39.550000,,河北滦南,4.1
1976-07-31 04:06:45,118.680000,39.680000,,河北滦县,4.3
1976-07-31 02:50:02,118.730000,39.830000,,河北滦县,4.0
1976-07-31 02:06:18,118.000000,39.350000,,天津宁河,4.1
1976-07-31 01:02:29,118.430000,39.700000,10.00,河北唐山,4.0
1976-07-30 23:41:08,118.030000,39.350000,18.00,天津宁河,4.1
1976-07-30 23:32:00,118.530000,39.730000,,河北滦县,4.0
1976-07-30 19:37:02,118.300000,39.600000,,河北丰南,4.0
1976-07-30 17:23:00,118.850000,39.920000,,河北卢龙,4.7
1976-07-30 14:12:18,118.770000,39.700000,,河北昌黎,4.2
1976-07-30 13:29:41,118.520000,39.780000,,河北滦县,4.3
1976-07-30 11:56:05,118.100000,39.430000,,河北丰南,4.0
1976-07-30 08:45:07,118.050000,39.550000,,河北丰南,4.1
1976-07-30 07:53:05,118.720000,39.870000,29.00,河北迁安,4.3
1976-07-30 04:15:02,118.370000,39.700000,13.00,河北唐山,4.1
1976-07-30 02:34:24,118.750000,39.700000,10.00,河北滦县,4.7
1976-07-29 23:02:57,118.770000,39.780000,13.00,河北滦县,4.1
1976-07-29 22:16:05,118.680000,39.730000,,河北滦县,4.2
1976-07-29 21:59:48,119.280000,39.650000,,河北昌黎,4.1
1976-07-29 21:46:13,118.480000,39.680000,16.00,河北滦县,4.0
1976-07-29 20:47:06,118.420000,39.630000,10.00,河北丰南,4.7
1976-07-29 20:29:31,117.800000,39.380000,,天津宁河,4.6
1976-07-29 19:09:56,118.600000,39.750000,,河北滦县,4.2
1976-07-29 19:05:48,117.820000,39.320000,,天津宁河,4.6
1976-07-29 17:26:55,118.280000,39.730000,11.00,河北唐山,4.1
1976-07-29 15:49:26,118.070000,39.420000,,河北丰南,4.2
1976-07-29 13:43:53,118.200000,39.470000,,河北丰南,4.7
1976-07-29 13:30:39,118.300000,39.700000,,河北唐山,4.8
1976-07-29 13:02:17,118.430000,39.720000,,河北唐山,4.6
1976-07-29 12:55:38,117.930000,39.320000,12.00,天津汉沽,4.5
1976-07-29 12:40:34,118.520000,39.750000,13.00,河北滦县,4.6
1976-07-29 10:44:42,118.480000,39.670000,11.00,河北滦县,4.0
1976-07-29 07:24:42,118.150000,39.600000,,河北唐山,4.7
1976-07-29 07:20:31,118.550000,39.920000,,河北迁安,4.1
1976-07-29 07:08:17,118.130000,39.550000,,河北唐山,4.3
1976-07-29 05:56:00,118.720000,39.920000,,河北迁安,4.0
1976-07-29 03:59:58,118.080000,39.580000,16.00,河北唐山,4.0
1976-07-29 02:57:34,118.680000,39.880000,,河北迁安,4.3
1976-07-29 02:49:29,118.220000,39.630000,9.00,河北唐山,4.3
1976-07-29 00:27:35,118.580000,39.770000,,河北滦县,4.1
1976-07-29 00:23:58,117.830000,39.330000,,天津宁河,4.5
1976-07-29 00:08:43,118.180000,39.520000,,河北丰南,4.0
1976-07-28 23:54:00,118.680000,39.700000,14.00,河北滦县,4.1
1976-07-28 23:41:00,118.700000,39.670000,10.00,河北滦县,4.2
1976-07-28 23:35:58,118.800000,39.700000,24.00,河北唐山市滦州市,5.5
1976-07-28 22:15:49,118.750000,39.770000,15.00,河北滦县,4.1
1976-07-28 22:01:52,98.700000,24.600000,15.00,云南龙陵,4.1
1976-07-28 21:49:46,118.250000,39.480000,,河北丰南,4.3
1976-07-28 21:39:56,118.470000,39.670000,10.00,河北滦县,4.1
1976-07-28 20:40:35,118.480000,39.650000,,河北滦县,4.1
1976-07-28 20:20:31,118.370000,39.620000,,河北丰南,4.5
1976-07-28 20:11:21,118.530000,39.650000,,河北滦县,4.1
1976-07-28 19:49:00,118.570000,39.620000,,河北滦南,4.2
1976-07-28 19:47:00,118.570000,39.620000,,河北滦南,4.8
1976-07-28 19:34:00,118.730000,39.830000,,河北滦县,4.1
1976-07-28 19:20:00,118.370000,39.600000,,河北丰南,4.0
1976-07-28 19:17:00,118.370000,39.600000,,河北丰南,4.0
1976-07-28 19:16:00,118.370000,39.600000,,河北丰南,4.8
1976-07-28 19:09:00,118.500000,39.630000,,河北唐山,4.1
1976-07-28 19:02:00,118.600000,39.680000,,河北滦县,4.5
1976-07-28 18:59:00,118.600000,39.680000,,河北滦县,4.6
1976-07-28 18:58:35,118.600000,39.700000,,河北唐山市滦州市,5.5
1976-07-28 18:54:00,118.650000,39.830000,,河北滦县,4.3
1976-07-28 18:52:00,118.650000,39.830000,,河北滦县,4.6
1976-07-28 18:51:00,118.650000,39.830000,,河北唐山市滦州市,5.0
1976-07-28 18:46:00,118.650000,39.830000,,河北唐山市滦州市,5.1
1976-07-28 18:45:34,118.500000,39.700000,22.00,河北唐山市滦州市,7.1
1976-07-28 18:23:25,118.180000,39.500000,,河北丰南,4.5
1976-07-28 17:56:34,117.900000,39.320000,,天津汉沽,4.3
1976-07-28 17:48:20,118.100000,39.500000,,河北唐山市丰南区,5.0
1976-07-28 17:28:04,118.150000,39.400000,,河北丰南,4.7
1976-07-28 16:51:27,118.200000,39.600000,,河北唐山,4.0
1976-07-28 16:30:43,118.230000,39.630000,,河北唐山,4.0
1976-07-28 15:58:59,118.530000,39.830000,23.00,河北滦县,4.9
1976-07-28 15:14:54,118.200000,39.530000,16.00,河北唐山市路南区,5.0
1976-07-28 14:59:00,118.530000,39.830000,23.00,河北滦县,4.9
1976-07-28 14:36:00,118.450000,39.720000,19.00,河北唐山,4.1
1976-07-28 14:31:37,117.930000,39.550000,,河北丰润,4.0
1976-07-28 14:06:00,118.370000,39.700000,13.00,河北唐山,4.3
1976-07-28 14:01:00,118.220000,39.700000,,河北唐山,4.0
1976-07-28 13:24:56,118.380000,39.670000,,河北唐山,4.0
1976-07-28 13:08:24,118.050000,39.480000,,河北丰南,4.8
1976-07-28 12:29:30,118.380000,39.770000,,河北滦县,4.1
1976-07-28 12:17:45,118.250000,39.570000,8.00,河北唐山,4.2
1976-07-28 12:09:00,118.100000,39.430000,,河北丰南,4.3
1976-07-28 12:06:53,118.100000,39.430000,,河北丰南,4.9
1976-07-28 12:04:00,118.070000,39.680000,28.00,河北丰润,4.0
1976-07-28 11:33:34,118.000000,39.250000,,天津宁河,4.3
1976-07-28 11:19:00,118.270000,39.680000,16.00,河北唐山,4.1
1976-07-28 10:45:00,118.330000,39.770000,,河北滦县,4.5
1976-07-28 10:44:15,117.880000,39.320000,,天津汉沽,4.6
1976-07-28 10:15:49,118.350000,39.670000,,河北唐山,4.2
1976-07-28 09:45:36,117.900000,39.000000,21.00,天津滨海新区海域,5.5
1976-07-28 09:21:37,118.450000,39.620000,11.00,河北唐山市古冶区,5.0
1976-07-28 09:13:44,118.430000,39.730000,,河北唐山,4.6
1976-07-28 08:58:46,117.730000,39.270000,12.00,天津宁河区,5.2
1976-07-28 08:56:00,118.300000,39.650000,17.00,河北唐山,4.2
1976-07-28 08:04:10,118.000000,39.370000,,河北丰南,4.1
1976-07-28 07:59:22,118.270000,39.650000,,河北唐山,4.1
1976-07-28 07:56:03,117.900000,39.430000,,河北丰南,4.2
1976-07-28 07:40:21,118.170000,39.680000,,河北唐山,4.8
1976-07-28 07:36:03,117.780000,39.330000,,天津宁河,4.5
1976-07-28 07:28:19,118.200000,39.620000,,河北唐山,4.1
1976-07-28 07:17:29,117.800000,39.200000,19.00,天津滨海新区,6.2
1976-07-28 07:03:18,117.780000,39.420000,25.00,天津宁河区,5.2
1976-07-28 06:51:00,118.800000,39.350000,,河北乐亭,4.1
1976-07-28 06:39:22,118.450000,39.850000,9.00,河北滦县,4.7
1976-07-28 06:31:28,118.020000,39.280000,,天津宁河,4.7
1976-07-28 05:53:00,118.350000,39.750000,22.00,河北滦县,4.0
1976-07-28 05:44:00,118.750000,39.580000,15.00,河北滦南,4.0
1976-07-28 05:22:00,118.380000,39.830000,,河北滦县,4.1
1976-07-28 05:17:00,118.370000,39.670000,9.00,河北唐山,4.0
1976-07-28 05:13:00,118.150000,39.480000,,河北丰南,4.8
1976-07-28 05:11:05,118.150000,39.480000,,河北丰南,4.9
1976-07-28 05:07:00,118.420000,39.700000,,河北唐山,4.8
1976-07-28 05:04:00,117.800000,39.800000,,河北唐山市玉田县,5.0
1976-07-28 04:56:00,118.180000,39.630000,,河北唐山,4.0
1976-07-28 04:54:00,118.180000,39.630000,,河北唐山,4.1
1976-07-28 04:45:00,118.180000,39.630000,,河北唐山,4.5
1976-07-28 04:39:00,118.180000,39.630000,,河北唐山,4.1
1976-07-28 04:34:40,118.180000,39.630000,,河北唐山,4.7
1976-07-28 04:16:00,118.180000,39.630000,,河北唐山,4.3
1976-07-28 04:13:00,118.180000,39.630000,,河北唐山,4.9
1976-07-28 04:12:00,118.180000,39.630000,,河北唐山,4.3
1976-07-28 04:11:00,118.180000,39.630000,,河北唐山,4.0
1976-07-28 04:08:00,118.180000,39.630000,,河北唐山,4.5
1976-07-28 04:05:00,118.180000,39.630000,,河北唐山,4.0
1976-07-28 04:03:00,118.180000,39.630000,,河北唐山,4.2
1976-07-28 03:42:54,118.000000,39.400000,22.00,河北唐山市路北区,7.8
1976-07-23 23:49:00,98.700000,24.720000,5.00,云南龙陵,4.7
1976-07-23 09:44:00,98.700000,24.900000,,云南保山市腾冲市,5.5
1976-07-22 22:01:57,98.620000,24.580000,,云南龙陵,4.3
1976-07-22 22:00:55,98.620000,24.780000,,云南腾冲,4.3
1976-07-21 23:56:00,98.530000,24.750000,,云南腾冲,4.2
1976-07-21 23:49:22,98.630000,24.700000,5.00,云南腾冲,4.2
1976-07-21 23:30:34,98.600000,24.820000,,云南腾冲,4.7
1976-07-21 23:12:00,98.600000,24.820000,,云南腾冲,4.0
1976-07-21 23:10:47,98.700000,24.800000,16.00,云南保山市腾冲市,6.6
1976-07-16 23:03:44,79.950000,35.570000,,新疆和田,4.9
1976-07-16 06:14:12,98.600000,33.120000,,四川石渠,4.0
1976-07-15 08:06:10,80.200000,35.730000,,新疆策勒,4.8
1976-07-14 23:19:28,80.030000,35.730000,,新疆和田,4.2
1976-07-14 02:49:35,80.130000,35.620000,,新疆策勒,4.5
1976-07-14 02:40:21,80.230000,35.680000,,新疆策勒,4.0
1976-07-13 16:42:39,79.970000,35.850000,,新疆和田,4.5
1976-07-13 15:37:34,79.680000,35.980000,,新疆和田,4.5
1976-07-12 14:18:41,122.200000,23.000000,,台湾台东,4.3
1976-07-10 17:24:00,98.720000,24.550000,5.00,云南潞西,4.0
1976-07-06 10:55:49,78.400000,32.400000,25.00,西藏阿里地区噶尔县,5.1
1976-07-04 00:33:22,98.800000,24.300000,22.00,云南保山市龙陵县,6.0
1976-06-30 13:51:04,78.920000,37.420000,,新疆皮山,4.5
1976-06-26 18:59:51,121.500000,24.000000,,台湾花莲,4.1
1976-06-25 20:08:59,77.800000,40.280000,,新疆阿合奇,4.3
1976-06-21 09:28:04,77.470000,39.870000,,新疆伽师,4.0
1976-06-20 10:33:05,98.630000,24.500000,5.00,云南保山市龙陵县,5.1
1976-06-16 02:16:42,120.200000,18.700000,57.00,南海海域,5.0
1976-06-11 13:08:40,77.420000,39.870000,,新疆伽师,4.7
1976-06-10 06:40:54,120.900000,22.700000,15.00,台湾台东,4.7
1976-06-10 01:40:27,98.780000,24.820000,5.00,云南龙陵,4.8
1976-06-09 08:20:35,98.700000,24.800000,10.00,云南保山市腾冲市,6.2
1976-06-09 07:14:28,98.700000,24.200000,10.00,云南保山市龙陵县,5.0
1976-06-02 18:24:33,122.200000,25.300000,223.00,台湾新北市海域,5.0
1976-06-02 14:37:17,98.850000,24.530000,5.00,云南龙陵,4.5
1976-06-01 22:54:42,98.880000,24.380000,10.00,云南龙陵,4.0
1976-06-01 09:58:36,98.630000,24.250000,,云南潞西,4.1
1976-06-01 02:35:04,98.700000,24.200000,18.00,云南德宏州芒市,6.0
1976-05-31 13:08:29,98.700000,24.300000,17.00,云南德宏州芒市,6.5
1976-05-31 06:31:32,98.800000,24.600000,18.00,云南保山市龙陵县,5.2
1976-05-30 12:18:39,98.800000,24.400000,,云南保山市龙陵县,5.6
1976-05-30 07:31:18,98.770000,24.470000,,云南龙陵,4.7
1976-05-30 03:36:55,98.800000,24.600000,22.00,云南保山市龙陵县,5.7
1976-05-30 01:08:53,98.820000,24.570000,,云南龙陵,4.9
1976-05-29 22:52:50,98.870000,24.420000,,云南龙陵,4.1
1976-05-29 22:31:46,98.700000,24.500000,20.00,云南保山市龙陵县,5.2
1976-05-29 22:00:19,98.700000,24.600000,21.00,云南保山市龙陵县,7.4
1976-05-29 21:55:19,98.800000,24.500000,20.00,云南保山市龙陵县,5.1
1976-05-29 20:23:20,99.000000,24.500000,24.00,云南保山市龙陵县,7.3
1976-05-29 20:23:15,98.650000,24.370000,20.00,云南保山市龙陵县,5.3
1976-05-29 19:58:15,98.900000,24.500000,20.00,云南保山市龙陵县,5.2
1976-05-28 14:09:37,119.100000,17.500000,,南海,4.3
1976-05-27 07:37:37,111.800000,21.700000,,广东阳江,4.3
1976-05-14 05:15:08,122.650000,40.700000,16.00,辽宁营口,4.0
1976-05-07 00:53:07,81.330000,42.020000,,新疆拜城,4.6
1976-05-01 19:35:40,87.170000,38.630000,,新疆若羌,4.5
1976-04-22 09:54:58,116.670000,38.680000,,河北大城,4.3
1976-04-22 03:45:59,121.800000,23.900000,,台湾花莲,4.2
1976-04-22 03:41:18,122.300000,24.000000,,台湾花莲,4.8
1976-04-14 22:00:44,120.600000,23.300000,,台湾嘉义县,5.8
1976-04-11 21:03:37,131.100000,42.800000,542.00,吉林延边州珲春市东部海域,5.0
1976-04-06 00:54:38,112.100000,40.200000,18.00,内蒙古呼和浩特市和林格尔县,6.2
1976-04-03 16:05:19,117.900000,22.600000,,南海,4.0
1976-03-28 16:48:46,81.980000,41.180000,,新疆新和,4.7
1976-03-22 07:10:46,122.100000,24.800000,,台湾兰屿,4.2
1976-03-20 12:34:03,88.530000,41.820000,,新疆托克逊,4.8
1976-03-20 09:06:58,121.800000,24.300000,,台湾花莲县海域,6.0
1976-03-16 14:19:01,77.630000,40.630000,,新疆阿合奇,4.5
1976-03-12 02:51:30,74.300000,36.800000,,新疆喀什地区塔什库尔干县,5.1
1976-03-10 23:50:58,121.300000,24.200000,,台湾南投,4.0
1976-03-09 09:09:27,87.920000,43.630000,,新疆乌鲁木齐,4.1
1976-02-25 05:57:59,81.130000,35.330000,,西藏日土,4.6
1976-02-24 21:55:54,121.900000,24.100000,25.00,台湾花莲县,5.0
1976-02-23 17:02:29,121.700000,23.000000,19.00,台湾台东县海域,6.2
1976-02-19 19:45:27,100.550000,22.820000,,云南思茅,4.2
1976-02-19 17:38:32,100.600000,22.700000,17.00,云南普洱市思茅区,5.5
1976-02-17 08:32:56,100.530000,22.780000,,云南思茅,4.3
1976-02-16 22:45:39,100.700000,22.800000,10.00,云南普洱市思茅区,5.8
1976-02-15 09:52:17,120.200000,19.600000,32.00,南海海域,5.0
1976-02-15 04:25:37,103.150000,31.020000,,四川汶川,4.5
1976-02-15 02:19:56,82.000000,34.700000,21.00,西藏日土,4.6
1976-02-10 19:18:00,101.300000,21.300000,,云南勐腊,4.2
1976-02-10 16:40:57,122.930000,40.630000,6.00,辽宁海城,4.3
1976-02-05 07:27:20,128.400000,27.400000,54.00,东海海域,5.1
1976-01-23 05:45:22,101.070000,21.800000,,云南景洪,4.5
1976-01-23 00:05:19,120.000000,18.900000,45.00,南海海域,5.2
1976-01-18 01:54:19,80.150000,36.320000,,新疆和田,4.0
1976-01-10 20:51:28,83.300000,42.200000,,新疆阿克苏地区库车市,5.8
1976-01-09 17:43:43,122.580000,40.700000,9.00,辽宁营口,4.2
1976-01-04 04:26:16,80.130000,36.300000,,新疆和田,4.0
1976-01-02 21:46:46,73.500000,39.300000,,新疆阿克陶,4.8